region,province,municipality_city,housing_units,strong_ratio,light_ratio,salvage_ratio,total_population,hospital,rural_health_unit,barangay_health_station,municipal_health_office,birthing_home,number_of_evacuation_center,drr_adoption_pct,deaths_per_100k,missing_per_100k,affected_per_100k,housing_resilience_score,health_access_index,evacuation_capacity,population_pressure,disaster_intensity_municipal,vulnerability_index,impact_score,risk_class
BARMM,BASILAN,AKBAR,2560,0.172265625,0.82578125,0,17531,0,1,9,0,1,0,53.7,0.7,0,6892.4,0.58515625,11,0,6.848046875,7.097903924872023,7.220798858972254,6.999304524076321,High
BARMM,BASILAN,AL BARKA,3647,0.13792157938031258,0.8582396490265972,0.0016451878256100905,20905,0,1,4,0,0,0,53.7,0.7,0,6892.4,0.5670414038936111,5,0,5.73210858239649,7.273788089687985,6.14633930439356,5.858717714058356,High
BARMM,BASILAN,LAMITAN,14751,0.337061894108874,0.6529048878042166,0.006508033353670938,74782,2,3,15,0,5,0,53.7,0.7,0,6892.4,0.6635143380109823,25,0,5.069622398481459,8.547877193780684,5.309686583598416,5.181598729791102,High
BARMM,BASILAN,HADJI MOHAMMAD AJUL,2747,0.18565708045140153,0.8077903167091373,0.005096468875136513,19307,0,1,5,0,0,0,53.7,0.7,0,6892.4,0.5895522388059702,6,0,7.028394612304332,7.1943248455787,7.416215502480974,7.183635729259719,High
BARMM,BASILAN,HADJI MUHTAMAD,3921,0.08849783218566692,0.90640142820709,0.004845702626880897,25085,0,1,0,0,1,0,53.7,0.7,0,6892.4,0.5416985462892119,2,0,6.397602652384596,7.455954219168247,6.848867600349986,6.538911021703276,High
BARMM,BASILAN,LANTAWAN,4440,0.15022522522522522,0.8484234234234235,6.756756756756757e-4,24594,0,1,9,0,1,0,53.7,0.7,0,6892.4,0.574436936936937,11,0,5.539189189189189,7.4361982110319635,5.922694315653122,5.661537173926916,High
BARMM,BASILAN,MALUSO,6019,0.12311015118790497,0.8753945838179099,8.30702774547267e-4,40646,0,1,3,0,1,0,53.7,0.7,0,6892.4,0.5608074430968599,5,0,6.752948994849643,7.938363288059545,7.173480135163301,6.9021061498659435,High
BARMM,BASILAN,SUMISIP,7388,0.12452625879805089,0.8669463995668651,0.007579859231185706,41730,0,1,16,0,1,0,53.7,0.7,0,6892.4,0.5579994585814835,18,0,5.648348673524635,7.964673884291865,6.021106771825744,5.773107740907727,High
BARMM,BASILAN,TABUAN LASA,3069,0.03160638644509612,0.9683936135549038,0,24188,0,1,4,0,1,0,53.7,0.7,0,6892.4,0.5158031932225481,6,0,7.88139459107201,7.41956223788126,8.342987050571304,8.055476521153482,High
BARMM,BASILAN,TIPO TIPO,3117,0.16811036252807188,0.8261148540263074,3.208213025344883e-4,19163,0,2,3,0,0,0,53.7,0.7,0,6892.4,0.5811677895412255,5,0,6.147898620468399,7.186844099729653,6.547994262418858,6.283691600432721,High
BARMM,BASILAN,TUBURAN,2985,0.21105527638190955,0.7835845896147404,0,20207,0,1,0,0,1,0,53.7,0.7,0,6892.4,0.6028475711892798,2,0,6.7695142378559465,7.239852758148233,7.159608550775166,6.919037281096911,High
BARMM,BASILAN,UNGKAYA PUKAN,3060,0.2088235294117647,0.784640522875817,0.005555555555555556,18441,0,1,0,0,1,0,53.7,0.7,0,6892.4,0.6011437908496732,2,0,6.026470588235294,7.14846882673387,6.418259543100979,6.159581501469817,High
BARMM,LANAO DEL SUR,BACOLOD KALAWI,2087,0.3933876377575467,0.6008624820316243,4.791566842357451e-4,20841,0,1,5,0,1,0,53.7,0.7,0,6892.4,0.6938188787733588,7,0,9.986104456157163,7.270724054843059,10.265775295703685,10.206674599884298,High
BARMM,LANAO DEL SUR,BALABAGAN,4685,0.4104589114194237,0.5880469583778015,0.0014941302027748132,26819,0,1,3,0,1,0,53.7,0.7,0,6892.4,0.7044823906083244,5,0,5.724439701173959,7.522757381771155,6.001254333385524,5.850879444838642,High
BARMM,LANAO DEL SUR,BALINDONG,3960,0.5457070707070707,0.44116161616161614,0,29180,0,1,6,0,1,0,53.7,0.7,0,6892.4,0.7662878787878787,8,0,7.3686868686868685,7.607086588339506,7.572031293888563,7.531444261105731,High
BARMM,LANAO DEL SUR,BAYANG,2517,0.45212554628526025,0.5391338895510528,0.0011918951132300357,23965,0,1,3,0,0,0,53.7,0.7,0,6892.4,0.7216924910607867,4,0,9.521255462852602,7.4103056057321695,9.784739800017759,9.73155815847575,High
BARMM,LANAO DEL SUR,BINIDAYAN,2749,0.36413241178610406,0.514368861404147,0.014186977082575483,22079,1,1,0,0,0,0,53.7,0.7,0,6892.4,0.6213168424881775,2,0,8.031647871953437,7.328389780522643,8.403281767275997,8.209048552394972,High
BARMM,LANAO DEL SUR,BUADIPOSO BUNTONG,1550,0.5238709677419355,0.47483870967741937,6.451612903225806e-4,16130,0,1,3,0,1,0,53.7,0.7,0,6892.4,0.7612903225806452,5,0,10.406451612903226,7.014685888397409,10.626407505993132,10.636306261232315,High
BARMM,LANAO DEL SUR,BUBONG,2227,0.3991917377638078,0.5990121239335429,8.98069151324652e-4,22336,0,1,2,0,1,0,53.7,0.7,0,6892.4,0.6986977997305792,4,0,10.029636281993714,7.339955021302122,10.316108275430635,10.251167943910813,High
BARMM,LANAO DEL SUR,BUMBARAN,1776,0.34515765765765766,0.6537162162162162,0,10401,0,1,1,0,1,0,53.7,0.7,0,6892.4,0.6720157657657657,3,0,5.856418918918919,6.576401782628214,6.173387641580444,5.985773780801603,High
BARMM,LANAO DEL SUR,BUTIG,2491,0.37374548374146926,0.6258530710558009,0,19302,0,1,2,0,1,0,53.7,0.7,0,6892.4,0.6866720192693697,4,0,7.748695303091128,7.194066033106591,8.047178488090438,7.91984621025461,High
BARMM,LANAO DEL SUR,CALANOGAS,1820,0.1010989010989011,0.889010989010989,0.0032967032967032967,13750,0,1,2,0,1,0,53.7,0.7,0,6892.4,0.5456043956043956,4,0,7.554945054945055,6.855199345696219,7.994461976940599,7.721816463504415,High
BARMM,LANAO DEL SUR,DITSAAN RAMAIN,1976,0.49139676113360325,0.506578947368421,0.0020242914979757085,22299,0,1,3,0,1,0,53.7,0.7,0,6892.4,0.7446862348178138,5,0,11.28491902834008,7.338298206129548,11.521511370424593,11.534177007060235,High
BARMM,LANAO DEL SUR,GANASSI,2390,0.3112970711297071,0.6598326359832636,0.021757322175732216,23016,0,1,0,0,1,0,53.7,0.7,0,6892.4,0.641213389121339,2,0,9.630125523012552,7.369925743945061,9.981867025298293,9.84283290856484,High
BARMM,LANAO DEL SUR,KAPAI,1716,0.21037296037296038,0.7896270396270396,0,18894,0,1,2,0,1,0,53.7,0.7,0,6892.4,0.6051864801864801,4,0,11.01048951048951,7.172717944679319,11.390456099762867,11.253685970580351,High
BARMM,LANAO DEL SUR,KAPATAGAN,2456,0.16164495114006514,0.8375407166123778,0,15521,0,1,3,0,1,0,53.7,0.7,0,6892.4,0.5804153094462541,5,0,6.319625407166124,6.97623419935217,6.720452468221517,6.45921143798326,High
BARMM,LANAO DEL SUR,LUMBA BAYABAO,3336,0.39928057553956836,0.5983213429256595,0,36151,0,1,2,0,1,0,53.7,0.7,0,6892.4,0.6984412470023982,4,0,10.836630695443645,7.82121183075949,11.123407367289692,11.075987013065394,High
BARMM,LANAO DEL SUR,LUMBACA UNAYAN,835,0.34251497005988024,0.6574850299401198,0,7260,0,1,0,0,0,0,53.7,0.7,0,6892.4,0.6712574850299402,1,0,8.694610778443113,6.21748208456475,9.020083991037971,8.886654788945153,High
BARMM,LANAO DEL SUR,LUMBATAN,2263,0.3848873177198409,0.6111356606274856,4.418912947414936e-4,19105,0,1,0,0,1,0,53.7,0.7,0,6892.4,0.6904551480335837,2,0,8.442333186036235,7.183815140680593,8.744814318349404,8.628804963135288,High
BARMM,LANAO DEL SUR,LUMBAYANAGUE,1782,0.42536475869809204,0.5740740740740741,0,16372,0,1,0,0,1,0,53.7,0.7,0,6892.4,0.7124017957351291,2,0,9.187429854096521,7.029564272472534,9.467948913621324,9.39035910767063,High
BARMM,LANAO DEL SUR,MADALUM,3332,0.22358943577430973,0.7430972388955582,3.0012004801920766e-4,23127,0,1,1,0,1,0,53.7,0.7,0,6892.4,0.5951380552220888,3,0,6.940876350540216,7.3747338605061845,7.334802616953205,7.0941843898214385,High
BARMM,LANAO DEL SUR,MADAMBA,2263,0.14317277949624393,0.8497569597878922,0,17756,0,1,1,0,1,0,53.7,0.7,0,6892.4,0.5680512593901901,3,0,7.84622182942996,7.110646191936375,8.267208482907991,8.019526873877528,High
BARMM,LANAO DEL SUR,MAGUING,2954,0.560257278266757,0.4211238997968856,0.005754908598510494,24531,0,1,2,0,1,0,53.7,0.7,0,6892.4,0.7708192281651998,4,0,8.304333107650644,7.433634838127022,8.518693040634627,8.487756779529336,High
BARMM,LANAO DEL SUR,MALABANG,6172,0.2893713545042126,0.7031756318859365,0.004698639014906027,43957,1,1,1,0,2,0,53.7,0.7,0,6892.4,0.6409591704471809,5,0,7.12200259235256,8.016647866170308,7.462389833773709,7.279311294891883,High
BARMM,LANAO DEL SUR,MARANTAO,4083,0.627234876316434,0.36884643644379134,7.347538574577516e-4,32974,0,1,5,0,1,0,53.7,0.7,0,6892.4,0.8116580945383297,7,0,8.075924565270634,7.729265240250184,8.237802043170726,8.254303216316384,High
BARMM,LANAO DEL SUR,MARAWI,20121,0.5790964663784106,0.4101187813726952,0.0025346652750857313,201785,4,5,44,0,5,0,53.7,0.7,0,6892.4,0.7841558570647582,58,0,10.028577108493614,9.540380670460104,10.019694355643763,10.250085375697372,High
BARMM,LANAO DEL SUR,MAROGONG,2790,0.13870967741935483,0.8612903225806452,0,21319,0,1,1,0,1,0,53.7,0.7,0,6892.4,0.5693548387096774,3,0,7.641218637992831,7.293384951775944,8.06091998602736,7.8099956321282535,High
BARMM,LANAO DEL SUR,MASIU,3022,0.46624751819986765,0.5330906684315023,3.3090668431502316e-4,29176,0,1,3,0,1,0,53.7,0.7,0,6892.4,0.7327928524156189,5,0,9.654533421575115,7.606949566878125,9.903046011197896,9.86777992162572,High
BARMM,LANAO DEL SUR,MULONDO,1161,0.5564168819982773,0.43238587424633934,0,16067,0,1,1,0,1,0,53.7,0.7,0,6892.4,0.772609819121447,3,0,13.838931955211025,7.01077599875124,14.055350061938482,14.144602221709079,High
BARMM,LANAO DEL SUR,PAGAYAWAN,1331,0.1585274229902329,0.8302028549962435,7.513148009015778e-4,13139,0,1,0,0,0,0,53.7,0.7,0,6892.4,0.5736288504883547,1,0,9.87152516904583,6.809794439180468,10.294686247417737,10.089564519114912,High
BARMM,LANAO DEL SUR,PIAGAPO,3756,0.1805111821086262,0.8178913738019169,0,25440,0,1,4,0,1,0,53.7,0.7,0,6892.4,0.5894568690095847,6,0,6.773162939297125,7.469998834168161,7.161106766669011,6.9227665739844175,High
BARMM,LANAO DEL SUR,PICONG,2342,0.24722459436379163,0.7040990606319385,0.04696840307429547,16615,0,1,3,0,1,0,53.7,0.7,0,6892.4,0.5992741246797608,5,0,7.094363791631085,7.044284667497623,7.476338842499786,7.2510620164536626,High
BARMM,LANAO DEL SUR,POONA BAYABAO,2469,0.41798298906439857,0.576751721344674,0,22227,0,1,2,0,1,0,53.7,0.7,0,6892.4,0.7063588497367356,4,0,9.00243013365735,7.33506624387137,9.281240588210371,9.20127316771454,High
BARMM,LANAO DEL SUR,PUALAS,1415,0.3399293286219081,0.6501766784452296,0.0028268551236749115,12866,0,1,0,0,0,0,53.7,0.7,0,6892.4,0.665017667844523,1,0,9.092579505300353,6.788821107773381,9.42434966898295,9.293413732214328,High
BARMM,LANAO DEL SUR,SAGUIARAN,2275,0.46505494505494505,0.5217582417582417,0.0074725274725274725,24619,0,1,6,0,1,0,53.7,0.7,0,6892.4,0.7259340659340658,8,0,10.821538461538461,7.437213604183148,11.065219712295553,11.060561426328155,High
BARMM,LANAO DEL SUR,SULTAN DUMALONDONG,1223,0.17988552739165986,0.8070318887980377,0,11298,0,1,0,0,1,0,53.7,0.7,0,6892.4,0.5834014717906787,2,0,9.237939493049877,6.65901495513562,9.647421821587397,9.441984388701682,High
BARMM,LANAO DEL SUR,TAGOLOAN II,1283,0.0646921278254092,0.9259547934528449,0,11169,0,1,0,0,1,0,53.7,0.7,0,6892.4,0.5276695245518317,2,0,8.705378020265004,6.6475461312813575,9.170591149158986,8.897659854443596,High
BARMM,LANAO DEL SUR,TAMPARAN,2022,0.595944609297725,0.390702274975272,4.945598417408506e-4,25874,2,1,0,0,1,0,53.7,0.7,0,6892.4,0.791295746785361,4,0,12.79624134520277,7.486905139388613,12.990130086596718,13.07888096759709,High
BARMM,LANAO DEL SUR,TARAKA,1987,0.7322596879718168,0.26723704076497234,0,23644,0,1,2,0,1,0,53.7,0.7,0,6892.4,0.8658782083543031,4,0,11.899345747357826,7.396828769567623,12.018643019545848,12.16217500307779,High
BARMM,LANAO DEL SUR,TUBARAN,1685,0.2765578635014837,0.7210682492581603,5.934718100890207e-4,14749,0,1,0,0,0,0,53.7,0.7,0,6892.4,0.6370919881305639,1,0,8.753115727002967,6.925264414510097,9.112825214730197,8.946451977634204,High
BARMM,LANAO DEL SUR,TUGAYA,2170,0.5248847926267282,0.4751152073732719,0,23814,0,1,1,0,1,0,53.7,0.7,0,6892.4,0.7624423963133641,3,0,10.974193548387097,7.403988652240825,11.200818399187984,11.216588313921989,High
BARMM,LANAO DEL SUR,WAO,8900,0.3147191011235955,0.6793258426966292,4.4943820224719103e-4,45862,1,1,26,0,1,0,53.7,0.7,0,6892.4,0.6543820224719101,29,0,5.153033707865169,8.059059165921756,5.386617124383782,5.266852403690426,High
BARMM,MAGUINDANAO,AMPATUAN,3910,0.3948849104859335,0.6028132992327365,5.115089514066496e-4,24801,0,1,3,0,2,0,53.7,0.7,0,6892.4,0.6962915601023018,6,0,6.3429667519181585,7.444574754798124,6.624073345789391,6.48306833950614,High
BARMM,MAGUINDANAO,BARIRA,4485,0.2055741360089186,0.7930880713489409,2.229654403567447e-4,30004,0,1,9,0,1,0,53.7,0.7,0,6892.4,0.602118171683389,11,0,6.689855072463768,7.634920104412021,7.045698836370587,6.837618627444133,High
BARMM,MAGUINDANAO,BULDON,5540,0.1595667870036101,0.836101083032491,0.0018050541516245488,35282,0,1,9,0,2,0,53.7,0.7,0,6892.4,0.5776173285198556,12,0,6.368592057761733,7.796890018856725,6.745061811239872,6.509259649582674,High
BARMM,MAGUINDANAO,BULUAN,7281,0.42054662821041067,0.5738222771597308,2.746875429199286e-4,50008,1,1,2,0,3,0,53.7,0.7,0,6892.4,0.707457766790276,7,0,6.868287323169894,8.14557905362454,7.1344067601993775,7.0199920373236475,High
BARMM,MAGUINDANAO,DATU ABDULLAH SANGKI,3768,0.26778131634819535,0.7083333333333334,5.307855626326964e-4,23878,0,1,3,0,2,0,53.7,0.7,0,6892.4,0.621947983014862,6,0,6.337048832271762,7.406670910319874,6.692495212845986,6.477019706587846,High
BARMM,MAGUINDANAO,DATU ANGGAL MIDTIMBANG,3796,0.38119072708113805,0.6119599578503688,2.6343519494204424e-4,25016,0,1,5,0,3,0,53.7,0.7,0,6892.4,0.6871707060063225,9,0,6.590094836670179,7.453201375618027,6.8686499955485,6.735654916847746,High
BARMM,MAGUINDANAO,DATU BLAH T. SINSUAT,3839,0.08491794738213077,0.8265173222193279,0.07449856733524356,25024,0,1,3,0,0,0,53.7,0.7,0,6892.4,0.49817660849179474,4,0,6.5183641573326385,7.453520934536631,7.005368698599667,6.66233987132211,High
BARMM,MAGUINDANAO,DATU HOFFER AMPATUAN,4308,0.19870009285051068,0.7996750232126276,0,25012,1,1,1,0,1,0,53.7,0.7,0,6892.4,0.5985376044568245,4,0,5.80594243268338,7.453041557856352,6.19258593004771,5.934182384755868,High
BARMM,MAGUINDANAO,DATU ODIN SINSUAT,16943,0.36067992681343325,0.6161246532491295,0.018768813079147732,99210,2,1,20,0,6,0,53.7,0.7,0,6892.4,0.668742253437998,29,0,5.8555155521454285,8.830491037043771,6.074815880885065,5.98485046072801,High
BARMM,MAGUINDANAO,DATU PAGLAS,4642,0.32378285221887115,0.6630762602326583,0.0017233950883239983,28387,0,1,8,0,3,0,53.7,0.7,0,6892.4,0.6553209823352003,12,0,6.115252046531667,7.579548220588878,6.413996412014635,6.250323938554537,High
BARMM,MAGUINDANAO,DATU PIANG,4167,0.24934005279577634,0.7365010799136069,0.0023998080153587713,25600,0,1,5,0,2,0,53.7,0.7,0,6892.4,0.6175905927525798,8,0,6.143508519318455,7.476264885119404,6.495537148385126,6.279204532017326,High
BARMM,MAGUINDANAO,DATU SALIBO,2597,0.12167886022333461,0.8321139776665383,0.01078167115902965,14947,0,1,1,0,0,0,53.7,0.7,0,6892.4,0.5377358490566038,2,0,5.755487100500577,6.938586724467684,6.210663008949105,5.882612610007376,High
BARMM,MAGUINDANAO,DATU SAUDI AMPATUAN,4354,0.23311897106109325,0.7581534221405604,6.890215893431327e-4,26427,0,1,6,0,3,0,53.7,0.7,0,6892.4,0.6121956821313734,10,0,6.069591180523656,7.508041024463637,6.419235796658153,6.203654528742251,High
BARMM,MAGUINDANAO,DATU UNSAY,1769,0.21368004522328998,0.7851893725268513,0.0011305822498586771,11813,0,1,2,0,1,0,53.7,0.7,0,6892.4,0.6062747314867156,4,0,6.677784058790277,6.703533946685116,7.056615478363599,6.825280992764164,High
BARMM,MAGUINDANAO,GEN. S.K. PENDATUN,4167,0.24934005279577634,0.7367410607151428,0.01343892488600912,28103,0,1,7,0,6,0,53.7,0.7,0,6892.4,0.6177105831533477,14,0,6.744180465562755,7.569498420793312,7.072752124080281,6.893143943878238,High
BARMM,MAGUINDANAO,GUINDULUNGAN,2992,0.3693181818181818,0.6303475935828877,3.3422459893048126e-4,19911,0,1,3,0,3,0,53.7,0.7,0,6892.4,0.6844919786096257,7,0,6.654745989304812,7.2251066871295215,6.943739167278297,6.801734065162913,High
BARMM,MAGUINDANAO,KABUNTALAN,2401,0.14285714285714285,0.8421491045397751,0.014160766347355268,17276,0,1,4,0,1,0,53.7,0.7,0,6892.4,0.5639316951270303,6,0,7.19533527696793,7.08326364192551,7.608765604703147,7.354263730317646,High
BARMM,MAGUINDANAO,MAMASAPANO,3915,0.2850574712643678,0.7106002554278417,0.0038314176245210726,24800,0,1,6,0,1,0,53.7,0.7,0,6892.4,0.6403575989782886,8,0,6.334610472541507,7.444534456603179,6.663868922339618,6.47452748908367,High
BARMM,MAGUINDANAO,MANGUDADATU,3836,0.162148070907195,0.8362877997914494,0,25046,0,1,1,0,1,0,53.7,0.7,0,6892.4,0.5802919708029197,3,0,6.529197080291971,7.4543991953816455,6.937977397657617,6.673412068703678,High
BARMM,MAGUINDANAO,MATANOG,4524,0.19938107869142352,0.7588417329796641,0.03912466843501326,29770,0,1,7,0,1,0,53.7,0.7,0,6892.4,0.5788019451812556,9,0,6.580459770114943,7.627094372010712,6.96740107911797,6.725807033770889,High
BARMM,MAGUINDANAO,NORTHERN KABUNTALAN,3069,0.30824372759856633,0.6849136526555881,0.005213424568263278,25232,0,1,5,0,1,0,53.7,0.7,0,6892.4,0.6507005539263604,7,0,8.22157054415119,7.461793824115459,8.544378815521638,8.403166180822916,High
BARMM,MAGUINDANAO,PAGAGAWAN,5608,0.1783166904422254,0.8163338088445078,0.005171184022824536,34820,0,1,5,0,1,0,53.7,0.7,0,6892.4,0.5864835948644793,7,0,6.208987161198288,7.783714487701956,6.596044583696976,6.3461294469172245,High
BARMM,MAGUINDANAO,PAGALUNGAN,6738,0.23656871475215197,0.6645888987830216,0.0964677945978035,39653,0,1,3,0,1,0,53.7,0.7,0,6892.4,0.5688631641436628,5,0,5.88498070644108,7.9136383999334186,6.297453653219123,6.014966432702014,High
BARMM,MAGUINDANAO,PAGLAT,2455,0.27128309572301423,0.710386965376782,0.010183299389002037,15920,0,1,3,0,2,0,53.7,0.7,0,6892.4,0.6264765784114052,6,0,6.484725050916497,7.001593029840269,6.8356023283061305,6.627957754198476,High
BARMM,MAGUINDANAO,PANDAG,3906,0.300563236047107,0.6979006656426011,5.120327700972862e-4,25057,0,1,4,0,1,0,53.7,0.7,0,6892.4,0.6495135688684075,6,0,6.415002560163851,7.454838036720118,6.74288817159717,6.5566952535376775,High
BARMM,MAGUINDANAO,PARANG,15262,0.4448958196828725,0.5443585375442275,0.003014021753374394,89194,0,1,14,0,5,0,53.7,0.7,0,6892.4,0.7170750884549862,20,0,5.84418817979295,8.724082412181803,6.050164487906031,5.973272892700251,High
BARMM,MAGUINDANAO,RAJAH BUAYAN,3768,0.363588110403397,0.6342887473460722,0,23652,0,1,4,0,2,0,53.7,0.7,0,6892.4,0.680732484076433,7,0,6.277070063694268,7.397166857158596,6.569839942217947,6.4157161445772575,High
BARMM,MAGUINDANAO,SHARIFF AGUAK,4812,0.37572734829592686,0.6107647547797174,0.003117206982543641,31692,0,1,3,0,2,0,53.7,0.7,0,6892.4,0.6811097256857855,6,0,6.586034912718205,7.689627940449182,6.882347846324519,6.731505318487344,High
BARMM,MAGUINDANAO,SHARIFF SAYDONA MUSTAPHA,3568,0.11939461883408072,0.8775224215246636,8.408071748878924e-4,19855,0,1,2,0,2,0,53.7,0.7,0,6892.4,0.5581558295964125,5,0,5.564742152466367,7.222292262376191,5.987853299177905,5.687654543555684,High
BARMM,MAGUINDANAO,SOUTH UPI,7418,0.08196279320571583,0.9107576166082502,0.0037746023186842814,40178,0,1,8,0,1,0,53.7,0.7,0,6892.4,0.5373416015098409,10,0,5.41628471286061,7.926786595971348,5.84082528417379,5.535918019604779,High
BARMM,MAGUINDANAO,SULTAN KUDARAT,15331,0.2652794990542039,0.7218054921401083,0.007109777574848346,95201,1,1,24,0,3,0,53.7,0.7,0,6892.4,0.626182245124258,29,0,6.209705824799426,8.789248824191473,6.471562037631517,6.346863984149015,High
BARMM,MAGUINDANAO,SULTAN MASTURA,3832,0.55741127348643,0.43815240083507306,0.002870563674321503,22261,0,1,12,0,1,0,53.7,0.7,0,6892.4,0.7764874739039666,14,0,5.809237995824635,7.336593750015984,5.979009473124464,5.937550739328348,High
BARMM,MAGUINDANAO,SULTAN SA BARONGIS,3515,0.2460881934566145,0.7499288762446658,0.001422475106685633,22425,0,1,7,0,2,0,53.7,0.7,0,6892.4,0.6210526315789474,10,0,6.379800853485064,7.343929126605969,6.720572108982202,6.520716021895512,High
BARMM,MAGUINDANAO,TALAYAN,4244,0.295004712535344,0.7042884071630537,4.71253534401508e-4,30032,0,1,6,0,2,0,53.7,0.7,0,6892.4,0.6471489161168709,9,0,7.076343072573044,7.635852427570557,7.3949382864460125,7.232643261043194,High
BARMM,MAGUINDANAO,TALITAY,2390,0.1594142259414226,0.8372384937238494,0.0016736401673640166,14863,0,1,2,0,1,0,53.7,0.7,0,6892.4,0.5780334728033473,4,0,6.218828451882845,6.932956496845063,6.625924072394552,6.356188109141433,High
BARMM,MAGUINDANAO,UPI,10879,0.19376780954131814,0.779023807335233,0.0028495266109017374,53583,1,1,17,0,1,0,53.7,0.7,0,6892.4,0.5832797132089347,20,0,4.925360786837025,8.21460856493219,5.265081522811433,5.034150710017812,High
BARMM,SULU,HADJI PANGLIMA TAHIL,1091,0.006416131989000917,0.9798350137488543,0.012832263978001834,6375,0,1,2,0,1,0,53.7,0.7,0,6892.4,0.4963336388634281,4,0,5.843263061411549,6.087763158707157,6.331973996529362,5.9723273405756165,High
BARMM,SULU,INDANAN,13848,0.13575967648757944,0.8560803004043905,0.0026718659734257656,80883,0,1,9,0,1,0,53.7,0.7,0,6892.4,0.5637998266897747,11,0,5.840771230502599,8.626289015256173,6.235032476294117,5.969780470837048,High
BARMM,SULU,JOLO,18644,0.2881892297790174,0.6888006865479511,0.00981549023814632,125564,1,1,6,0,2,0,53.7,0.7,0,6892.4,0.6325895730529929,10,0,6.734820853894014,9.066037123120623,7.064227378716757,6.883577599854547,High
BARMM,SULU,KALINGALAN CALUANG,5535,0.025835591689250224,0.971093044263776,0,31567,0,1,5,0,0,0,53.7,0.7,0,6892.4,0.5113821138211382,6,0,5.703161698283649,7.685677740289262,6.169201848734595,5.829131459666819,High
BARMM,SULU,LUGUS,3831,0.02244844688071,0.9762464108587836,2.6102845210127906e-4,21897,0,1,3,0,1,0,53.7,0.7,0,6892.4,0.5105716523101018,5,0,5.715740015661707,7.320117948790345,6.186445122228196,5.8419876032266576,High
BARMM,SULU,LUUK,5279,0.08581170676264444,0.9111574161773063,0.0020837279787838604,32162,1,1,5,0,1,0,53.7,0.7,0,6892.4,0.5413904148512976,8,0,6.092441750331502,7.704342602363763,6.52069336507118,6.227009815228046,High
BARMM,SULU,MAIMBUNG,6346,0.0272612669398046,0.9543019224708478,4.727387330601954e-4,37914,0,1,9,0,1,0,53.7,0.7,0,6892.4,0.5044122281752285,11,0,5.97447210841475,7.868809004085492,6.428045204719696,6.106434494491564,High
BARMM,SULU,OLD PANAMAO,6234,0.0657683670195701,0.9111324991979467,0.007378889958293231,40998,0,1,7,0,0,0,53.7,0.7,0,6892.4,0.5213346166185434,8,0,6.576515880654475,7.946983079591638,7.02484755767463,6.721776032837779,High
BARMM,SULU,OMAR,4367,0.030913670712159377,0.9663384474467598,4.579803068468056e-4,25116,0,1,7,0,1,0,53.7,0.7,0,6892.4,0.5140828944355392,9,0,5.751316693382185,7.457188541086367,6.202960062547836,5.878350088160809,High
BARMM,SULU,PANDAMI,4870,0.055236139630390146,0.9429158110882957,8.213552361396304e-4,25885,0,1,4,0,0,0,53.7,0.7,0,6892.4,0.526694045174538,5,0,5.315195071868583,7.487329948111906,5.769794506770569,5.4325955402981885,High
BARMM,SULU,PANGLIMA ESTINO,4064,0.07209645669291338,0.9126476377952756,2.4606299212598425e-4,28817,0,1,8,0,0,0,53.7,0.7,0,6892.4,0.5284202755905512,9,0,7.090797244094488,7.594574795535385,7.528116970730572,7.247416692062067,High
BARMM,SULU,PANGUTARAN,5235,0.08404966571155682,0.9146131805157593,3.8204393505253105e-4,30613,1,2,10,0,1,0,53.7,0.7,0,6892.4,0.5413562559694365,14,0,5.847755491881566,7.655004539520576,6.252690028194875,5.976918998531067,High
BARMM,SULU,PARANG,9613,0.11276396546343494,0.8783938416727348,4.1610319359201083e-4,62172,1,2,7,0,2,0,53.7,0.7,0,6892.4,0.5519608862998023,12,0,6.467491938000624,8.363244055410991,6.869674769102471,6.610344001343435,High
BARMM,SULU,PATA,3580,0.05223463687150838,0.9460893854748603,2.7932960893854746e-4,22163,0,1,3,0,1,0,53.7,0.7,0,6892.4,0.5252793296089385,5,0,6.190782122905028,7.3321845930749,6.646780758837109,6.327522301082377,High
BARMM,SULU,PATIKUL,10854,0.226552423069836,0.7633130643080892,8.291873963515755e-4,62287,0,1,10,0,0,0,53.7,0.7,0,6892.4,0.6082089552238806,11,0,5.738621706283398,8.365091623358067,6.08844770380162,5.8653746979136985,High
BARMM,SULU,SIASI,12195,0.07060270602706027,0.9168511685116851,6.560065600656007e-4,67705,1,1,8,0,0,0,53.7,0.7,0,6892.4,0.5290282902829029,10,0,5.551865518655187,8.448480285378158,5.984771570564246,5.674493494436921,High
BARMM,SULU,TALIPAO,12190,0.0398687448728466,0.9400328137817884,5.742411812961444e-4,80255,0,1,10,0,1,0,53.7,0.7,0,6892.4,0.5098851517637408,12,0,6.583675143560296,8.618495817866881,7.027959234374451,6.729093427441004,High
BARMM,SULU,TAPUL,3123,0.022094140249759846,0.9529298751200769,0.007044508485430675,18197,0,1,3,0,1,0,53.7,0.7,0,6892.4,0.4985590778097983,5,0,5.826769132244636,7.135159665631349,6.309468317483113,5.9554690983431895,High
BARMM,SULU,TONGKIL,4184,0.035850860420650096,0.9641491395793499,0,24161,0,1,9,0,1,0,53.7,0.7,0,6892.4,0.517925430210325,11,0,5.77461759082218,7.418446028252972,6.214632448794447,5.902165648983295,High
BARMM,TAWI-TAWI,BONGAO,16539,0.2086583227522825,0.7869883306124917,0.0030836205332849627,100527,4,1,4,0,1,0,53.7,0.7,0,6892.4,0.6021524880585284,10,0,6.07817884999093,8.843676654069641,6.438000223761233,6.21243188013174,High
BARMM,TAWI-TAWI,LANGUYAN,5051,0.022569788160760246,0.9578301326470006,0.0071273015244506036,33494,0,1,6,0,1,0,53.7,0.7,0,6892.4,0.5014848544842605,8,0,6.6311621461096815,7.7449053589414305,7.0993233774920546,6.777629308962513,High
BARMM,TAWI-TAWI,MAPUN,4008,0.13672654690618763,0.842564870259481,0.0029940119760479044,26597,0,1,13,0,0,0,53.7,0.7,0,6892.4,0.5580089820359282,14,0,6.635978043912176,7.514449730297921,7.024245798678072,6.7825515789019235,High
BARMM,TAWI-TAWI,PANGLIMA SUGALA,6433,0.043370122804290374,0.949790144567076,0,44184,0,1,11,0,1,0,53.7,0.7,0,6892.4,0.5182651950878284,13,0,6.868335146898803,8.02179702039884,7.300288473925466,7.020040917369043,High
BARMM,TAWI-TAWI,SAPA SAPA,4770,0.04863731656184486,0.950104821802935,2.0964360587002095e-4,30917,1,1,10,0,1,0,53.7,0.7,0,6892.4,0.5236897274633123,13,0,6.4815513626834385,7.66488132113071,6.908044465764691,6.624713966471387,High
BARMM,TAWI-TAWI,SIBUTU,3910,0.1774936061381074,0.8163682864450128,0,30387,1,1,7,0,1,0,53.7,0.7,0,6892.4,0.5856777493606138,10,0,7.771611253196931,7.647598192396891,8.147787757818982,7.943268321139191,High
BARMM,TAWI-TAWI,SIMUNUL,3205,0.2917316692667707,0.7029641185647426,9.3603744149766e-4,31223,0,1,6,0,1,0,53.7,0.7,0,6892.4,0.6432137285491419,8,0,9.741965678627144,7.6747255328659865,10.068391017962028,9.95714335670508,High
BARMM,TAWI-TAWI,SITANGKAI,5331,0.04314387544550741,0.955543050084412,0.0011254924029262803,33334,0,1,3,0,1,0,53.7,0.7,0,6892.4,0.5209154004877135,5,0,6.252860626524105,7.740119015829978,6.713263985019687,6.390971976465752,High
BARMM,TAWI-TAWI,SOUTH UBIAN,3707,0.03884542756946318,0.9598057728621527,0,25935,0,2,6,0,2,0,53.7,0.7,0,6892.4,0.5187483140005396,10,0,6.996223361208524,7.489258625675417,7.439313467233976,7.150753889013833,High
BARMM,TAWI-TAWI,TANDUBAS,3902,0.06304459251665813,0.9359302921578677,2.5627883136852895e-4,29390,0,1,6,0,1,0,53.7,0.7,0,6892.4,0.531009738595592,8,0,7.532034853921066,7.614253975051147,7.970658136053718,7.6984002286856805,High
BARMM,TAWI-TAWI,TURTLE ISLANDS,782,0.07161125319693094,0.9232736572890026,0.005115089514066497,4727,0,1,1,0,0,0,53.7,0.7,0,6892.4,0.5332480818414322,2,0,6.044757033248082,5.7894610769516275,6.50430579634703,6.178271852111916,High
CAR,ABRA,BANGUED,10787,0.8577917864095671,0.13738759618058774,0.0014832668953369797,48163,4,1,5,0,0,5,97.5,9.1,0.1,36910.2,0.926485584499861,10,0.10381413117953615,4.464911467507185,9.785969579235115,4.491170860406237,11.015252582049689,Low
CAR,ABRA,BOLINEY,758,0.5158311345646438,0.470976253298153,0.0013192612137203166,3573,0,1,4,0,0,0,97.5,9.1,0.1,36910.2,0.7513192612137203,5,0,4.713720316622691,7.185485618294766,4.9436643510525125,11.629081621572963,High
CAR,ABRA,BUCAY,3813,0.7741935483870968,0.21505376344086022,0.0015735641227380016,17115,0,1,8,0,0,3,97.5,9.1,0.1,36910.2,0.8817204301075269,9,0.175284837861525,4.488591660110149,8.751435769619237,4.556985318809975,11.07367329310107,Low
CAR,ABRA,BUCLOC,435,0.5908045977011495,0.38850574712643676,0,2501,0,1,2,0,0,10,97.5,9.1,0.1,36910.2,0.7850574712643679,3,3.9984006397441023,5.749425287356321,6.829095325030548,5.594297904770251,14.184239083515843,High
CAR,ABRA,DAGUIOMAN,375,0.6426666666666667,0.3546666666666667,0,2088,0,1,3,0,0,5,97.5,9.1,0.1,36910.2,0.8200000000000001,4,2.3946360153256703,5.568,6.648825304185209,5.5180484166835315,13.736650059736927,High
CAR,ABRA,DANGLAS,873,0.7216494845360825,0.27262313860252,0,4192,0,1,2,0,0,8,97.5,9.1,0.1,36910.2,0.8579610538373424,3,1.9083969465648853,4.801832760595647,7.345146125732318,4.761547906942961,11.846461256767768,High
CAR,ABRA,DOLORES,2484,0.7069243156199678,0.28743961352657005,0,11315,0,1,13,0,0,3,97.5,9.1,0.1,36910.2,0.8506441223832528,14,0.26513477684489617,4.555152979066023,8.337690883203726,4.627057270164784,11.237884777657708,Low
CAR,ABRA,LA PAZ,3325,0.6983458646616542,0.2803007518796993,0.008721804511278195,15437,0,1,4,0,0,6,97.5,9.1,0.1,36910.2,0.8384962406015037,5,0.38867655632571096,4.642706766917294,8.648264922702417,4.7507146809964445,11.453886168662981,High
CAR,ABRA,LACUB,647,0.4265842349304482,0.5641421947449768,0.0015455950540958269,3403,0,1,4,0,0,13,97.5,9.1,0.1,36910.2,0.7086553323029366,5,3.820158683514546,5.259659969088099,7.136775275719693,5.189190558263285,12.975953381567882,High
CAR,ABRA,LAGANGILANG,3048,0.719488188976378,0.27165354330708663,3.2808398950131233e-4,14255,0,1,5,0,0,1,97.5,9.1,0.1,36910.2,0.8553149606299213,6,0.0701508242721852,4.676837270341207,8.568619966194884,4.792732915540739,11.538088536101371,High
CAR,ABRA,LAGAYAN,932,0.4924892703862661,0.49356223175965663,0,4499,0,1,0,0,0,3,97.5,9.1,0.1,36910.2,0.7392703862660944,1,0.6668148477439432,4.82725321888412,7.415779265424805,5.0249495022751685,11.909175326427771,High
CAR,ABRA,LANGIDEN,660,0.7348484848484849,0.2287878787878788,0,3198,0,1,0,0,0,17,97.5,9.1,0.1,36910.2,0.8492424242424242,1,5.315822388993121,4.845454545454546,7.074694474891997,4.515636723588706,11.954079287225351,Low
CAR,ABRA,LICUAN BAAY,943,0.5153764581124072,0.47720042417815484,0,4689,0,1,3,0,0,19,97.5,9.1,0.1,36910.2,0.7539766702014846,4,4.052036681595223,4.9724284199363735,7.457119074946394,4.839736761203327,12.267332821795364,High
CAR,ABRA,LUBA,1358,0.7017673048600883,0.29086892488954347,7.363770250368188e-4,6339,0,1,6,0,0,13,97.5,9.1,0.1,36910.2,0.8472017673048601,7,2.0507966556239157,4.667893961708395,7.758470479035626,4.6100572013025225,11.516024760766392,Low
CAR,ABRA,MALIBCONG,743,0.34589502018842533,0.6500672947510094,0,3428,0,1,9,0,0,13,97.5,9.1,0.1,36910.2,0.6709286675639301,10,3.792298716452742,4.613728129205922,7.144089080798359,4.564032848915555,11.382393818546422,Low
CAR,ABRA,MANABO,2410,0.8033195020746888,0.18049792531120332,0.002074688796680498,10761,0,1,9,0,0,0,97.5,9.1,0.1,36910.2,0.8935684647302905,10,0,4.465145228215768,8.287502412204784,4.533495007890122,11.015829286261528,Low
CAR,ABRA,PEÑARRUBIA,1463,0.7272727272727273,0.2617908407382092,0,6640,0,1,9,0,0,30,97.5,9.1,0.1,36910.2,0.8581681476418319,10,4.518072289156627,4.5386192754613806,7.804842053601437,4.236571895754364,11.197094960738102,Low
CAR,ABRA,PIDIGAN,2600,0.8107692307692308,0.18384615384615385,3.846153846153846e-4,12185,0,1,0,0,0,5,97.5,9.1,0.1,36910.2,0.9026923076923077,1,0.4103405826836274,4.686538461538461,8.411750203468776,4.743945303624361,11.562022061359862,High
CAR,ABRA,PILAR,2262,0.6038903625110522,0.38992042440318303,0,10223,0,1,18,0,0,7,97.5,9.1,0.1,36910.2,0.7988505747126438,19,0.6847305096351365,4.5194518125552605,8.23622725170328,4.586002110991642,11.149807473224746,Low
CAR,ABRA,SALLAPADAN,1341,0.6368381804623415,0.36017897091722595,0,6622,0,1,4,0,0,17,97.5,9.1,0.1,36910.2,0.8169276659209546,5,2.5672002416188464,4.938105891126026,7.802128637604294,4.871953648888657,12.182656714138577,High
CAR,ABRA,SAN ISIDRO,1054,0.5929791271347249,0.40037950664136623,9.487666034155598e-4,4574,0,1,9,0,0,7,97.5,9.1,0.1,36910.2,0.793168880455408,10,1.530389156099694,4.339658444022771,7.432302345299928,4.370884426859277,10.706244508678745,Low
CAR,ABRA,SAN JUAN,2157,0.6833565136764024,0.3143254520166898,0,9867,0,1,9,0,0,14,97.5,9.1,0.1,36910.2,0.8405192396847473,10,1.4188709840883755,4.574408901251738,8.200792580652944,4.568376355349476,11.285390500474286,Low
CAR,ABRA,SAN QUINTIN,1239,0.8514931396287329,0.14447134786117838,0,5438,0,1,2,0,0,24,97.5,9.1,0.1,36910.2,0.923728813559322,3,4.413387274733358,4.389023405972559,7.605231561443759,4.058034077495266,10.828031363476962,Low
CAR,ABRA,TAYUM,3016,0.7456896551724138,0.24701591511936338,0.001326259946949602,14467,0,1,2,0,0,14,97.5,9.1,0.1,36910.2,0.8691976127320955,3,0.9677196377963642,4.7967506631299734,8.583379653577804,4.829831375936376,11.833923362648617,High
CAR,ABRA,TINEG,830,0.06987951807228916,0.9204819277108434,0.0036144578313253013,5097,0,1,9,0,0,2,97.5,9.1,0.1,36910.2,0.5301204819277109,10,0.39238767902687854,6.1409638554216865,7.540505652586371,6.537448218892575,15.1501924409879,High
CAR,ABRA,TUBO,982,0.8004073319755601,0.1985743380855397,0,5699,0,1,9,0,0,10,97.5,9.1,0.1,36910.2,0.8996945010183299,10,1.7546938059308652,5.803462321792261,7.65208813598903,5.708040798461046,14.317552271790351,High
CAR,ABRA,VILLAVICIOSA,1058,0.6625708884688091,0.3279773156899811,0,5392,0,1,7,0,0,16,97.5,9.1,0.1,36910.2,0.8265595463137996,8,2.967359050445104,5.09640831758034,7.59674083598689,4.972993912364206,12.573200003615977,High
CAR,APAYAO,CALANASAN,2382,0.371536523929471,0.625104953820319,0.0016792611251049538,12604,0,1,15,0,1,40,97.5,9.1,0.1,36910.2,0.6840890008396305,17,3.17359568390987,5.29135180520571,8.445551352224552,5.256952120198868,13.054139384171718,High
CAR,APAYAO,CONNER,5466,0.49798755945847056,0.4990852542993048,0.0012806439809732895,26051,1,1,22,0,1,8,97.5,9.1,0.1,36910.2,0.747530186608123,25,0.30708993896587466,4.766008049762166,9.171482374009793,4.894540281407439,11.758079159747153,High
CAR,APAYAO,FLORA,4042,0.5202869866402771,0.4745175655616032,0.0017318159327065809,17391,0,1,15,0,1,1,97.5,9.1,0.1,36910.2,0.7575457694210787,17,0.057501006267609685,4.30257298367145,8.767430817442522,4.474592172089787,10.614752053371571,Low
CAR,APAYAO,KABUGAO,3130,0.40191693290734826,0.5932907348242812,0.0019169329073482429,15537,0,1,21,0,2,12,97.5,9.1,0.1,36910.2,0.6985623003194888,24,0.7723498744931454,4.963897763578275,8.65472084449454,5.103454203480487,12.246287088826422,High
CAR,APAYAO,LUNA,4129,0.6527004117219666,0.34197142165173167,0.0016953257447323807,19063,1,1,21,0,0,51,97.5,9.1,0.1,36910.2,0.8236861225478325,23,2.6753396632219486,4.616856381690482,8.859213611506535,4.464300930819453,11.390111438819213,Low
CAR,APAYAO,PUDTOL,3158,0.5766307789740343,0.4135528815706143,0.008866371120962635,14925,0,1,22,0,0,23,97.5,9.1,0.1,36910.2,0.7834072197593414,23,1.5410385259631492,4.726092463584547,8.614541374897737,4.715658297983628,11.659604583732204,High
CAR,APAYAO,SANTA MARCELA,3111,0.6930247508839601,0.30247508839601417,0.0019286403085824494,13613,0,1,13,0,0,13,97.5,9.1,0.1,36910.2,0.8442622950819672,14,0.9549695144347315,4.375763420122147,8.522546421676886,4.392116846185692,10.795318039945323,Low
CAR,BENGUET,ATOK,4332,0.9411357340720221,0.0574792243767313,6.925207756232687e-4,19668,1,1,8,0,0,22,97.5,9.1,0.1,36910.2,0.9698753462603877,10,1.1185682326621924,4.54016620498615,8.890452907452929,4.431815454955415,11.20091134535535,Low
CAR,BENGUET,BAGUIO,87731,0.9489120151371807,0.048591717864836834,0.0014818023275695023,345366,7,16,0,0,1,77,97.5,9.1,0.1,36910.2,0.9732078740695991,24,0.2229518829299931,3.9366472512566824,11.755934818087027,3.8512073788251637,9.711987374126855,Low
CAR,BENGUET,BAKUN,3347,0.8816850911263818,0.11472960860472065,0.00268897520167314,15357,0,1,7,0,0,37,97.5,9.1,0.1,36910.2,0.9390498954287422,8,2.4093247379045386,4.588288019121602,8.643070007527315,4.402602629659138,11.319631266515263,Low
CAR,BENGUET,BOKOD,2873,0.8701705534284719,0.129829446571528,0,13756,1,1,11,0,0,1,97.5,9.1,0.1,36910.2,0.9350852767142359,13,0.07269555103227682,4.788026453184824,8.532994227721796,4.796682334353885,11.812400119282202,High
CAR,BENGUET,BUGUIAS,10863,0.9398876921660683,0.05191935929301298,6.443892110834944e-4,43627,1,1,14,0,0,32,97.5,9.1,0.1,36910.2,0.9658473718125747,16,0.7334907282187636,4.016109730277087,9.687060559435157,3.9231025150263665,9.908026933606466,Low
CAR,BENGUET,ITOGON,14204,0.9191776964235426,0.07110673049845113,0.008377921712193748,59820,0,1,14,0,0,2,97.5,9.1,0.1,36910.2,0.9547310616727682,15,0.033433634236041454,4.211489721205294,10.002707582541175,4.1963906364224846,10.390043198702616,Low
CAR,BENGUET,KABAYAN,3483,0.7476313522825151,0.22566752799310938,0.007751937984496124,15260,0,1,18,0,0,41,97.5,9.1,0.1,36910.2,0.8604651162790697,19,2.686762778505898,4.381280505311513,8.636734758172274,4.206462152863625,10.808929079563871,Low
CAR,BENGUET,KAPANGAN,4194,0.8900810681926562,0.08798283261802575,0.00357653791130186,19361,0,1,15,0,0,5,97.5,9.1,0.1,36910.2,0.934072484501669,16,0.25825112339238676,4.616356700047687,8.87472287472118,4.5977224232388565,11.388878688842857,Low
CAR,BENGUET,KIBUNGAN,3584,0.8755580357142857,0.09514508928571429,0.004743303571428571,17292,0,1,16,0,0,75,97.5,9.1,0.1,36910.2,0.9231305803571428,17,4.337265787647467,4.824776785714286,8.761722844766545,4.446862784362751,11.90306579053511,Low
CAR,BENGUET,LA TRINIDAD,33599,0.9783624512634305,0.019762492931337243,6.250186017440995e-4,129133,2,1,20,0,0,23,97.5,9.1,0.1,36910.2,0.988243697729099,23,0.17811093988368581,3.843358433286705,10.772186107209823,3.7507023908031916,9.481837257937903,Low
CAR,BENGUET,MANKAYAN,8062,0.843463160506078,0.11312329446787397,0.0019846192011907715,35953,1,1,13,0,0,1,97.5,9.1,0.1,36910.2,0.9000248077400149,15,0.027814090618307235,4.4595633837757385,9.49361011555616,4.499624310931063,11.002058480988437,Low
CAR,BENGUET,SABLAN,2599,0.9165063485956138,0.05886879569065025,0.0026933435936898806,11457,0,1,8,0,0,11,97.5,9.1,0.1,36910.2,0.9459407464409388,9,0.9601117220912979,4.408233936129281,8.350159534798962,4.341885124861287,10.875425100945519,Low
CAR,BENGUET,TUBA,11123,0.9033534118493213,0.08271149869639485,0.003955767328958015,47648,0,1,17,0,0,118,97.5,9.1,0.1,36910.2,0.9447091611975187,18,2.476494291470786,4.283736402049807,9.77521975213022,4.04756223876725,10.568280873404227,Low
CAR,BENGUET,TUBLAY,3854,0.9457706279190451,0.05267254800207576,0.0010378827192527244,17892,0,1,7,0,0,16,97.5,9.1,0.1,36910.2,0.972106901920083,8,0.894254415381176,4.642449403217436,8.795827311520872,4.559784423608994,11.453251234201232,Low
CAR,IFUGAO,AGUINALDO,4658,0.37440961786174326,0.6249463288965221,2.1468441391155003e-4,19408,0,1,22,0,0,4,97.5,9.1,0.1,36910.2,0.6868827823100043,23,0.20610057708161583,4.166595105195363,8.877147154770002,4.372596841768896,10.279285003714346,Low
CAR,IFUGAO,ALFONSO LISTA,7138,0.6822639394788456,0.3153544410198935,4.202857943401513e-4,32119,1,1,22,0,0,20,97.5,9.1,0.1,36910.2,0.8399411599887923,24,0.6226843924157041,4.49971980947044,9.38085433317306,4.511410835180531,11.101127225136773,Low
CAR,IFUGAO,ASIPULO,2829,0.27925061859314243,0.7165075998586072,0,15261,0,1,15,0,0,6,97.5,9.1,0.1,36910.2,0.6375044185224461,16,0.3931590328287793,5.394485683987274,8.636800275196011,5.660280164759009,13.30857796213969,High
CAR,IFUGAO,BANAUE,3925,0.6298089171974522,0.36203821656050955,2.5477707006369424e-4,21837,0,1,20,0,0,0,97.5,9.1,0.1,36910.2,0.810828025477707,21,0,5.563566878980891,8.995052059579557,5.671926296452333,13.725713236440958,High
CAR,IFUGAO,HINGYON,2044,0.5821917808219178,0.4041095890410959,0.0019569471624266144,9227,0,1,11,0,0,17,97.5,9.1,0.1,36910.2,0.7842465753424658,12,1.8424189877533326,4.5141878669275926,8.133749728526588,4.518602101916047,11.136820946820157,Low
CAR,IFUGAO,HUNGDUAN,1939,0.3666838576585869,0.630737493553378,0.0020629190304280558,9400,0,1,13,0,0,32,97.5,9.1,0.1,36910.2,0.6820526044352759,14,3.404255319148936,4.847859721505931,8.152320048173536,4.806425682631183,11.960013026763775,High
CAR,IFUGAO,KIANGAN,3479,0.5122161540672607,0.48347226214429434,8.623167576889911e-4,17048,0,1,13,0,0,10,97.5,9.1,0.1,36910.2,0.7539522851394079,14,0.5865790708587517,4.900258695027307,8.747514014305354,5.040028235589546,12.089285002832842,High
CAR,IFUGAO,LAGAWE,3944,0.6080121703853956,0.38843813387423937,2.535496957403651e-4,19333,1,1,20,0,0,15,97.5,9.1,0.1,36910.2,0.8022312373225152,22,0.7758754461283816,4.901876267748479,8.873275824253378,4.945251110442801,12.09327566921519,High
CAR,IFUGAO,LAMUT,5593,0.7057035580189522,0.28857500446987305,0.002145539066690506,25279,1,1,14,0,0,40,97.5,9.1,0.1,36910.2,0.8499910602538887,16,1.5823410736184182,4.519756838905775,9.141403405283672,4.4663196637221425,11.15055999481886,Low
CAR,IFUGAO,MAYOYAO,4071,0.47334807172684845,0.5259150085973963,0,17331,0,1,27,0,0,2,97.5,9.1,0.1,36910.2,0.7363055760255466,28,0.11540015002019502,4.257184966838615,8.763975330998148,4.402442766298059,10.502776603634127,Low
CAR,IFUGAO,TINOC,3597,0.5279399499582986,0.4603836530442035,0.006394217403391716,16559,0,1,15,0,0,51,97.5,9.1,0.1,36910.2,0.7581317764804003,16,3.0798961289932967,4.603558520989714,8.718415571290736,4.507449163201824,11.357304675351257,Low
CAR,KALINGA,BALBALAN,2301,0.2850934376358105,0.7144719687092569,4.34593654932638e-4,12195,0,1,14,0,0,18,97.5,9.1,0.1,36910.2,0.642329421990439,15,1.4760147601476015,5.29986962190352,8.4125703658204,5.4674609745893115,13.075153440790038,High
CAR,KALINGA,TABUK,22350,0.794496644295302,0.19655480984340046,0.005548098434004474,110642,4,5,41,0,1,21,97.5,9.1,0.1,36910.2,0.8927740492170022,51,0.1898013412628116,4.950425055928411,10.617646495466271,4.843223925510137,12.21304896556074,High
CAR,KALINGA,LUBUAGAN,1728,0.4224537037037037,0.5752314814814815,0,8733,0,1,4,0,0,1,97.5,9.1,0.1,36910.2,0.7100694444444444,5,0.11450818733539447,5.053819444444445,8.078741313712339,5.314819118952381,12.468130239480502,High
CAR,KALINGA,PASIL,1797,0.44240400667779634,0.557039510294936,5.564830272676684e-4,9644,0,1,15,0,0,44,97.5,9.1,0.1,36910.2,0.7209237618252644,16,4.562422231439236,5.366722314969393,8.177939030910546,5.174627444108572,13.240083765897237,High
CAR,KALINGA,PINUKPUK,6258,0.37280281240012786,0.6224033237456056,0.003036113774368808,32026,0,4,22,0,0,23,97.5,9.1,0.1,36910.2,0.6840044742729307,26,0.7181664897270967,5.117609459891339,9.377954895594865,5.268879931661263,12.62550472214918,High
CAR,KALINGA,RIZAL,3718,0.6667563206024745,0.3259817105970952,0.004841312533620226,17038,0,1,10,0,1,15,97.5,9.1,0.1,36910.2,0.8297471759010221,12,0.8803850217161638,4.582571274878967,8.74692735636583,4.627942481303142,11.305527653881986,High
CAR,KALINGA,TANUDAN,1568,0.11415816326530612,0.8858418367346939,0,9534,1,1,15,0,0,28,97.5,9.1,0.1,36910.2,0.5570790816326531,17,2.936857562408223,6.080357142857143,8.166470666911964,6.194199931356613,15.000671391819402,High
CAR,KALINGA,TINGLAYAN,2270,0.4568281938325991,0.5383259911894274,0.003964757709251102,12868,0,1,15,0,0,29,97.5,9.1,0.1,36910.2,0.7259911894273128,16,2.253652471246503,5.668722466960352,8.466276329747947,5.678929975836908,13.985139514080997,High
CAR,MOUNTAIN PROVINCE,BARLIG,1190,0.7151260504201681,0.2848739495798319,0,4819,0,1,6,0,0,3,97.5,9.1,0.1,36910.2,0.8575630252100841,7,0.6225357958082589,4.049579831932773,7.484450598354688,4.109620556811228,9.99060004314454,Low
CAR,MOUNTAIN PROVINCE,BAUKO,6790,0.8509572901325478,0.1101620029455081,0.001325478645066274,31065,1,2,23,0,0,0,97.5,9.1,0.1,36910.2,0.9060382916053019,26,0,4.575110456553755,9.347491222328658,4.56883959889559,11.28712128705499,Low
CAR,MOUNTAIN PROVINCE,BESAO,1710,0.7222222222222222,0.2736842105263158,5.847953216374269e-4,7040,1,1,14,0,0,13,97.5,9.1,0.1,36910.2,0.8590643274853801,16,1.846590909090909,4.116959064327485,7.863315092070589,4.03058963853618,10.156829378040344,Low
CAR,MOUNTAIN PROVINCE,BONTOC,6307,0.9127953068019661,0.08102108768035517,6.342159505311559e-4,24643,1,1,15,0,0,7,97.5,9.1,0.1,36910.2,0.9533058506421437,17,0.2840563243111634,3.9072459172348184,9.11592504329314,3.863193886554648,9.63945220229715,Low
CAR,MOUNTAIN PROVINCE,NATONIN,2187,0.6278006401463192,0.3635116598079561,9.144947416552355e-4,10272,0,1,13,0,0,2,97.5,9.1,0.1,36910.2,0.8095564700502973,14,0.19470404984423675,4.69684499314129,8.241007651323493,4.816152357810558,11.587449004240193,High
CAR,MOUNTAIN PROVINCE,PARACELIS,5826,0.420871953312736,0.5727772056299347,0.0037761757638173706,28121,1,1,9,0,0,1,97.5,9.1,0.1,36910.2,0.7072605561277034,11,0.035560613064969236,4.826810847923103,9.247935194277295,5.074479978692158,11.908083965959365,High
CAR,MOUNTAIN PROVINCE,SABANGAN,2215,0.7516930022573364,0.2401805869074492,9.029345372460496e-4,9315,0,1,14,0,0,2,97.5,9.1,0.1,36910.2,0.871783295711061,15,0.21470746108427266,4.205417607223477,8.14323899157159,4.256800895928268,10.375062863772467,Low
CAR,MOUNTAIN PROVINCE,SADANGA,1764,0.753968253968254,0.24546485260770975,5.668934240362812e-4,8799,0,1,7,0,0,27,97.5,9.1,0.1,36910.2,0.8767006802721088,8,3.068530514831231,4.988095238095238,8.08626811321923,4.805502864798308,12.30598397096883,High
CAR,MOUNTAIN PROVINCE,SAGADA,2641,0.6501325255585005,0.3415372964786066,7.572889057175312e-4,11127,1,1,8,0,0,29,97.5,9.1,0.1,36910.2,0.8209011737978038,10,2.6062730295677183,4.213176826959485,8.320940234871005,4.120138741120423,10.39420540799843,Low
CAR,MOUNTAIN PROVINCE,TADIAN,4227,0.8090844570617459,0.15259048970901348,0.0014194464158978,19389,0,1,19,0,0,1,97.5,9.1,0.1,36910.2,0.8853797019162527,20,0.05157563566970963,4.58694109297374,8.876167834259242,4.619996203644026,11.31630830438353,Low
NCR,"NCR, FOURTH DISTRICT (NOT A PROVINCE)",MANILA CITY,137897,0.8735215414403504,0.12139495420495007,0.0037056643726839597,588894,9,31,0,0,2,70,76.5,0.1,0,833.2,0.9342190185428255,42,0.11886689285338278,4.2705352545740665,8.498673496018883,4.163067039460487,2.3698285241627777,Low
NCR,"NCR, FOURTH DISTRICT (NOT A PROVINCE)",MANILA CITY,148430,0.9353230479013677,0.06237957286262885,0.0011790069392979855,582602,5,28,0,0,0,103,76.5,0.1,0,833.2,0.9665128343326821,33,0.1767930765771487,3.9250960048507713,8.487933772351077,3.815150246495414,2.1781355071146598,Low
NCR,"NCR, FOURTH DISTRICT (NOT A PROVINCE)",MANILA CITY,115515,0.8465653811193351,0.14682941609314806,0.004285157771717959,504509,9,15,2,0,1,16,76.5,0.1,0,833.2,0.9199800891659091,27,0.03171400311986506,4.36747608535688,8.344047050732303,4.3404239329153596,2.4236234543648143,Low
NCR,"NCR, FOURTH DISTRICT (NOT A PROVINCE)",MANILA CITY,159587,0.8546560810091047,0.13889602536547463,0.004317394273969684,665822,11,16,1,0,2,5,76.5,0.1,0,833.2,0.9241040936918421,30,0.0075095145549411105,4.172156879946361,8.621426122269195,4.131509013205241,2.3152358643541984,Low
NCR,"NCR, FOURTH DISTRICT (NOT A PROVINCE)",MANILA CITY,101557,0.8563466821587877,0.14066977165532657,0.0020087241647547683,416522,4,13,0,0,2,18,76.5,0.1,0,833.2,0.9266815679864511,19,0.04321500424947542,4.101361796823459,8.15245088679706,4.097684553716701,2.275949873874332,Low
NCR,"NCR, FOURTH DISTRICT (NOT A PROVINCE)",MANILA CITY,13393,0.8603001567983275,0.1310386022549093,0.00821324572537893,63840,1,5,0,0,0,0,76.5,0.1,0,833.2,0.9258194579257821,6,0,4.766669155529008,6.278481498415727,4.8181312422511215,2.645145832228049,High
NCR,"NCR, FOURTH DISTRICT (NOT A PROVINCE)",MANILA CITY,192862,0.8748742624259833,0.11865997448953138,0.004329520589851811,804915,8,35,0,0,7,0,76.5,0.1,0,833.2,0.934204249670749,50,0,4.17352822225218,8.811109296097063,4.045652554328162,2.3159968570445737,Low
NCR,"NCR, SECOND DISTRICT (NOT A PROVINCE)",MANILA CITY,93319,0.8674760766832049,0.12191515125537136,0.002668266912418693,386276,9,28,0,1,0,0,76.5,0.1,0,833.2,0.9284336523108906,38,0,4.139307107877281,8.077086298140962,4.063821242017216,2.297006691142674,Low
NCR,"NCR, SECOND DISTRICT (NOT A PROVINCE)",MANILA CITY,95305,0.9373380200409213,0.05914694926813913,0.0026966056345417346,450741,10,18,0,0,3,5,76.5,0.1,0,833.2,0.9669114946749908,31,0.011092844893186998,4.72945805571586,8.231382634053729,4.641750929120967,2.6244964474329664,High
NCR,"NCR, SECOND DISTRICT (NOT A PROVINCE)",MANILA CITY,175280,0.901648790506618,0.09514491099954359,0.0020082154267457783,755300,19,43,0,0,15,129,76.5,0.1,0,833.2,0.9492212460063898,77,0.17079306235932742,4.309105431309904,8.747497427721463,4.045809828193741,2.391232095275482,Low
NCR,"NCR, SECOND DISTRICT (NOT A PROVINCE)",MANILA CITY,26768,0.8706664674237896,0.10202480573819486,7.471607890017932e-4,122180,3,16,5,0,0,5,76.5,0.1,0,833.2,0.9216788702928871,24,0.04092322802422655,4.564405260011955,6.926700617342517,4.546358701508709,2.5329044572174597,Low
NCR,"NCR, SECOND DISTRICT (NOT A PROVINCE)",MANILA CITY,660249,0.9011236669801848,0.09155333821028128,0.004236280554760401,2936116,66,65,1,0,28,0,76.5,0.1,0,833.2,0.9469003360853254,160,0,4.446982880701069,10.105107305010259,3.87852496196103,2.4677437953149615,Low
NCR,"NCR, THIRD DISTRICT (NOT A PROVINCE)",MANILA CITY,353357,0.9267398127106581,0.06808977889216854,0.0039167187858171765,1583978,11,46,0,0,11,24,76.5,0.1,0,833.2,0.9607847021567424,68,0.015151725592148377,4.482656350376532,9.487993977577759,4.256868294708177,2.4875399100765057,Low
NCR,"NCR, THIRD DISTRICT (NOT A PROVINCE)",MANILA CITY,81724,0.7945279232538789,0.19693113406098575,0.007231657774949831,365525,3,22,0,0,3,71,76.5,0.1,0,833.2,0.8929934902843718,28,0.19424115997537789,4.4726763251921104,8.021886465872866,4.454091619544222,2.48200174051601,Low
NCR,"NCR, THIRD DISTRICT (NOT A PROVINCE)",MANILA CITY,56260,0.757394241023818,0.23777106292214717,0.003519374333451831,249463,1,12,1,0,4,0,76.5,0.1,0,833.2,0.8762797724848916,18,0,4.43410949164593,7.64001507983431,4.488554810163185,2.460600024624194,Low
NCR,"NCR, THIRD DISTRICT (NOT A PROVINCE)",MANILA CITY,147161,0.914637709719287,0.0825490449235871,0.0019502449697949864,620422,9,45,4,0,8,0,76.5,0.1,0,833.2,0.9559122321810806,66,0,4.215940364634652,8.550816832838441,4.004073875615455,2.3395324325163322,Low
REGION VI,NEGROS OCCIDENTAL,BACOLOD,126516,0.7200354105409592,0.25832305795314425,0.013634639097031205,561875,6,1,28,0,2,60,20.2,0.6,0.1,1127.8,0.8491969395175314,37,0.1067853170189099,4.44113787979386,8.754911512877392,4.439257616313597,3.9244674779829167,Low
REGION VI,NEGROS OCCIDENTAL,BAGO,39765,0.4682258267320508,0.5180435055953728,0.008902301018483591,170981,1,1,37,0,0,61,20.2,0.6,0.1,1127.8,0.7272475795297373,39,0.35676478673068934,4.299786244184585,7.565544978688104,4.389504690300178,3.7995603231224058,Low
REGION VI,NEGROS OCCIDENTAL,BINALBAGAN,14823,0.4840450651015314,0.5095459758483438,0.0028334345274235984,67270,0,1,16,0,0,25,20.2,0.6,0.1,1127.8,0.7388180530257034,17,0.37163668797383675,4.538217634756797,6.633505192155642,4.70053993287417,4.010253227363947,High
REGION VI,NEGROS OCCIDENTAL,CADIZ,34947,0.44504535439379633,0.5407903396571951,0.009156723037742868,154723,1,1,25,0,0,65,20.2,0.6,0.1,1127.8,0.7154405242223939,27,0.42010560808670977,4.427361433027156,7.465683389304801,4.569881180561617,3.9122937471145107,Low
REGION VI,NEGROS OCCIDENTAL,CALATRAVA,18380,0.2674646354733406,0.7165941240478781,0.012241566920565832,80624,0,1,40,0,0,4,20.2,0.6,0.1,1127.8,0.6257616974972797,41,0.049613018456042865,4.3865070729053315,6.814369270771726,4.5974382003399406,3.8761922767320276,Low
REGION VI,NEGROS OCCIDENTAL,CANDONI,4947,0.2927026480695371,0.7020416413988275,0.0014149989892864362,21789,0,1,9,0,0,12,20.2,0.6,0.1,1127.8,0.6437234687689508,10,0.550736610216164,4.404487568223166,5.5089382961036755,4.67294513167541,3.8920809681041004,High
REGION VI,NEGROS OCCIDENTAL,CAUAYAN,22604,0.2388515307025305,0.7496018403822332,0.010130950274287736,102165,0,1,24,0,1,5,20.2,0.6,0.1,1127.8,0.6136524508936472,26,0.04894043948514657,4.51977526101575,7.050930541520322,4.8012654514454525,3.9939563913001885,High
REGION VI,NEGROS OCCIDENTAL,ESCALANTE,21519,0.451833263627492,0.534225568102607,0.010223523397927413,94070,1,1,24,0,0,39,20.2,0.6,0.1,1127.8,0.7189460476787954,26,0.41458488359732115,4.371485663831963,6.968455145026478,4.51483700888796,3.8629184192257955,Low
REGION VI,NEGROS OCCIDENTAL,HIMAMAYLAN,25229,0.4028300764992667,0.5811566054936779,0.004835704942724642,106880,1,1,22,0,0,2,20.2,0.6,0.1,1127.8,0.6934083792461057,24,0.0187125748502994,4.236394625232867,7.096009867152442,4.448630134738847,3.7435435198421954,Low
REGION VI,NEGROS OCCIDENTAL,KABANKALAN,39841,0.3070706056574885,0.6687332145277478,0.011671393790316509,181977,2,1,32,0,0,6,20.2,0.6,0.1,1127.8,0.6414372129213624,35,0.03297119965709952,4.567581135011672,7.627841544483833,4.787758930022293,4.036200654556941,High
REGION VI,NEGROS OCCIDENTAL,SIPALAY,14783,0.3618345396739498,0.6297774470675777,0.004058716092809308,70070,1,1,17,0,0,7,20.2,0.6,0.1,1127.8,0.6767232632077387,19,0.0999000999000999,4.739903943719137,6.674232991937493,4.980946531807739,4.188475876986763,High
REGION VI,NEGROS OCCIDENTAL,TALISAY,22840,0.6256567425569177,0.3611646234676007,0.003415061295971979,102214,0,1,27,0,0,7,20.2,0.6,0.1,1127.8,0.8062390542907181,28,0.06848376934666484,4.475218914185639,7.051409627410768,4.554585343093341,3.954583613691084,Low
REGION VI,NEGROS OCCIDENTAL,VICTORIAS,19063,0.6141740544510308,0.3611183968945077,0.017206106069349,87933,0,1,19,0,0,8,20.2,0.6,0.1,1127.8,0.7947332528982847,20,0.09097835852296636,4.612757698158737,6.9010567991755565,4.732723152700836,4.076121494133741,High
REGION VI,NEGROS OCCIDENTAL,ENRIQUE B. MAGALONA,14180,0.5919605077574048,0.39358251057827925,0.006488011283497884,62921,0,1,23,0,0,19,20.2,0.6,0.1,1127.8,0.7887517630465445,24,0.3019659573115494,4.437306064880113,6.566761715549921,4.528707462005771,3.9210814464257635,Low
REGION VI,NEGROS OCCIDENTAL,HINIGARAN,20421,0.4978698398707213,0.4805347436462465,0.014152098330150336,85602,0,1,24,0,0,10,20.2,0.6,0.1,1127.8,0.7381372116938445,25,0.11681970047428798,4.191861319230204,6.874217698991759,4.346644175109119,3.704191102550746,Low
REGION VI,NEGROS OCCIDENTAL,HINOBA AN,12368,0.38090232858990947,0.6140038809831824,0.0023447606727037516,56819,0,1,16,0,0,20,20.2,0.6,0.1,1127.8,0.6879042690815007,17,0.35199493127298964,4.594032988357051,6.464903542159087,4.809016154423362,4.05957516825052,High
REGION VI,NEGROS OCCIDENTAL,ILOG,12698,0.32682312175145695,0.6670341786108048,0.0030713498188691133,57389,0,1,15,0,0,1,20.2,0.6,0.1,1127.8,0.6603402110568594,16,0.017424942062067645,4.519530634745629,6.474869946668411,4.796016240043225,3.993740224212534,High
REGION VI,NEGROS OCCIDENTAL,ISABELA,13332,0.38913891389138916,0.5999099909990999,0.0036003600360036,62146,0,1,30,0,0,4,20.2,0.6,0.1,1127.8,0.6890939093909392,31,0.06436456087278344,4.661416141614161,6.554385737604987,4.846574790198033,4.1191191411419315,High
REGION VI,NEGROS OCCIDENTAL,LA CARLOTA,15375,0.5953170731707317,0.39499186991869917,0.004357723577235772,64469,1,1,14,0,0,1,20.2,0.6,0.1,1127.8,0.7928130081300813,16,0.015511331027315453,4.1931056910569104,6.591032463339712,4.337301968951121,3.7052907074035124,Low
REGION VI,NEGROS OCCIDENTAL,LA CASTELLANA,16740,0.4175627240143369,0.567741935483871,0.01033452807646356,74855,1,1,14,0,0,31,20.2,0.6,0.1,1127.8,0.7014336917562725,16,0.4141339923852782,4.471624850657109,6.740210417089344,4.671416725656802,3.9514076741428665,High
REGION VI,NEGROS OCCIDENTAL,MANAPLA,12254,0.5698547413089603,0.42059735596539904,0.003101028235678146,54845,0,1,15,0,0,7,20.2,0.6,0.1,1127.8,0.7801534192916598,16,0.1276324186343331,4.475681410151787,6.429599833785275,4.6224520068218045,3.95499230408237,Low
REGION VI,NEGROS OCCIDENTAL,MOISES PADILLA,8841,0.32903517701617463,0.6605587603212306,0.005768578215134035,41386,0,1,15,0,0,28,20.2,0.6,0.1,1127.8,0.65931455717679,16,0.6765572899047987,4.6811446668928856,6.148555920283648,4.899429370225725,4.136552501226783,High
REGION VI,NEGROS OCCIDENTAL,MURCIA,18227,0.5009601141164207,0.4885609260986449,0.005650957370933231,81286,0,1,25,0,1,5,20.2,0.6,0.1,1127.8,0.7452405771657431,27,0.06151120734197771,4.459647775278433,6.822537757525704,4.604507021392665,3.9408239804866043,Low
REGION VI,NEGROS OCCIDENTAL,PONTEVEDRA,12008,0.5097435043304464,0.4661892071952032,0.004247168554297135,51866,0,1,20,0,0,19,20.2,0.6,0.1,1127.8,0.7428381079280479,21,0.3663286160490495,4.319287141905396,6.373844924706964,4.462475912538701,3.816792537245951,Low
REGION VI,NEGROS OCCIDENTAL,PULUPANDAN,6267,0.6448061273336525,0.34769427158129884,0.004786979415988511,27735,0,1,8,0,0,16,20.2,0.6,0.1,1127.8,0.818653263124302,9,0.5768884081485487,4.4255624700813785,5.749359466238196,4.520656748084043,3.910704070827512,Low
REGION VI,NEGROS OCCIDENTAL,SAGAY,33246,0.4148168200685797,0.5701738555014138,0.010256873007279071,146264,2,1,26,0,4,5,20.2,0.6,0.1,1127.8,0.6999037478192865,33,0.03418476180057978,4.3994465499608975,7.409493279096066,4.568809091464593,3.887626408763306,Low
REGION VI,NEGROS OCCIDENTAL,SALVADOR BENEDICTO,5862,0.24564994882292732,0.7430910951893551,0.0017059024223814397,25662,0,1,7,0,0,38,20.2,0.6,0.1,1127.8,0.6171954964176048,8,1.480788714831268,4.377686796315251,5.671932850818704,4.5969466359679405,3.8683981281238347,Low
REGION VI,NEGROS OCCIDENTAL,SAN CARLOS,30569,0.36275311590173054,0.6191566619778207,0.006379011416794792,132536,2,1,29,0,0,6,20.2,0.6,0.1,1127.8,0.672331446890641,32,0.04527071889901611,4.335634139160588,7.310997090730909,4.53545459903192,3.8312377674610625,Low
REGION VI,NEGROS OCCIDENTAL,SAN ENRIQUE,5557,0.5688321036530503,0.41515206046427927,0.014576210185351808,23907,0,1,10,0,0,34,20.2,0.6,0.1,1127.8,0.7764081338851899,11,1.4221776048855983,4.3021414432247616,5.601345440717532,4.355772054014946,3.8016415244468242,Low
REGION VI,NEGROS OCCIDENTAL,SILAY,28348,0.6637152532806547,0.3120149569634542,0.012981515450825456,126930,1,1,22,0,0,14,20.2,0.6,0.1,1127.8,0.8197227317623819,24,0.11029701410226109,4.477564554818682,7.267808046645562,4.555278075479921,3.9566563686085328,Low
REGION VI,NEGROS OCCIDENTAL,TOBOSO,9724,0.3305224187577129,0.6603249691484986,0.005861785273549979,42114,0,1,9,0,0,3,20.2,0.6,0.1,1127.8,0.6606849033319622,10,0.07123521869212138,4.330933772110242,6.165956553644648,4.625557620996077,3.827084228858357,Low
REGION VI,NEGROS OCCIDENTAL,VALLADOLID,8836,0.6152105024898143,0.3726799456767768,0.008601177003168854,37833,1,1,16,0,0,12,20.2,0.6,0.1,1127.8,0.8015504753282028,18,0.3171834113075886,4.28168854685378,6.058995629034316,4.382220142576865,3.7835680647139776,Low
REGION VII,NEGROS ORIENTAL,AMLAN,5524,0.41437364228819695,0.582729905865315,0.0010861694424330196,23624,0,1,8,0,0,9,87.5,1.3,0.1,494,0.7057385952208545,9,0.3809685066034541,4.276611151339609,4.770966754154866,4.502117006414243,4.645811622764714,Low
REGION VII,NEGROS ORIENTAL,AYUNGON,10412,0.24769496734537072,0.747406838263542,0.003073376872839032,46303,0,1,11,0,0,1,87.5,1.3,0.1,494,0.6213983864771417,12,0.021596872772822497,4.447080291970803,5.439752091650408,4.77759374871691,4.830997389447999,High
REGION VII,NEGROS ORIENTAL,BACONG,8255,0.6109024833434282,0.38328285887341007,0.0018170805572380376,36527,0,1,21,0,0,14,87.5,1.3,0.1,494,0.8025439127801333,22,0.3832781230322775,4.424833434282253,5.2037580737574824,4.502786176332636,4.806829957254151,Low
REGION VII,NEGROS ORIENTAL,BAIS,17577,0.3789611424020026,0.6020936451043978,0.006542640951243101,76291,0,1,34,0,0,8,87.5,1.3,0.1,494,0.6800079649542015,35,0.104861648162955,4.340388007054674,5.937392696104767,4.515369824092482,4.7150943438397,Low
REGION VII,NEGROS ORIENTAL,BASAY,5914,0.3143388569496111,0.6746702739262767,0.003550896178559351,26566,0,1,10,0,0,1,87.5,1.3,0.1,494,0.6516739939127494,11,0.037642098923435965,4.492052756171796,4.887397136280038,4.794685465794754,4.879852333116164,High
REGION VII,NEGROS ORIENTAL,BINDOY,8673,0.22172258734002076,0.7644413697682463,0.013144240747146317,39819,0,1,10,0,0,20,87.5,1.3,0.1,494,0.6039432722241439,11,0.50227278434918,4.591144932549291,5.289596076414808,4.899822041617119,4.987499151694799,High
REGION VII,NEGROS ORIENTAL,CANLAON,12624,0.4326679340937896,0.5504594423320659,0.010535487959442333,54509,0,1,13,0,0,16,87.5,1.3,0.1,494,0.7078976552598226,14,0.2935295088884404,4.317886565272497,5.602257504989552,4.529713767813151,4.690650349269874,Low
REGION VII,NEGROS ORIENTAL,BAYAWAN,25532,0.29406235312548956,0.6931301895660348,0.006501644994516685,117900,2,1,35,0,0,23,87.5,1.3,0.1,494,0.640627447908507,38,0.19508057675996607,4.617734607551308,6.371742778830881,4.8123650395569415,5.016384317261281,High
REGION VII,NEGROS ORIENTAL,GUIHULNGAN,22324,0.2541211252463716,0.7356208564773338,0.0075703278982261245,95969,2,2,33,0,0,1,87.5,1.3,0.1,494,0.6219315534850385,37,0.010420031468495034,4.2989159648808455,6.166321701940507,4.532696392445586,4.670042014148559,Low
REGION VII,NEGROS ORIENTAL,TANJAY,18281,0.48345276516601937,0.5071932607625403,0.0055248618784530384,80532,0,2,25,0,0,3,87.5,1.3,0.1,494,0.7370493955472895,27,0.037252272388615705,4.4052294732235655,5.991353360927028,4.5603753761895875,4.7855335833460035,Low
REGION VII,NEGROS ORIENTAL,DAUIN,6500,0.49923076923076926,0.4956923076923077,0.002307692307692308,27786,0,1,20,0,0,20,87.5,1.3,0.1,494,0.7470769230769231,21,0.7197869430648528,4.27476923076923,4.931966071648789,4.38183238162179,4.643810688919841,Low
REGION VII,NEGROS ORIENTAL,DUMAGUETE,29262,0.7470097737680268,0.239730708769052,0.007518283097532636,131377,3,1,27,0,0,1,87.5,1.3,0.1,494,0.8668751281525529,31,0.007611682410163118,4.489679447747933,6.47980167660418,4.502146158249325,4.877274136626045,Low
REGION VII,NEGROS ORIENTAL,JIMALALUD,7100,0.22605633802816902,0.7525352112676056,0.014929577464788733,30945,0,1,10,0,0,19,87.5,1.3,0.1,494,0.6023239436619718,11,0.6139925674583939,4.358450704225352,5.038908675068496,4.658688985797157,4.734716396321073,High
REGION VII,NEGROS ORIENTAL,LA LIBERTAD,9138,0.21164368570803238,0.7706281462026702,0.005909389363099146,38602,0,1,11,0,0,6,87.5,1.3,0.1,494,0.5969577588093675,12,0.15543236101756386,4.22433792952506,5.258714982167558,4.567254703759412,4.589025646001472,Low
REGION VII,NEGROS ORIENTAL,MABINAY,17645,0.27894587701898554,0.6972513459903655,0.020402380277699066,78864,0,2,32,0,0,16,87.5,1.3,0.1,494,0.6275715500141683,34,0.2028809089064719,4.469481439501275,5.970476470244032,4.691991329839435,4.855332431348579,High
REGION VII,NEGROS ORIENTAL,MANJUYOD,9923,0.3884913836541369,0.5984077395948806,0.0044341429003325605,42332,0,1,16,0,0,35,87.5,1.3,0.1,494,0.6876952534515772,17,0.8267976944155722,4.266048574019954,5.350495727148909,4.438489260963145,4.634337176587246,Low
REGION VII,NEGROS ORIENTAL,PAMPLONA,8701,0.3875416618779451,0.5624640845879784,0.048500172393977706,37596,0,1,15,0,0,1,87.5,1.3,0.1,494,0.6687737041719343,16,0.02659857431641664,4.320882657165843,5.232447741217565,4.587986681512743,4.693905094218247,Low
REGION VII,NEGROS ORIENTAL,SAN JOSE,4583,0.49356316823041674,0.5025092734017019,0.0024001745581496837,20413,0,1,8,0,0,1,87.5,1.3,0.1,494,0.7448178049312677,9,0.048988389751628864,4.454069386864499,4.626207364637542,4.67029530464782,4.8385898539346455,High
REGION VII,NEGROS ORIENTAL,SANTA CATALINA,16712,0.27124222115844904,0.7072163714696027,0.009214935375777885,75756,0,1,25,0,0,22,87.5,1.3,0.1,494,0.6248504068932503,26,0.2904060404456412,4.5330301579703205,5.930374005517784,4.7815253191848335,4.92436732005545,High
REGION VII,NEGROS ORIENTAL,SIATON,17820,0.3212121212121212,0.6676767676767676,0.0026936026936026937,77696,0,1,26,0,0,5,87.5,1.3,0.1,494,0.6550505050505051,27,0.06435337726523888,4.360044893378227,5.955593775031276,4.594752273794009,4.736448212058633,Low
REGION VII,NEGROS ORIENTAL,SIBULAN,13886,0.5486821258821835,0.4385712228143454,0.00583321330836814,59455,0,1,15,0,0,3,87.5,1.3,0.1,494,0.7679677372893562,16,0.05045832982928265,4.281650583321331,5.688804428330031,4.447463465185598,4.651286109652651,Low
REGION VII,NEGROS ORIENTAL,TAYASAN,8447,0.19024505741683437,0.8007576654433527,0.0023677045104770924,35470,0,1,9,0,0,10,87.5,1.3,0.1,494,0.5906238901385107,10,0.28192839018889204,4.199123949331123,5.174557392025933,4.544788197354975,4.561634939178745,Low
REGION VII,NEGROS ORIENTAL,VALENCIA,7965,0.6005021971123666,0.38192090395480227,0.0077840552416823605,34852,0,1,11,0,0,28,87.5,1.3,0.1,494,0.7914626490897678,12,0.8033972225410306,4.3756434400502195,5.157080983719589,4.465854141486927,4.753393383565348,Low
REGION VII,NEGROS ORIENTAL,VALLEHERMOSO,8496,0.3318032015065913,0.6498352165725048,0.006002824858757062,38259,0,1,15,0,0,20,87.5,1.3,0.1,494,0.6567208097928436,16,0.5227528163307981,4.503177966101695,5.249836356085672,4.737779082537395,4.891937984060097,High
REGION VII,NEGROS ORIENTAL,ZAMBOANGUITA,6600,0.42257575757575755,0.5675757575757576,0.00393939393939394,27552,0,1,10,0,0,7,87.5,1.3,0.1,494,0.7063636363636363,11,0.2540650406504065,4.174545454545455,4.923570155661506,4.403056098136217,4.534934579313306,Low
REGION I,ILOCOS NORTE,ADAMS,411,0.6082725060827251,0.39172749391727496,0,1792,0,1,1,0,1,3,100,0.3,0.1,61932.6,0.8041362530413626,3,1.6741071428571428,4.360097323600973,7.0128711887263755,4.394644632418496,4.460453089822442,Low
REGION I,ILOCOS NORTE,BACARRA,7717,0.915381624983802,0.08137877413502656,0.001295840352468576,32215,1,1,5,0,0,3,100,0.3,0.1,61932.6,0.9560710120513153,7,0.09312432096849294,4.174549695477517,9.901120550896705,4.183868334900946,4.270634737215358,Low
REGION I,ILOCOS NORTE,BADOC,7155,0.8078266946191475,0.18364779874213835,0.0011180992313067784,31616,0,1,7,0,0,1,100,0.3,0.1,61932.6,0.8996505939902166,8,0.031629554655870445,4.418728162124388,9.882352639421198,4.486096880470924,4.52043342637022,Low
REGION I,ILOCOS NORTE,BANGUI,3534,0.8921901528013583,0.10384833050367855,0.003395585738539898,14672,1,1,4,0,0,0,100,0.3,0.1,61932.6,0.9441143180531976,6,0,4.151669496321449,9.114689207643242,4.18512034368707,4.247227907631758,Low
REGION I,ILOCOS NORTE,BANNA,4421,0.8305813164442434,0.16738294503505993,0.001130965844831486,19438,0,1,4,0,1,1,100,0.3,0.1,61932.6,0.9142727889617733,6,0.05144562197756971,4.396742818366885,9.395951224766442,4.455443204488823,4.497942048950009,Low
REGION I,ILOCOS NORTE,BURGOS,2352,0.7971938775510204,0.19600340136054423,0.006377551020408163,9777,0,1,3,0,0,1,100,0.3,0.1,61932.6,0.8951955782312926,4,0.10228086325048584,4.156887755102041,8.708836071048268,4.2378134408124755,4.25256627436394,Low
REGION I,ILOCOS NORTE,CARASI,304,0.8980263157894737,0.10197368421052631,0,1567,0,1,1,0,0,3,100,0.3,0.1,61932.6,0.9490131578947368,2,1.9144862795149968,5.154605263157895,6.8788310886318635,5.026565866957,5.273248110406589,High
REGION I,ILOCOS NORTE,BATAC,12348,0.865808228053126,0.1317622287010042,9.718172983479105e-4,55201,2,1,10,0,0,78,100,0.3,0.1,61932.6,0.9316893424036281,13,1.4130178801108675,4.470440557175251,10.439648567534322,4.3623142852347545,4.573336078574377,Low
REGION I,ILOCOS NORTE,CURRIMAO,2658,0.8660647103085026,0.12264860797592174,0.004138449962377728,12184,0,1,4,0,0,8,100,0.3,0.1,61932.6,0.9273890142964635,5,0.6565988181221273,4.583897667419112,8.9288943773757,4.578979890927247,4.689404615671067,Low
REGION I,ILOCOS NORTE,DINGRAS,8394,0.8844412675720753,0.10721944245889921,0.006433166547533953,38562,1,1,9,0,0,1,100,0.3,0.1,61932.6,0.9380509888015249,11,0.025932264924018466,4.593995711222302,10.080947454782446,4.6118223922941075,4.69973508477305,Low
REGION I,ILOCOS NORTE,DUMALNEG,555,0.8504504504504504,0.14954954954954955,0,2947,0,1,1,0,0,7,100,0.3,0.1,61932.6,0.9252252252252252,2,2.375296912114014,5.30990990990991,7.509973697792087,5.164338081498269,5.432127383059313,High
REGION I,ILOCOS NORTE,LAOAG,23229,0.9303026389427009,0.0676740281544621,0.00111929054199492,111125,5,3,12,0,0,11,100,0.3,0.1,61932.6,0.964139653019932,20,0.09898762654668167,4.783890826122519,11.13930847230491,4.734154426785824,4.8940009896678776,High
REGION I,ILOCOS NORTE,MARCOS,3919,0.8703750956876755,0.12401122735391681,0.0030620056136769582,17777,2,1,1,0,0,2,100,0.3,0.1,61932.6,0.9323807093646339,4,0.11250492209034145,4.5361061495279404,9.306634559304449,4.578988303912416,4.640513086922134,Low
REGION I,ILOCOS NORTE,NUEVA ERA,2038,0.7247301275760549,0.260549558390579,0.006378802747791953,9506,0,1,4,0,0,2,100,0.3,0.1,61932.6,0.8550049067713444,5,0.21039343572480537,4.664376840039254,8.680731268007143,4.771890197355505,4.771736166445578,High
REGION I,ILOCOS NORTE,PAGUDPUD,5427,0.7131011608623549,0.28634604754007736,5.52791597567717e-4,23770,0,1,5,0,0,13,100,0.3,0.1,61932.6,0.8562741846323936,6,0.5469078670593185,4.379952091394878,9.597130455605088,4.452175803973102,4.480764852102301,Low
REGION I,ILOCOS NORTE,PAOAY,5436,0.8749080206033848,0.12398822663723326,7.358351729212656e-4,24866,0,1,7,0,0,1,100,0.3,0.1,61932.6,0.9369021339220014,8,0.040215555376819756,4.574319352465047,9.642204588952069,4.603641443194471,4.679605837946338,Low
REGION I,ILOCOS NORTE,PASUQUIN,6441,0.8448998602701444,0.15028722248098123,0.003881384878124515,28980,0,1,6,0,0,36,100,0.3,0.1,61932.6,0.920043471510635,7,1.2422360248447206,4.499301350721938,9.795299899845373,4.44144002375827,4.602861157075085,Low
REGION I,ILOCOS NORTE,PIDDIG,4866,0.8662145499383477,0.13234689683518291,8.220304151253596e-4,21497,0,1,5,0,1,45,100,0.3,0.1,61932.6,0.9323879983559391,7,2.0933153463273944,4.417796958487464,9.496626746644784,4.271129356550407,4.51948078934602,Low
REGION I,ILOCOS NORTE,PINILI,3812,0.8103357817418678,0.1859916054564533,5.246589716684155e-4,17300,0,1,5,0,0,3,100,0.3,0.1,61932.6,0.9033315844700944,6,0.17341040462427745,4.538300104931794,9.279438077967805,4.596976896274594,4.642757540298686,Low
REGION I,ILOCOS NORTE,SAN NICOLAS,7846,0.9297731328065256,0.06704053020647463,0.0012745347947998981,36736,1,1,5,0,0,37,100,0.3,0.1,61932.6,0.963293397909763,7,1.0071864111498257,4.682131022176906,10.032439401037356,4.602152307295081,4.789898994175248,Low
REGION I,ILOCOS NORTE,SARRAT,5594,0.9188416160171612,0.07865570253843404,0,25212,0,1,6,0,0,5,100,0.3,0.1,61932.6,0.9581694672863782,7,0.19831826114548626,4.506971755452271,9.656022361000288,4.504720401213518,4.610708110466334,Low
REGION I,ILOCOS NORTE,SOLSONA,5270,0.9005692599620493,0.09335863377609108,0.0015180265654648956,24121,0,1,5,0,1,7,100,0.3,0.1,61932.6,0.9472485768500948,7,0.2902035570664566,4.5770398481973436,9.611788016205816,4.577453126132541,4.682388950958353,Low
REGION I,ILOCOS NORTE,VINTAR,7686,0.9151704397606037,0.08157689305230288,0.0010408534998698933,32220,0,1,6,0,0,5,100,0.3,0.1,61932.6,0.9559588862867552,7,0.15518311607697083,4.192037470725995,9.901275738277384,4.195895010124436,4.2885250262047725,Low
REGION I,ILOCOS SUR,ALILEM,1475,0.8311864406779661,0.16,6.779661016949153e-4,6695,0,1,6,0,1,3,100,0.3,0.1,61932.6,0.9111864406779661,8,0.4480955937266617,4.538983050847458,8.33024037085679,4.557259634955068,4.643456205487468,Low
REGION I,ILOCOS SUR,BANAYOYO,1780,0.797752808988764,0.1943820224719101,0.0016853932584269663,7748,0,1,3,0,0,8,100,0.3,0.1,61932.6,0.8949438202247191,4,1.0325245224574084,4.352808988764045,8.476281367861475,4.35042187751885,4.452997000375296,Low
REGION I,ILOCOS SUR,BANTAY,7712,0.9281639004149378,0.06755705394190871,0.0025933609958506223,35731,2,1,28,0,1,5,100,0.3,0.1,61932.6,0.9619424273858922,32,0.13993451064901627,4.633169087136929,10.00470209586596,4.535146577074809,4.739810108945416,Low
REGION I,ILOCOS SUR,BURGOS,2740,0.7317518248175182,0.25985401459854013,0.0025547445255474453,12224,0,1,8,0,0,5,100,0.3,0.1,61932.6,0.8616788321167883,9,0.40903141361256545,4.461313868613138,8.932171560619071,4.528775394749822,4.56399932226475,Low
REGION I,ILOCOS SUR,CABUGAO,7894,0.8197365087408158,0.17038256903977705,0.0019001773498859894,37501,2,1,17,0,0,3,100,0.3,0.1,61932.6,0.9049277932607044,20,0.07999786672355404,4.7505700532049655,10.053048903054629,4.76164227872265,4.859913277058604,High
REGION I,ILOCOS SUR,CAOAYAN,4318,0.8716998610467809,0.12644742936544698,4.631773969430292e-4,19861,0,1,4,0,1,5,100,0.3,0.1,61932.6,0.9349235757295044,6,0.2517496601379588,4.599583140342752,9.417477552493516,4.619646422883288,4.705451118988518,Low
REGION I,ILOCOS SUR,CERVANTES,3671,0.7826205393625715,0.18114955053119042,0.0019068373740125306,17211,1,1,13,0,0,6,100,0.3,0.1,61932.6,0.8731953146281667,15,0.3486142583231654,4.688368292018524,9.274280773338278,4.726427055552738,4.79627982640725,High
REGION I,ILOCOS SUR,CANDON,13414,0.8286864469956762,0.1659460265394364,0.0017891754882958103,60623,4,1,41,0,0,5,100,0.3,0.1,61932.6,0.9116594602653944,46,0.08247694769311976,4.519382734456538,10.533339241477105,4.422381370915961,4.6234047512838785,Low
REGION I,ILOCOS SUR,VIGAN,11106,0.9157212317666127,0.07842607599495768,0.0034215739240050424,53879,5,1,37,0,0,20,100,0.3,0.1,61932.6,0.9549342697640916,43,0.3712021381243156,4.851341617143886,10.415409007759447,4.696797598837178,4.963004286358912,High
REGION I,ILOCOS SUR,GALIMUYOD,2313,0.7622135754431474,0.23043666234327712,0.0017293558149589277,10748,0,1,3,0,0,6,100,0.3,0.1,61932.6,0.877431906614786,4,0.5582433941198363,4.646779074794639,8.80350815580149,4.704529807965575,4.753733355835267,High
REGION I,ILOCOS SUR,GREGORIO DEL PILAR,905,0.7679558011049724,0.23093922651933702,0.0011049723756906078,4875,0,1,2,0,1,22,100,0.3,0.1,61932.6,0.883425414364641,4,4.512820512820513,5.386740331491713,8.01308950803589,5.083274453417131,5.510726199989821,High
REGION I,ILOCOS SUR,LIDLIDDA,996,0.7881526104417671,0.20682730923694778,0.002008032128514056,4647,0,1,2,0,0,6,100,0.3,0.1,61932.6,0.891566265060241,3,1.2911555842479019,4.6656626506024095,7.965207498628136,4.647266461780931,4.773051572335329,High
REGION I,ILOCOS SUR,MAGSINGAL,7166,0.7860731230812169,0.20094892548144014,0.011303377058331008,30792,1,1,8,0,0,1,100,0.3,0.1,61932.6,0.8865475858219369,10,0.03247596778383996,4.296957856544795,9.855945600425796,4.369568828358942,4.395860350253072,Low
REGION I,ILOCOS SUR,NAGBUKEL,1182,0.7690355329949239,0.23096446700507614,0,5259,0,1,5,0,0,3,100,0.3,0.1,61932.6,0.8845177664974619,6,0.5704506560182544,4.449238578680203,8.08888612173124,4.490953605369,4.551646097028167,Low
REGION I,ILOCOS SUR,NARVACAN,9605,0.849869859448204,0.1439875065070276,0.0024986985944820406,44006,1,1,8,0,0,2,100,0.3,0.1,61932.6,0.9218636127017178,10,0.045448347952551926,4.581572097865695,10.213000927688746,4.617737753026373,4.687025518799996,Low
REGION I,ILOCOS SUR,QUIRINO,1824,0.8004385964912281,0.17543859649122806,5.482456140350877e-4,8573,0,1,9,0,0,42,100,0.3,0.1,61932.6,0.888157894736842,10,4.899101831330923,4.700109649122807,8.577444301603535,4.333931110068764,4.808291432728748,Low
REGION I,ILOCOS SUR,SALCEDO,2650,0.7588679245283019,0.23924528301886794,3.773584905660377e-4,11288,0,1,4,0,2,1,100,0.3,0.1,61932.6,0.8784905660377358,7,0.08858965272856131,4.259622641509434,8.85252149399432,4.34682410666424,4.35766579565856,Low
REGION I,ILOCOS SUR,SAN EMILIO,1530,0.6620915032679738,0.3352941176470588,6.5359477124183e-4,7407,0,1,4,0,0,11,100,0.3,0.1,61932.6,0.8297385620915032,5,1.4850816794923722,4.841176470588235,8.431281713315991,4.85945679797012,4.952605170009555,High
REGION I,ILOCOS SUR,SAN ESTEBAN,1884,0.8158174097664543,0.18099787685774946,0.0015923566878980893,8349,0,1,7,0,0,6,100,0.3,0.1,61932.6,0.906316348195329,8,0.7186489399928135,4.431528662420382,8.550973395262902,4.430400145779459,4.533528554038008,Low
REGION I,ILOCOS SUR,SAN ILDEFONSO,1697,0.9292869770182676,0.0695344725987036,0,7787,0,1,2,0,0,4,100,0.3,0.1,61932.6,0.9640542133176193,3,0.5136766405547708,4.588685916322923,8.481301255411623,4.567675526766943,4.694303075047704,Low
REGION I,ILOCOS SUR,SAN JUAN,6151,0.827182571939522,0.16777759713867663,0.002601203056413591,26411,0,1,9,0,0,31,100,0.3,0.1,61932.6,0.9110713705088603,10,1.1737533603422816,4.29377337018371,9.702479972167962,4.2393518526785385,4.392602567003163,Low
REGION I,ILOCOS SUR,SAN VICENTE,2761,0.9206809127127852,0.06990220934444041,0.00796812749003984,12758,0,1,4,0,0,6,100,0.3,0.1,61932.6,0.9556320173850054,5,0.4702931493964571,4.620789568996741,8.974923326027335,4.604364726638504,4.727145653122371,Low
REGION I,ILOCOS SUR,SANTA,3412,0.9352286049237983,0.05656506447831184,0.003223915592028136,15340,0,1,26,0,0,4,100,0.3,0.1,61932.6,0.9635111371629542,27,0.2607561929595828,4.495896834701055,9.159207296331871,4.404825827413094,4.599378279772669,Low
REGION I,ILOCOS SUR,SANTA CATALINA,2765,0.9573236889692586,0.04122965641952984,0.0014466546112115732,13945,0,1,9,0,0,4,100,0.3,0.1,61932.6,0.9779385171790235,10,0.28684116170670493,5.043399638336347,9.063875049819822,5.001696995585079,5.15948288086551,High
REGION I,ILOCOS SUR,SANTA CRUZ,8851,0.758558354988137,0.23545362105976725,6.778895040108463e-4,39868,0,1,6,0,1,5,100,0.3,0.1,61932.6,0.8762851655180206,8,0.1254138657569981,4.50434979098407,10.114252744696676,4.586684750360072,4.608025796599097,Low
REGION I,ILOCOS SUR,SANTA LUCIA,5795,0.8125970664365832,0.18360655737704917,0.0015530629853321828,25402,1,1,7,0,0,1,100,0.3,0.1,61932.6,0.9044003451251078,9,0.03936697897803322,4.383433994823124,9.663529721439216,4.441445163382807,4.484326898027495,Low
REGION I,ILOCOS SUR,SANTA MARIA,6648,0.8574007220216606,0.13989169675090252,0.00105294825511432,30321,1,1,32,0,0,37,100,0.3,0.1,61932.6,0.9273465703971119,34,1.2202763761089672,4.5609205776173285,9.840532040711238,4.39267441359927,4.665898665322956,Low
REGION I,ILOCOS SUR,SANTIAGO,4295,0.8258440046565774,0.1538998835855646,0.016530849825378346,18759,0,1,3,0,0,11,100,0.3,0.1,61932.6,0.9027939464493597,4,0.5863852017698171,4.367636786961583,9.360397955358552,4.397553871018073,4.468166087984296,Low
REGION I,ILOCOS SUR,SANTO DOMINGO,6475,0.8982239382239382,0.09915057915057915,0.001698841698841699,27975,0,1,36,0,0,2,100,0.3,0.1,61932.6,0.9477992277992278,37,0.07149240393208221,4.32046332046332,9.7600072186289,4.223250787456918,4.419906836232999,Low
REGION I,ILOCOS SUR,SIGAY,513,0.5146198830409356,0.4834307992202729,0,2737,0,1,2,0,0,1,100,0.3,0.1,61932.6,0.7563352826510721,3,0.36536353671903543,5.3352826510721245,7.436090438211814,5.5352060517852495,5.458084125148912,High
REGION I,ILOCOS SUR,SINAIT,5872,0.8079019073569482,0.1875,0.0022138964577656677,25640,2,1,6,0,0,5,100,0.3,0.1,61932.6,0.9016519073569482,9,0.19500780031201248,4.366485013623978,9.672854852423932,4.413268100063567,4.466987804436659,Low
REGION I,ILOCOS SUR,SUGPON,849,0.6301531213191991,0.3627797408716137,0.001177856301531213,4585,0,1,3,0,0,9,100,0.3,0.1,61932.6,0.8115429917550059,4,1.9629225736095965,5.400471142520613,7.951780451072638,5.397877244865513,5.5247730512259405,High
REGION I,ILOCOS SUR,SUYO,2497,0.7068482178614337,0.2715258309971966,0,11446,0,1,8,0,0,1,100,0.3,0.1,61932.6,0.842611133360032,9,0.08736676568233444,4.58390068081698,8.866419629178939,4.699310689676059,4.689407698427902,High
REGION I,ILOCOS SUR,TAGUDIN,8492,0.7952190296749883,0.18617522373999057,0.0018841262364578427,39277,1,1,41,0,0,13,100,0.3,0.1,61932.6,0.8883066415449835,43,0.3309825088474171,4.625176636834668,10.099318462790967,4.5408405946907395,4.731633697503176,Low
REGION I,LA UNION,AGOO,13404,0.8451954640405849,0.14726947179946284,0.002909579230080573,63692,2,1,14,0,0,5,100,0.3,0.1,61932.6,0.9188301999403163,17,0.0785027946994913,4.7517159056997915,10.582722565110183,4.76074610983196,4.86108550348423,High
REGION I,LA UNION,ARINGAY,10621,0.7390076264005273,0.2487524715186894,0.00790885980604463,47458,0,1,23,0,0,1,100,0.3,0.1,61932.6,0.863383862159872,24,0.02107126301150491,4.468317484229357,10.288517380025196,4.510684937636051,4.5711641391476645,Low
REGION I,LA UNION,BACNOTAN,9692,0.821811803549319,0.1734420140321915,0.002269913330581923,42078,1,1,9,0,0,18,100,0.3,0.1,61932.6,0.9085328105654148,11,0.42777698559817484,4.341518778373916,10.168201659344906,4.352784366342716,4.441446924750423,Low
REGION I,LA UNION,BAGULIN,2966,0.8007417397167903,0.18880647336480108,0,13456,0,1,9,0,0,2,100,0.3,0.1,61932.6,0.8951449763991909,10,0.14863258026159332,4.536749831422791,9.028183339247402,4.590249095992602,4.641171584355484,Low
REGION I,LA UNION,BALAOAN,8697,0.8099344601586754,0.1766126250431183,0.0042543405772105325,39188,1,1,10,0,1,1,100,0.3,0.1,61932.6,0.8982407726802346,13,0.025518015719097682,4.505921582154766,10.097050027808734,4.555815190429554,4.609633765473081,Low
REGION I,LA UNION,BANGAR,7628,0.798767697954903,0.187860513896172,0.005637126376507604,35947,0,1,9,0,0,1,100,0.3,0.1,61932.6,0.892697954902989,10,0.02781873313489304,4.712506554798113,10.010728796465285,4.779400882651808,4.820973676293437,High
REGION I,LA UNION,BAUANG,16577,0.7970682270615914,0.18109428726548832,0.012064909211558183,75032,0,1,31,0,1,24,100,0.3,0.1,61932.6,0.8876153706943356,33,0.31986352489604436,4.526271339808168,10.746574456994493,4.482600349480498,4.630451910726611,Low
REGION I,LA UNION,BURGOS,1747,0.8202633085289067,0.17687464224384658,0,8067,0,1,4,0,0,2,100,0.3,0.1,61932.6,0.90870062965083,5,0.24792363951902815,4.61763022323984,8.516620049201613,4.668061015631458,4.723913589134509,High
REGION I,LA UNION,CABA,5070,0.7216962524654832,0.25818540433925047,0.008678500986193294,22039,1,1,5,0,0,2,100,0.3,0.1,61932.6,0.8507889546351084,7,0.09074821906620083,4.346942800788955,9.52152512029998,4.461718925877727,4.446995791150599,Low
REGION I,LA UNION,SAN FERNANDO,27912,0.851963313270278,0.13965319575809687,0.0037976497563771854,121812,5,1,59,0,1,1,100,0.3,0.1,61932.6,0.9217899111493264,66,0.00820937181886842,4.36414445399828,11.231130376308817,4.185931067954266,4.464593372468857,Low
REGION I,LA UNION,LUNA,8189,0.836610086701673,0.15703993161558188,0.001953840517767737,35802,0,1,10,0,0,6,100,0.3,0.1,61932.6,0.915130052509464,11,0.16758840288252053,4.371962388570033,10.006687104693285,4.399981033528832,4.47259125137579,Low
REGION I,LA UNION,NAGUILIAN,11874,0.7929088765369715,0.19403739262253664,0.002610746168098366,54221,1,1,35,0,2,1,100,0.3,0.1,61932.6,0.8899275728482399,39,0.018443038675052103,4.566363483240694,10.421736314412874,4.524070818953052,4.671466849563692,Low
REGION I,LA UNION,PUGO,4347,0.8481711525189786,0.13871635610766045,0.0027605244996549345,19690,0,1,5,0,0,45,100,0.3,0.1,61932.6,0.9175293305728088,6,2.28542407313357,4.529560616517138,9.408831141306772,4.3843814706391795,4.633816896269569,Low
REGION I,LA UNION,ROSARIO,12009,0.8272129236406028,0.1579648596885669,0.005662419851777833,55458,1,1,13,0,1,34,100,0.3,0.1,61932.6,0.9061953534848863,16,0.613076562443651,4.618036472645516,10.444293340437882,4.59557089252893,4.724329189127421,Low
REGION I,LA UNION,SAN GABRIEL,3877,0.7206603043590405,0.26541140056744905,0.007222078927005417,18172,0,1,11,0,1,31,100,0.3,0.1,61932.6,0.853366004642765,13,1.705921197446621,4.687129223626515,9.328609046135542,4.630910761365075,4.795012238546833,High
REGION I,LA UNION,SAN JUAN,8462,0.7972110612148429,0.19286220751595368,0.003545261167572678,37188,0,1,10,0,0,8,100,0.3,0.1,61932.6,0.8936421649728197,11,0.21512315800795956,4.394705743323091,10.044667794735377,4.439947175975787,4.495858086827395,Low
REGION I,LA UNION,SANTO TOMAS,8114,0.7633719497165393,0.21592309588365788,0.01725412866650234,39092,0,1,8,0,0,9,100,0.3,0.1,61932.6,0.8713334976583682,9,0.2302261332241891,4.817845698792211,10.094597393981887,4.891826557733684,4.928737397016916,High
REGION I,LA UNION,SANTOL,2780,0.6776978417266187,0.3147482014388489,7.194244604316547e-4,12476,0,1,11,0,0,12,100,0.3,0.1,61932.6,0.8350719424460432,12,0.9618467457518436,4.487769784172662,8.95257445926537,4.520521051409387,4.591064170029225,Low
REGION I,LA UNION,SUDIPEN,3758,0.7690260777009047,0.22511974454497072,7.982969664715274e-4,17056,0,1,9,0,0,9,100,0.3,0.1,61932.6,0.88158594997339,10,0.527673545966229,4.538584353379457,9.265234959516153,4.571626262811194,4.643048331254152,Low
REGION I,LA UNION,TUBAO,6372,0.7926867545511613,0.185969868173258,0.006277463904582548,28729,0,1,6,0,1,4,100,0.3,0.1,61932.6,0.8856716886377903,8,0.13923213477670646,4.508631512868801,9.786601515268874,4.580306222949349,4.6124060702932494,Low
REGION I,PANGASINAN,AGNO,6593,0.5956317306233885,0.3922341877749128,0.0036402244805096313,28052,0,2,7,0,0,23,100,0.3,0.1,61932.6,0.7917488245108448,9,0.8199058890631684,4.254815713635674,9.762755736685707,4.3553913844568966,4.352748227380666,Low
REGION I,PANGASINAN,AGUILAR,8591,0.7518333139331859,0.23955302060295658,0.004423233616575486,41463,0,1,16,0,1,3,100,0.3,0.1,61932.6,0.8716098242346642,18,0.07235366471311772,4.826329880107089,10.153478652993766,4.879198712662991,4.937416857577514,High
REGION I,PANGASINAN,ALCALA,10057,0.7668290742766233,0.2153723774485433,0.005468827682211395,43402,0,1,7,0,0,4,100,0.3,0.1,61932.6,0.8745152630008949,8,0.09216165153679555,4.315601073878891,10.199180973020363,4.402700671134044,4.414932675981208,Low
REGION I,PANGASINAN,ANDA,9321,0.5806243965239781,0.40489217895075635,0.008475485462933162,39504,0,1,18,0,1,1,100,0.3,0.1,61932.6,0.7830704859993562,20,0.025313892264074524,4.238171869971033,10.105081053355141,4.37601754541898,4.335721294633405,Low
REGION I,PANGASINAN,ASINGAN,13064,0.8253214941824862,0.16717697489283528,0.002066748315982854,57355,1,2,17,0,1,5,100,0.3,0.1,61932.6,0.9089099816289039,21,0.0871763577717723,4.390309246785058,10.477926423724712,4.39290605079037,4.49136039672738,Low
REGION I,PANGASINAN,BALUNGAO,6891,0.7620084167755042,0.23001015817733275,0.002902336380786533,31106,0,1,20,0,1,2,100,0.3,0.1,61932.6,0.8770134958641707,22,0.06429627724554748,4.514003773037295,9.866090881765608,4.546599593182763,4.617901983042302,Low
REGION I,PANGASINAN,BANI,12225,0.6493251533742331,0.3391411042944785,0.008016359918200409,50306,0,2,11,0,1,8,100,0.3,0.1,61932.6,0.8188957055214724,14,0.15902675625173937,4.115010224948875,10.346794698861885,4.2283929616452225,4.209724854803253,Low
REGION I,PANGASINAN,BASISTA,6885,0.7774872912127814,0.21045751633986928,0.002904865649963689,32959,0,1,13,0,1,2,100,0.3,0.1,61932.6,0.882716049382716,15,0.06068145271397797,4.787073347857661,9.923951601730884,4.841534386942349,4.897256763072316,High
REGION I,PANGASINAN,BAUTISTA,6860,0.7567055393586006,0.22813411078717202,0.004664723032069971,32307,0,1,6,0,1,17,100,0.3,0.1,61932.6,0.8707725947521866,8,0.5262017519423036,4.709475218658892,9.903972150599518,4.761308633875162,4.817872568303189,High
REGION I,PANGASINAN,BAYAMBANG,25004,0.731682930731083,0.25323948168293076,0.006758918573028316,118205,2,2,26,0,0,13,100,0.3,0.1,61932.6,0.8583026715725484,30,0.10997842730848949,4.727443609022556,11.20107231345582,4.743652823748291,4.836254534660432,High
REGION I,PANGASINAN,BINALONAN,12655,0.8385618332674832,0.14879494271039115,0.006874753062030818,54555,1,1,24,0,0,2,100,0.3,0.1,61932.6,0.9129593046226788,26,0.03666025112272019,4.310944290794152,10.427877211931134,4.294568154611889,4.410168708354496,Low
REGION I,PANGASINAN,BINMALEY,18204,0.7066578773895847,0.27812568666227205,0.011920457042408262,83052,1,2,18,0,4,3,100,0.3,0.1,61932.6,0.8457207207207208,25,0.03612194769541974,4.562294001318391,10.848124607429865,4.6171378671448124,4.667303700930276,Low
REGION I,PANGASINAN,BOLINAO,17601,0.6471791375490029,0.3153798079654565,0.02448724504289529,82084,1,2,11,0,1,6,100,0.3,0.1,61932.6,0.8048690415317312,15,0.07309585302860484,4.663598659167093,10.836401032224801,4.794883065580667,4.770940074290276,High
REGION I,PANGASINAN,BUGALLON,14276,0.7091622303166153,0.27227514710002804,0.014710002801905295,67348,0,2,15,0,0,4,100,0.3,0.1,61932.6,0.8452998038666293,17,0.059393003504187206,4.717567946203419,10.63853542976791,4.801850298264251,4.826151565055321,High
REGION I,PANGASINAN,BURGOS,4768,0.6463926174496645,0.3464765100671141,0.003145973154362416,21637,0,1,11,0,1,16,100,0.3,0.1,61932.6,0.8196308724832215,13,0.7394740490825901,4.537961409395973,9.503117682378338,4.602288113870005,4.64241104905385,Low
REGION I,PANGASINAN,CALASIAO,21504,0.8073381696428571,0.17294456845238096,0.009254092261904762,95154,0,2,25,0,2,11,100,0.3,0.1,61932.6,0.8938104538690476,29,0.11560207663366753,4.424944196428571,10.984151848948775,4.409009950926491,4.5267925342893145,Low
REGION I,PANGASINAN,ALAMINOS,21410,0.7306865950490425,0.2584773470340962,0.006539000467071462,89708,3,2,13,0,3,49,100,0.3,0.1,61932.6,0.8599252685660906,21,0.5462166139028849,4.190004670714619,10.925216198592766,4.200406427738747,4.286445437512416,Low
REGION I,PANGASINAN,URDANETA,29630,0.8146135673304084,0.17418157273034088,0.0037799527505906175,132940,4,3,33,0,4,1,100,0.3,0.1,61932.6,0.9017043536955788,44,0.007522190461862494,4.486668916638542,11.318548292789986,4.414214655569247,4.589937963977018,Low
REGION I,PANGASINAN,DAGUPAN,35748,0.736404833836858,0.24776211256573794,0.008587893028980642,171271,11,1,14,0,5,21,100,0.3,0.1,61932.6,0.8602858901197269,31,0.12261270150813622,4.791065234418709,11.571894773322727,4.800302630838752,4.901340530342617,High
REGION I,PANGASINAN,DASOL,6677,0.6140482252508611,0.36588288153362286,0.008536768009585144,29110,1,1,16,0,0,18,100,0.3,0.1,61932.6,0.7969896660176725,18,0.6183442116111302,4.359742399281115,9.799775471906857,4.4381628880970005,4.4600899962578575,Low
REGION I,PANGASINAN,INFANTA,5584,0.6106733524355301,0.36103151862464183,0.005551575931232092,24584,0,1,10,0,1,4,100,0.3,0.1,61932.6,0.791189111747851,12,0.16270745200130166,4.402578796561604,9.630799750050338,4.55104808078475,4.503912353059934,Low
REGION I,PANGASINAN,LABRADOR,5473,0.7409099214324868,0.23789512150557282,0.009318472501370363,23201,0,1,10,0,0,10,100,0.3,0.1,61932.6,0.8598574821852732,11,0.43101590448687555,4.239174127535173,9.57290322123052,4.298764640256609,4.336746621023384,Low
REGION I,PANGASINAN,LAOAC,7154,0.8353368744758177,0.15376013419066256,0.004333240145373218,31497,0,1,22,0,0,8,100,0.3,0.1,61932.6,0.912216941571149,23,0.2539924437247992,4.402711769639363,9.878581813998535,4.37917852181137,4.504048386760911,Low
REGION I,PANGASINAN,LINGAYEN,21235,0.6981398634330115,0.2832116788321168,0.012573581351542264,103278,3,2,32,0,1,3,100,0.3,0.1,61932.6,0.8397457028490699,38,0.02904781269970371,4.863574287732517,11.066078263953488,4.87446660773986,4.9755185146603065,High
REGION I,PANGASINAN,MABINI,5856,0.59375,0.38575819672131145,0.016564207650273225,24765,0,1,4,0,0,1,100,0.3,0.1,61932.6,0.7866290983606558,5,0.04037956793862306,4.228995901639344,9.638134811266863,4.4202490434198545,4.326334124288457,Low
REGION I,PANGASINAN,MALASIQUI,28609,0.7470026914607292,0.23988954524799888,0.005487783564612534,130275,2,2,73,0,3,2,100,0.3,0.1,61932.6,0.8669474640847286,80,0.01535213970447131,4.553636967387885,11.298298243429844,4.375156574859492,4.65844740922894,Low
REGION I,PANGASINAN,MANAOAG,14633,0.779881090685437,0.2003690289072644,0.005398756235905146,69497,1,1,14,0,0,5,100,0.3,0.1,61932.6,0.8800656051390692,16,0.07194555160654416,4.749333697806328,10.669945067810902,4.80161714820095,4.858648464636157,High
REGION I,PANGASINAN,MANGALDAN,22611,0.8158860731502366,0.17442837556941312,0.0047764362478439695,106331,0,2,20,0,4,4,100,0.3,0.1,61932.6,0.9031002609349432,26,0.03761838034063443,4.702622617310158,11.095210303858345,4.6960862125397185,4.8108622415625835,High
REGION I,PANGASINAN,MANGATAREM,16231,0.7091368369170107,0.2688066046454316,0.00511367136960138,73241,2,2,15,0,0,7,100,0.3,0.1,61932.6,0.8435401392397265,19,0.09557488292076843,4.51241451543343,10.722415667457076,4.58743347543778,4.616276145712637,Low
REGION I,PANGASINAN,MAPANDAN,7596,0.8869141653501843,0.10676671932596103,0.002764612954186414,37059,1,1,15,0,0,3,100,0.3,0.1,61932.6,0.9402975250131648,17,0.08095199546668826,4.878751974723539,10.041193054495075,4.866040748335713,4.991045544405493,High
REGION I,PANGASINAN,NATIVIDAD,5690,0.7975395430579965,0.189103690685413,7.0298769771529e-4,24299,0,1,18,0,0,5,100,0.3,0.1,61932.6,0.8920913884007029,19,0.20576978476480512,4.270474516695958,9.619139892746455,4.286935755864215,4.36876744697815,Low
REGION I,PANGASINAN,POZORRUBIO,15789,0.8381151434543036,0.14446766736335423,0.009500285008550257,69555,1,1,33,0,0,4,100,0.3,0.1,61932.6,0.9103489771359807,35,0.05750844655308748,4.405282158464754,10.67077926877777,4.354648895326508,4.506677937875792,Low
REGION I,PANGASINAN,ROSALES,14365,0.8292377305951967,0.16157326836059868,0.002018795683954055,63081,3,1,34,0,0,1,100,0.3,0.1,61932.6,0.910024364775496,38,0.015852633915124998,4.391298294465715,10.573083459511723,4.333047656986163,4.492372209183787,Low
REGION I,PANGASINAN,SAN CARLOS,40867,0.7679056451415568,0.21176009983605354,0.012161401619888908,188571,5,6,84,0,1,4,100,0.3,0.1,61932.6,0.8737856950595836,96,0.02121216942159717,4.6142608950987345,11.668121404865653,4.366196179768414,4.720466709626506,Low
REGION I,PANGASINAN,SAN FABIAN,18991,0.7334526881154231,0.2414828076457269,0.013532726028118582,83025,0,2,14,0,1,3,100,0.3,0.1,61932.6,0.8541940919382865,17,0.036133694670280034,4.371807698383445,10.847799463367236,4.449305510200384,4.472433000706247,Low
REGION I,PANGASINAN,SAN JACINTO,8983,0.7855950128019592,0.19870867193587888,0.0026717132361126572,40848,0,1,15,0,1,4,100,0.3,0.1,61932.6,0.8849493487698986,17,0.09792401096748922,4.547255927863743,10.13853563648203,4.588378426119301,4.651919498187214,Low
REGION I,PANGASINAN,SAN MANUEL,11622,0.8181035966270865,0.1707967647564963,0.008002065049044915,52939,0,1,12,0,0,15,100,0.3,0.1,61932.6,0.9035019790053347,13,0.2833449819603695,4.555067974531061,10.397809055568858,4.5765760889104,4.659911353668617,Low
REGION I,PANGASINAN,SAN NICOLAS,8133,0.7789253657936801,0.21541866469937293,0.0014754703061600886,35574,0,1,32,0,0,1,100,0.3,0.1,61932.6,0.8866346981433666,33,0.028110417720807333,4.374031722611583,10.000298669915338,4.357467905813173,4.474708214997117,Low
REGION I,PANGASINAN,SAN QUINTIN,8002,0.7851787053236691,0.20382404398900275,0.0024993751562109472,32945,0,1,21,0,0,1,100,0.3,0.1,61932.6,0.8870907273181704,22,0.030353619669145543,4.117095726068483,9.923526762138625,4.142668306722569,4.21185835761807,Low
REGION I,PANGASINAN,SANTA BARBARA,18206,0.8139624299681424,0.16983412061957595,0.007579918708118203,82012,0,1,11,0,0,11,100,0.3,0.1,61932.6,0.8988794902779303,12,0.13412671316392724,4.504668790508624,10.835523514336034,4.548134885415456,4.6083521384922586,Low
REGION I,PANGASINAN,SANTA MARIA,7371,0.8641975308641975,0.12481345814679148,0.004341337674671008,33038,0,1,23,0,0,1,100,0.3,0.1,61932.6,0.9266042599375932,24,0.030268176039711846,4.482159815493149,9.92634553395115,4.460444717573331,4.5853250774647325,Low
REGION I,PANGASINAN,SANTO TOMAS,3338,0.859496704613541,0.10874775314559616,0.005092869982025165,15022,0,1,2,0,0,2,100,0.3,0.1,61932.6,0.9138705811863391,3,0.13313806417254692,4.500299580587178,9.13826152160787,4.563713100077793,4.603882363061168,Low
REGION I,PANGASINAN,SISON,10532,0.8600455753892898,0.13074439802506646,0.005412077478161793,47518,1,2,27,0,0,30,100,0.3,0.1,61932.6,0.925417774401823,30,0.6313397028494466,4.511773642233194,10.289780814323956,4.41395534538019,4.615620521621243,Low
REGION I,PANGASINAN,SUAL,7817,0.6278623512856595,0.3560189330945375,0.006780094665472688,34149,0,1,7,0,1,19,100,0.3,0.1,61932.6,0.8058718178329283,9,0.5563852528624558,4.36855571190994,9.959418832894562,4.478693743921191,4.469106163703025,Low
REGION I,PANGASINAN,TAYUG,9837,0.807868252516011,0.17871302226288502,0.006709362610551998,43149,2,1,21,0,0,13,100,0.3,0.1,61932.6,0.8972247636474535,24,0.30128160559920275,4.386398292162244,10.193334910439473,4.369750804776766,4.487359424194713,Low
REGION I,PANGASINAN,UMINGAN,16983,0.7337337337337337,0.25843490549372905,0.0023552964729435318,73252,1,2,58,0,0,1,100,0.3,0.1,61932.6,0.8629511864805983,61,0.013651504395784416,4.313254430901489,10.722565841971102,4.212795430783907,4.4125320206420255,Low
REGION I,PANGASINAN,URBIZTONDO,10418,0.6954309848339413,0.2900748704165867,0.004127471683624496,50170,0,1,11,0,1,7,100,0.3,0.1,61932.6,0.8404684200422347,13,0.1395256129160853,4.815703589940488,10.34408767007587,4.913155708267287,4.9265459835375225,High
REGION I,PANGASINAN,VILLASIS,14350,0.8043205574912892,0.1854355400696864,0.0036933797909407665,62333,1,1,17,0,0,9,100,0.3,0.1,61932.6,0.8970383275261323,19,0.1443857988545393,4.343763066202091,10.561155132386745,4.360884207280242,4.443742869045851,Low
REGION II,BATANES,BASCO,2309,0.9813772195755739,0.006063230835859679,0,8579,1,1,2,0,0,1,100,0.3,0,44133.8,0.9844088349935037,4,0.11656370206317752,3.715461238631442,8.239399253560045,3.705844041771534,3.575775574387159,Low
REGION II,BATANES,ITBAYAT,828,0.6183574879227053,0.3804347826086957,0,2867,0,1,1,0,0,5,100,0.3,0,44133.8,0.8085748792270531,2,1.7439832577607255,3.46256038647343,7.143874005059296,3.490297937806881,3.3323827270911894,Low
REGION II,BATANES,IVANA,357,0.9187675070028011,0.08123249299719888,0,1327,0,1,1,0,0,1,100,0.3,0,44133.8,0.9593837535014005,2,0.7535795026375283,3.7170868347338937,6.374444595312346,3.6828825954043487,3.577340054935772,Low
REGION II,BATANES,MAHATAO,443,0.9255079006772009,0.0654627539503386,0,1555,0,1,0,0,0,5,100,0.3,0,44133.8,0.9582392776523702,1,3.215434083601286,3.510158013544018,6.53274942438368,3.259916248859051,3.378190884234147,Low
REGION II,BATANES,SABTANG,418,0.6124401913875598,0.35406698564593303,0,1621,1,1,1,0,0,6,100,0.3,0,44133.8,0.7894736842105263,3,3.7014188772362737,3.8779904306220097,6.574257878544789,3.7450920436091857,3.732194354591907,Low
REGION II,BATANES,UYUGAN,354,0.9265536723163842,0.07344632768361582,0,1297,0,1,1,0,0,8,100,0.3,0,44133.8,0.9632768361581922,2,6.168080185042405,3.6638418079096047,6.351617171649432,3.13948850112027,3.5260968164392215,Low
REGION II,CAGAYAN,ABULUG,7375,0.7262372881355932,0.2726779661016949,5.423728813559322e-4,32497,1,1,8,0,0,1,100,0.3,0,44133.8,0.8625762711864406,10,0.030772071268117054,4.406372881355932,9.571035318257122,4.503079696610081,4.240711854821602,Low
REGION II,CAGAYAN,ALCALA,9163,0.715377059914875,0.28036669213139803,0.0015278838808250573,38883,0,1,5,0,0,1,100,0.3,0,44133.8,0.855560405980574,6,0.025718180181570353,4.2434792098657645,9.750433227500594,4.363237901311049,4.083942298008425,Low
REGION II,CAGAYAN,ALLACAPAN,7535,0.5515593895155939,0.44485733244857334,0.0026542800265428003,33571,0,1,6,0,1,1,100,0.3,0,44133.8,0.7739880557398806,8,0.029787614309969915,4.455341738553417,9.603547909473392,4.648510531650104,4.2878396896249376,High
REGION II,CAGAYAN,AMULUNG,10616,0.6137905048982668,0.37867370007535794,0.0018839487565938207,47860,0,1,48,0,1,5,100,0.3,0,44133.8,0.8031273549359458,50,0.10447137484329294,4.508289374529013,9.95814524333969,4.502223166902478,4.33879671791379,Low
REGION II,CAGAYAN,APARRI,13825,0.7245569620253165,0.26972875226039783,0.005352622061482821,65649,3,2,25,0,0,1,100,0.3,0,44133.8,0.8594213381555154,30,0.015232524486283112,4.748571428571428,10.274174701207912,4.772078020944285,4.5700451806551,High
REGION II,CAGAYAN,BAGGAO,19282,0.6218234622964423,0.3709677419354839,0.002593092002904263,82782,0,1,17,0,1,2,100,0.3,0,44133.8,0.8073073332641842,19,0.024159841511439684,4.293226843688414,10.506055836304716,4.410870460413698,4.131819630722064,Low
REGION II,CAGAYAN,BALLESTEROS,7973,0.67590618336887,0.3224633136836824,2.508466072996363e-4,34299,1,1,6,0,0,6,100,0.3,0,44133.8,0.8371378402107112,8,0.17493221376716522,4.301893891885112,9.625000077191867,4.418880215193964,4.140160834479368,Low
REGION II,CAGAYAN,BUGUEY,6689,0.6711018089400508,0.327702197637913,5.979967110180894e-4,30175,0,1,6,0,1,2,100,0.3,0,44133.8,0.8349529077590072,8,0.06628003314001657,4.5111376887427115,9.496906672811262,4.640053733908471,4.3415379475322355,High
REGION II,CAGAYAN,CALAYAN,3883,0.35359258305433944,0.6464074169456606,0,16702,0,1,10,0,0,13,100,0.3,0,44133.8,0.6767962915271697,11,0.7783498982157826,4.301313417460726,8.905481944506166,4.512705762770919,4.13960218344388,Low
REGION II,CAGAYAN,CAMALANIUGAN,5383,0.7101987739178897,0.2881292959316366,0.001486160133754412,24923,2,1,5,0,1,12,100,0.3,0,44133.8,0.854263421883708,9,0.4814829675400233,4.629946126695152,9.305699799931434,4.698353844298274,4.455879689559912,High
REGION II,CAGAYAN,CLAVERIA,6956,0.742093156986774,0.25675675675675674,0.0011500862564692352,29921,0,1,17,0,1,1,100,0.3,0,44133.8,0.8704715353651524,19,0.0334213428695565,4.301466359976998,9.488454118222478,4.355012277657054,4.13974937596692,Low
REGION II,CAGAYAN,ENRILE,7537,0.8122595197027995,0.18628101366591482,3.980363539869975e-4,35834,0,1,17,0,0,27,100,0.3,0,44133.8,0.9054000265357569,18,0.7534743539655075,4.754411569590022,9.668778211714029,4.712273124212504,4.575665757015346,High
REGION II,CAGAYAN,GATTARAN,12549,0.7201370627141604,0.27627699418280344,0.0011953143676786994,56661,0,1,11,0,2,1,100,0.3,0,44133.8,0.8582755598055621,14,0.017648823705900003,4.515180492469519,10.126943950948581,4.601857951710374,4.345428758898548,Low
REGION II,CAGAYAN,GONZAGA,8502,0.7980475182310045,0.19489531874852975,0.005998588567395907,38892,1,1,5,0,1,1,100,0.3,0,44133.8,0.8954951776052694,8,0.025712228735986834,4.574453069865914,9.750664650854528,4.646495446136004,4.402472937500468,High
REGION II,CAGAYAN,IGUIG,6070,0.800329489291598,0.19472817133443163,0.00214168039538715,27862,0,1,7,0,1,6,100,0.3,0,44133.8,0.8976935749588137,9,0.21534706769076162,4.59011532125206,9.417162892265287,4.6390045862019855,4.417546354325324,High
REGION II,CAGAYAN,LAL LO,10143,0.7521443359952676,0.24292615596963424,0.003647835945972592,44506,0,1,9,0,1,5,100,0.3,0,44133.8,0.8736074139800848,11,0.11234440300184245,4.387853692201518,9.885492740003679,4.462344089252219,4.222888909032992,Low
REGION II,CAGAYAN,LASAM,8862,0.7096592191378921,0.2842473482283909,0.004062288422477996,39135,1,1,8,0,0,2,100,0.3,0,44133.8,0.8517828932520876,10,0.05110514884374601,4.416046039268788,9.756892922436723,4.521738789406303,4.25002134281527,Low
REGION II,CAGAYAN,PAMPLONA,5074,0.5835632636972803,0.41466298778084354,0.0017737485218762318,23596,0,1,6,0,1,1,100,0.3,0,44133.8,0.7908947575877021,8,0.04238006441769791,4.650374458021285,9.250991046478001,4.8254704182101,4.475540001830693,High
REGION II,CAGAYAN,PEÑABLANCA,10681,0.7073307742720719,0.2856474112910776,0.005149330587023687,48584,0,1,24,0,2,44,100,0.3,0,44133.8,0.8501544799176107,27,0.9056479499423679,4.548637767999251,9.973158713985756,4.513089776670334,4.377628182049797,Low
REGION II,CAGAYAN,PIAT,5515,0.6893925657298278,0.3069809610154125,0.0016319129646418858,23597,1,1,11,0,0,1,100,0.3,0,44133.8,0.8428830462375341,13,0.0423782684239522,4.278694469628286,9.251033421575398,4.382347053777191,4.11783361260357,Low
REGION II,CAGAYAN,RIZAL,4033,0.5088023803620134,0.477312174559881,0.011901810066947682,17994,0,1,5,0,1,8,100,0.3,0,44133.8,0.7474584676419539,7,0.444592641991775,4.461691048847012,8.979982101301827,4.6479662162186735,4.293950292644013,High
REGION II,CAGAYAN,SANCHEZ MIRA,5594,0.7356095816946728,0.2577761887736861,0.006256703611011798,24541,1,1,5,0,1,9,100,0.3,0,44133.8,0.8644976760815158,8,0.36673322195509556,4.387021809081158,9.290255331274858,4.459389974221911,4.2220883012076165,Low
REGION II,CAGAYAN,SANTA ANA,7723,0.7118995209115628,0.28175579438042214,0.0047908843713582805,32906,1,1,6,0,0,16,100,0.3,0,44133.8,0.8527774181017739,8,0.486233513644928,4.260779489835556,9.583541686274943,4.3341654192796,4.1005921604542594,Low
REGION II,CAGAYAN,SANTA PRAXEDES,980,0.6448979591836734,0.34591836734693876,0.007142857142857143,4154,0,1,0,0,1,22,100,0.3,0,44133.8,0.8178571428571428,2,5.296100144439095,4.238775510204082,7.514434851410639,3.9382670656253316,4.079415437605571,Low
REGION II,CAGAYAN,SANTA TERESITA,4282,0.7596917328351238,0.22979915927136851,0.0028024287716020553,19038,0,1,13,0,1,1,100,0.3,0,44133.8,0.874591312470808,15,0.05252652589557727,4.44605324614666,9.036373809766896,4.50928262429678,4.278900405337532,Low
REGION II,CAGAYAN,SANTO NIÑO,6439,0.5333126261841901,0.4589221928870943,0.002329554278614692,27219,0,1,5,0,1,1,100,0.3,0,44133.8,0.7627737226277372,7,0.03673904258055035,4.22720919397422,9.393816318788845,4.434838118855184,4.068283966058956,Low
REGION II,CAGAYAN,SOLANA,18594,0.7257717543293536,0.26922663224696136,0.0036570936861353123,82502,0,1,38,0,2,8,100,0.3,0,44133.8,0.8603850704528343,41,0.09696734624615161,4.4370226954931695,10.502667818212334,4.409446585340963,4.270209365281921,Low
REGION II,CAGAYAN,TUAO,13540,0.7460856720827179,0.23847858197932054,0.012629246676514033,61535,1,2,9,0,2,4,100,0.3,0,44133.8,0.8653249630723782,14,0.06500365645567563,4.544682422451994,10.209460758898862,4.620065990272503,4.373821540804537,Low
REGION II,CAGAYAN,TUGUEGARAO CITY,32674,0.9146722164412071,0.08242027299993879,0.0023566138213870357,153502,7,1,35,0,5,1,100,0.3,0,44133.8,0.9558823529411765,48,0.006514573100024755,4.697986166370815,11.123546176289436,4.555860693418352,4.521361710855924,Low
REGION II,ISABELA,ALICIA,16888,0.8174443391757461,0.1662719090478446,0.007697773567029844,71504,3,1,34,0,4,20,100,0.3,0,44133.8,0.9005802936996684,42,0.2797046319087044,4.234012316437707,10.359602899008964,4.145924753221548,4.074831319825312,Low
REGION II,ISABELA,ANGADANAN,9834,0.7557453731950377,0.2361195851128737,0.0019320724018710596,43061,0,1,6,0,1,63,100,0.3,0,44133.8,0.8738051657514745,8,1.4630408025823833,4.378787878787879,9.852488151852329,4.343449970542649,4.214163931948213,Low
REGION II,ISABELA,AURORA,8434,0.8410007114062129,0.14394119041972966,0.00652122361868627,35017,0,1,16,0,3,3,100,0.3,0,44133.8,0.9129713066160777,20,0.0856726732729817,4.151885226464311,9.645716181373032,4.15436357466919,3.9957918618788915,Low
REGION II,ISABELA,BENITO SOLIVEN,6858,0.6443569553805775,0.34660250801983084,0.0017497812773403325,29624,0,1,22,0,0,1,100,0.3,0,44133.8,0.8176582093904929,23,0.033756413718606534,4.319626713327501,9.478479145979152,4.410390665836247,4.157226976663647,Low
REGION II,ISABELA,BURGOS,5672,0.8141748942172073,0.1770098730606488,0.004231311706629055,23784,0,1,13,0,1,17,100,0.3,0,44133.8,0.9026798307475318,15,0.7147662293979146,4.193229901269394,9.258926167073202,4.168920033297,4.035582151375613,Low
REGION II,ISABELA,CABAGAN,9866,0.7882627204540847,0.20616257855260492,0.0017230893979322927,50174,1,1,16,0,0,12,100,0.3,0,44133.8,0.8913440097303872,18,0.23916769641647068,5.085546320697344,10.005359941778199,5.103685284107217,4.894351238787852,High
REGION II,ISABELA,CABATUAN,9036,0.8888888888888888,0.10391766268260293,0.004094732182381585,39413,2,1,6,0,1,6,100,0.3,0,44133.8,0.9408477202301903,10,0.15223403445563646,4.361775121735281,9.763971017943517,4.369321789675992,4.197790782771163,Low
REGION II,ISABELA,CAUAYAN,30207,0.8136855695699672,0.1778064686993081,0.004105008772801007,129523,5,2,55,0,2,5,100,0.3,0,44133.8,0.9025888039196213,64,0.03860318244636088,4.287847187737942,10.95369378425868,4.1338597251860705,4.126642227134511,Low
REGION II,ISABELA,SANTIAGO,30158,0.8217388420982824,0.15780224152795277,0.013462431195702633,134830,7,1,37,0,6,32,100,0.3,0,44133.8,0.9006399628622588,51,0.23733590447229844,4.470787187479276,10.993849349810027,4.3514888830246,4.302704454847161,Low
REGION II,ISABELA,CORDON,10264,0.7927708495713173,0.20167575993764614,0.0012665627435697584,42926,1,1,25,0,2,22,100,0.3,0,44133.8,0.8936087295401404,29,0.5125099007594465,4.182190179267343,9.849348305210928,4.1306995430488875,4.02495747633594,Low
REGION II,ISABELA,DELFIN ALBANO,6554,0.8263655782728105,0.16722612145254806,6.103143118706134e-4,26614,0,1,5,0,0,20,100,0.3,0,44133.8,0.9099786389990846,6,0.7514841812579844,4.060726274031126,9.371340345233802,4.0608508085098975,3.9080601013889416,Low
REGION II,ISABELA,DINAPIGUE,1229,0.5134255492270138,0.45077298616761596,0.024410089503661515,5005,0,1,5,0,0,5,100,0.3,0,44133.8,0.7388120423108218,6,0.999000999000999,4.072416598860863,7.700707841224989,4.221312214698633,3.9193109193353624,Low
REGION II,ISABELA,DIVILACAN,1260,0.31507936507936507,0.6658730158730158,0.0031746031746031746,5687,0,1,3,0,0,3,100,0.3,0,44133.8,0.6480158730158729,4,0.5275189027606823,4.5134920634920634,7.828399029508234,4.803320557650955,4.343803807725892,High
REGION II,ISABELA,ECHAGUE,18536,0.7827470867501078,0.21326068191627104,0.0016184721622788088,79094,2,1,58,0,3,64,100,0.3,0,44133.8,0.8893774277082434,64,0.8091637798063065,4.267047906776003,10.460483484615624,4.057021669060114,4.1066249113689155,Low
REGION II,ISABELA,GAMU,6666,0.8514851485148515,0.14521452145214522,9.000900090009e-4,29904,1,1,12,0,1,3,100,0.3,0,44133.8,0.9240924092409241,15,0.10032102728731943,4.486048604860486,9.487885836974387,4.495529812803661,4.317392107334248,Low
REGION II,ISABELA,ILAGAN,33887,0.8443946056009679,0.14822793401599432,0.0034526514592616636,145568,3,2,92,0,2,15,100,0.3,0,44133.8,0.918508572608965,99,0.10304462519234997,4.295688612152153,11.07047671592858,3.983819071830455,4.134188847079621,Low
REGION II,ISABELA,JONES,10543,0.7356539884283411,0.24822156881343072,0.009674665654936925,45666,1,1,42,0,1,0,100,0.3,0,44133.8,0.8597647728350564,45,0,4.331404723513232,9.91122147381876,4.297533796560965,4.168562183366687,Low
REGION II,ISABELA,LUNA,4486,0.8954525189478377,0.09362460989745876,0.005572893446277307,19326,0,1,4,0,0,20,100,0.3,0,44133.8,0.9422648238965671,5,1.034875297526648,4.3080695497102095,9.051386394127512,4.254316781417083,4.1461043136299915,Low
REGION II,ISABELA,MACONACON,935,0.36149732620320857,0.6331550802139038,0.0042780748663101605,4253,0,1,3,0,1,3,100,0.3,0,44133.8,0.6780748663101605,5,0.7053844345168117,4.548663101604278,7.537975052130188,4.788539148625892,4.377652563218176,High
REGION II,ISABELA,MALLIG,7588,0.7171850289931471,0.2709541381128097,0.010938323668950976,30459,0,1,7,0,1,6,100,0.3,0,44133.8,0.852662098049552,9,0.19698611247907025,4.014101212440695,9.506273722733223,4.109679786117961,3.8631879453680735,Low
REGION II,ISABELA,NAGUILIAN,7299,0.7548979312234553,0.24236196739279353,2.740101383751199e-4,31902,1,1,15,1,0,3,100,0.3,0,44133.8,0.876078914919852,18,0.0940379913485048,4.370735717221537,9.552557544946724,4.417127988133124,4.206414497678634,Low
REGION II,ISABELA,PALANAN,3818,0.29229963331587216,0.6951283394447355,0.003666841278156103,17260,0,1,15,0,0,11,100,0.3,0,44133.8,0.63986380303824,16,0.6373117033603708,4.520691461498166,8.938340772197218,4.762230379741504,4.350732538746645,High
REGION II,ISABELA,QUEZON,5872,0.6951634877384196,0.3012602179836512,0.0011920980926430518,25860,0,1,10,0,3,2,100,0.3,0,44133.8,0.8457935967302452,14,0.07733952049497293,4.403950953678474,9.342602807565175,4.497671369595852,4.238380981404879,Low
REGION II,ISABELA,QUIRINO,6258,0.812879514221796,0.1850431447746884,0.001278363694471077,24501,0,1,22,0,1,1,100,0.3,0,44133.8,0.9054010866091402,24,0.0408146606260969,3.9151486097794823,9.288624226789867,3.9136257773057106,3.767955543011392,Low
REGION II,ISABELA,RAMON,13040,0.8226993865030675,0.1696319018404908,0.0031441717791411044,52707,0,1,19,0,1,0,100,0.3,0,44133.8,0.9075153374233129,21,0,4.041947852760736,10.054609081414604,4.053725913988756,3.889987669518021,Low
REGION II,ISABELA,REINA MERCEDES,5828,0.8603294440631435,0.12594371997254633,0.008407687028140013,26998,0,1,10,0,0,18,100,0.3,0,44133.8,0.9233013040494167,11,0.6667160530409659,4.632463967055593,9.38566453048193,4.607424687693079,4.458302869747465,Low
REGION II,ISABELA,ROXAS,14149,0.7985723372676514,0.17824581242490636,0.016114213018587887,61773,4,1,15,0,1,20,100,0.3,0,44133.8,0.8876952434801046,21,0.32376604665468733,4.365891582443989,10.213320874206765,4.368429531789099,4.20175248192767,Low
REGION II,ISABELA,SAN AGUSTIN,5377,0.8344801934164032,0.16273014692207552,0.001859773107680863,22880,0,1,6,0,2,24,100,0.3,0,44133.8,0.91584526687744094,9,1.048951048951049,4.255160870373814,9.220180011554783,4.211016251654346,4.095184777375092,Low
REGION II,ISABELA,SAN GUILLERMO,4595,0.46789989118607184,0.5277475516866159,8.705114254624592e-4,20200,0,1,6,0,1,8,100,0.3,0,44133.8,0.7317736670293797,8,0.39603960396039606,4.396082698585419,9.09561258678523,4.598523524682994,4.230808539501231,Low
REGION II,ISABELA,SAN ISIDRO,5545,0.8039675383228133,0.18791704238052298,0.003967538322813345,24861,0,1,13,0,0,14,100,0.3,0,44133.8,0.8979260595130748,14,0.5631310084067415,4.4834986474301175,9.303209265264064,4.481455755742631,4.314938017543071,Low
REGION II,ISABELA,SAN MANUEL,7534,0.774090788425803,0.20573400584019114,0.01393681975046456,31896,0,1,16,0,0,1,100,0.3,0,44133.8,0.8769577913458986,17,0.03135189365437672,4.23360764534112,9.552369464635076,4.288641648336953,4.074441862654345,Low
REGION II,ISABELA,SAN MARIANO,11849,0.5731285340535066,0.41066756688328127,0.008523926069710525,55370,1,1,36,0,1,2,100,0.3,0,44133.8,0.7784623174951473,39,0.036120642947444465,4.672968182969027,10.103896670744478,4.740521438230115,4.497284298060335,High
REGION II,ISABELA,SAN MATEO,15353,0.8875138409431381,0.10760112030222106,0.0023448186022275775,64505,3,1,33,0,3,16,100,0.3,0,44133.8,0.9413144010942487,40,0.24804278738082322,4.201458998241386,10.256595685134467,4.083252546153108,4.043501869026215,Low
REGION II,ISABELA,SAN PABLO,5072,0.8286671924290221,0.15792586750788642,0.007294952681388012,25384,0,1,12,0,0,5,100,0.3,0,44133.8,0.9076301261829653,13,0.19697447210841473,5.004731861198739,9.324026131381784,5.029761025021918,4.816575061949346,High
REGION II,ISABELA,SANTA MARIA,4844,0.6936416184971098,0.29252683732452517,0.002477291494632535,25382,0,1,6,0,0,14,100,0.3,0,44133.8,0.8399050371593724,7,0.5515719801434088,5.2398843930635834,9.323947345521708,5.324140019695621,5.042886850901647,High
REGION II,ISABELA,SANTO TOMAS,4903,0.745665918825209,0.24474811339995922,0.001835610850499694,23005,0,1,5,0,0,2,100,0.3,0,44133.8,0.8680399755251886,6,0.0869376222560313,4.692025290638385,9.225627890610584,4.793754069488969,4.51562493889761,High
REGION II,ISABELA,TUMAUINI,14862,0.8239133360247611,0.1681469519580137,0.0025568564123267393,67650,0,1,28,0,0,7,100,0.3,0,44133.8,0.907986812003768,29,0.10347376201034737,4.551877270892208,10.304198666633912,4.522787865240726,4.380745893303881,Low
REGION II,NUEVA VIZCAYA,ALFONSO CASTANEDA,1783,0.49579360628154795,0.5008412787436904,0.0028042624789680315,7940,0,1,6,0,1,2,100,0.3,0,44133.8,0.7462142456533931,8,0.2518891687657431,4.4531688166012335,8.162016421796558,4.65402125325005,4.285748460368962,High
REGION II,NUEVA VIZCAYA,AMBAGUIO,3535,0.07609618104667609,0.921074964639321,0.002545968882602546,15250,0,1,7,0,1,11,100,0.3,0,44133.8,0.5366336633663367,9,0.7213114754098361,4.314002828854314,8.814545889765819,4.6784531925178126,4.15181452651525,High
REGION II,NUEVA VIZCAYA,ARITAO,8501,0.6882719680037642,0.29902364427714384,0.0011763321962122103,37225,0,1,22,0,1,64,100,0.3,0,44133.8,0.8377837901423362,24,1.7192746809939556,4.378896600399953,9.706859264275318,4.294297400630689,4.214268566086451,Low
REGION II,NUEVA VIZCAYA,BAGABAG,8771,0.8135902405654999,0.17865693763538934,0.003762398814274313,35501,0,1,13,0,0,1,100,0.3,0,44133.8,0.9029187093831945,14,0.028168220613503846,4.047543039562194,9.659442506505773,4.088585895960629,3.89537250090605,Low
REGION II,NUEVA VIZCAYA,BAMBANG,13272,0.7769740807715492,0.21481314044605185,0.0015822784810126582,53433,2,1,24,0,0,4,100,0.3,0,44133.8,0.8843806509945751,27,0.07486010517844778,4.025994575045208,10.068288755916925,4.030839513644163,3.874634167725707,Low
REGION II,NUEVA VIZCAYA,BAYOMBONG,15194,0.8332236409108859,0.15835198104514941,0.006252468079505068,61512,1,1,11,0,0,1,100,0.3,0,44133.8,0.9123996314334606,13,0.016256990505917546,4.048440173752797,10.209086931771955,4.085017820976618,3.896235906636771,Low
REGION II,NUEVA VIZCAYA,DIADI,4403,0.5841471723824665,0.40381558028616854,0.0018169429934135816,18122,0,1,3,0,0,1,100,0.3,0,44133.8,0.7860549625255507,4,0.055181547290586025,4.115830115830116,8.987069512808672,4.310154033528614,3.9610922712608847,Low
REGION II,NUEVA VIZCAYA,DUPAX DEL NORTE,6597,0.6721236925875398,0.3225708655449447,0.0012126724268606943,27514,1,1,14,0,1,36,100,0.3,0,44133.8,0.8334091253600121,17,1.308424801919023,4.1706836440806425,9.404595133517955,4.154562949207426,4.0138835383175255,Low
REGION II,NUEVA VIZCAYA,DUPAX DEL SUR,4528,0.6044611307420494,0.38825088339222613,0.003754416961130742,19111,0,1,15,0,0,5,100,0.3,0,44133.8,0.7985865724381624,16,0.2616294280780702,4.220627208480566,9.04020045888353,4.337192000053439,4.061949435445511,Low
REGION II,NUEVA VIZCAYA,KASIBU,8415,0.4142602495543672,0.5707664884135473,0.0032085561497326204,37705,0,1,29,0,0,61,100,0.3,0,44133.8,0.6996434937611409,30,1.6178225699509348,4.480689245395128,9.719670622528753,4.519996310195774,4.312234237169615,Low
REGION II,NUEVA VIZCAYA,KAYAPA,5516,0.4318346627991298,0.5625453226976069,0,23714,1,1,28,0,2,2,100,0.3,0,44133.8,0.7131073241479333,32,0.08433836552247617,4.299129804205946,9.25597895359859,4.454860382760961,4.137500664833172,Low
REGION II,NUEVA VIZCAYA,QUEZON,4917,0.6394142769981697,0.35916209070571486,2.033760423022168e-4,21056,0,1,6,0,1,1,100,0.3,0,44133.8,0.8189953223510271,8,0.047492401215805474,4.282285946715477,9.137110977944264,4.42881083650904,4.121290065307427,Low
REGION II,NUEVA VIZCAYA,SANTA FE,3721,0.5915076592313894,0.40741736092448266,8.062348830959419e-4,16180,0,1,6,0,0,6,100,0.3,0,44133.8,0.7952163396936307,7,0.37082818294190356,4.348293469497447,8.873733759526942,4.49342461810181,4.184815983768231,Low
REGION II,NUEVA VIZCAYA,SOLANO,15236,0.8356524022053032,0.15404305592018902,0.006891572591231294,59517,2,1,22,0,1,13,100,0.3,0,44133.8,0.9126739301653978,26,0.21842498781860645,3.906340246783933,10.17611787474248,3.8739007769462317,3.75947833729536,Low
REGION II,NUEVA VIZCAYA,VILLAVERDE,4439,0.737102951115116,0.255012390177968,0.0031538634827663887,18507,0,1,9,0,1,23,100,0.3,0,44133.8,0.8646091462041,11,1.2427730048089913,4.169182248254112,9.008089281202537,4.151064099271655,4.0124385886385525,Low
REGION II,QUIRINO,AGLIPAY,6540,0.6417431192660551,0.3559633027522936,0.0010703363914373089,27787,0,1,15,0,3,0,100,0.3,0,44133.8,0.819724770642202,19,0,4.248776758409786,9.414467643888852,4.356063473442479,4.089040681081537,Low
REGION II,QUIRINO,CABARROGUIS,6822,0.6619759601289944,0.3362650249193785,7.32922896511287e-4,30582,1,1,16,0,3,6,100,0.3,0,44133.8,0.8301084725886836,21,0.19619383951343927,4.482849604221636,9.510303507162655,4.554360750061818,4.314313375620427,Low
REGION II,QUIRINO,DIFFUN,12087,0.697857201952511,0.2942003805741706,0.0052122114668652275,52569,0,1,33,0,5,1,100,0.3,0,44133.8,0.8449573922395963,39,0.019022617892674388,4.34921816827997,10.051987512604471,4.351806660130859,4.185705917778531,Low
REGION II,QUIRINO,MADDELA,8842,0.6874010404885772,0.30717032345623163,0.003166704365528161,38499,1,1,32,0,3,1,100,0.3,0,44133.8,0.840986202216693,37,0.025974700641575105,4.354105406016738,9.740508938517259,4.367791703672017,4.190409415999332,Low
REGION II,QUIRINO,NAGTIPUNAN,4891,0.40257616029441834,0.5927213248824371,0,23484,0,1,13,0,1,16,100,0.3,0,44133.8,0.698936822735637,15,0.681314937830012,4.8014720915968105,9.24623363646109,4.98390808322794,4.620957001978454,High
REGION II,QUIRINO,SAGUDAY,3979,0.7838652927871325,0.21110831867303342,0.0030158331239004774,16070,0,1,9,0,1,1,100,0.3,0,44133.8,0.8894194521236491,11,0.062227753578095825,4.038703191756722,8.866912986081745,4.101780459748367,3.886864994076091,Low
REGION III,AURORA,BALER,8760,0.6570776255707762,0.3310502283105023,0.00502283105022831,39562,2,1,8,0,0,1,99.3,0.1,0,24390,0.8226027397260274,11,0.025276780749203785,4.516210045662101,9.174735096891096,4.649453220870868,3.6077223424233926,High
REGION III,AURORA,CASIGURAN,5684,0.4558409570724842,0.5321956368754398,0.010380014074595356,24313,0,1,16,0,0,55,99.3,0.1,0,24390,0.721938775510204,17,2.2621642742565706,4.277445460942998,8.6879422128161,4.28707209024769,3.4169880058532995,Low
REGION III,AURORA,DILASAG,3860,0.505440414507772,0.49145077720207253,0.0015544041450777201,15835,0,1,9,0,0,17,99.3,0.1,0,24390,0.7511658031088082,10,1.0735712030312599,4.102331606217617,8.25924397337196,4.21666827382453,3.277100321318463,Low
REGION III,AURORA,DINALUNGAN,2658,0.5752445447705041,0.41723100075244546,0.001128668171557562,11322,0,1,7,0,0,24,99.3,0.1,0,24390,0.7838600451467268,8,2.1197668256491786,4.25959367945824,7.9238722042853444,4.255030207763118,3.402727315968761,Low
REGION III,AURORA,DINGALAN,5706,0.5667718191377498,0.3930949877322117,0.022082018927444796,25482,0,1,7,0,0,17,99.3,0.1,0,24390,0.7633193130038556,8,0.6671375873165372,4.465825446898002,8.734895611708838,4.612338377206659,3.5674731864192615,Low
REGION III,AURORA,DIPACULAO,7024,0.6210136674259681,0.3703018223234624,0.003416856492027335,29736,0,1,18,0,0,32,99.3,0.1,0,24390,0.8061645785876993,19,1.0761366693570082,4.233485193621868,8.889258709568992,4.257636238150075,3.381870852977365,Low
REGION III,AURORA,MARIA AURORA,9347,0.7009735744089013,0.2897186262972077,0.005349309939017867,40734,0,1,31,0,0,167,99.3,0.1,0,24390,0.8458328875575052,32,4.09976923454608,4.3579758211190756,9.203926178347793,4.020366548089243,3.481318755909909,Low
REGION III,AURORA,SAN LUIS,6027,0.5715944914551186,0.4099883855981417,0.009457441513190641,27352,0,1,13,0,0,34,99.3,0.1,0,24390,0.7765886842541895,14,1.2430535244223457,4.538244566119131,8.805701944873098,4.5964282963066045,3.6253243651268687,Low
REGION III,BATAAN,ABUCAY,9256,0.8980121002592912,0.09863872082973206,0.0014044943820224719,39880,0,1,11,0,1,1,99.3,0.1,0,24390,0.9473314606741573,13,0.02507522567703109,4.308556611927399,9.18274015409547,4.309307866346029,3.441840790238902,Low
REGION III,BATAAN,BAGAC,6008,0.8543608521970706,0.1443075898801598,1.6644474034620507e-4,26936,0,1,14,0,0,10,99.3,0.1,0,24390,0.9265146471371505,15,0.37125037125037125,4.483355525965379,8.79037828908021,4.466013711940468,3.5814768880355254,Low
REGION III,BATAAN,BALANGA,20832,0.908650153609831,0.08587749615975422,0.0026401689708141322,96061,5,5,25,0,0,3,99.3,0.1,0,24390,0.9515889016897081,35,0.03123015583847763,4.61122311827957,10.061788492151251,4.521648975093528,3.683622440390179,Low
REGION III,BATAAN,DINALUPIHAN,23405,0.8788720358897671,0.11612903225806452,0.0026917325357829524,106371,2,3,33,0,1,18,99.3,0.1,0,24390,0.9369365520187994,39,0.1692190540654878,4.544798120059816,10.163733932445476,4.4419301118744725,3.630559596157985,Low
REGION III,BATAAN,HERMOSA,14212,0.8168449197860963,0.17041936391781592,0.009991556431184915,65862,0,1,19,0,0,2,99.3,0.1,0,24390,0.9020546017450043,20,0.030366523944004128,4.634252744159865,9.684386298991516,4.652618478629065,3.7020193915917288,High
REGION III,BATAAN,LIMAY,15036,0.8728385208832137,0.09882947592444799,0.023476988560787445,68071,0,1,12,0,0,2,99.3,0.1,0,24390,0.9222532588454376,13,0.029381087394044453,4.527201383346635,9.717373913136608,4.552697611505012,3.616502645849648,Low
REGION III,BATAAN,MARIVELES,30691,0.9146655371281484,0.06884754488286468,0.01365221074582125,127536,2,3,18,0,3,9,99.3,0.1,0,24390,0.9490893095695807,26,0.07056831012420023,4.155485321429735,10.3451932303987,4.099925770681409,3.3195615540810444,Low
REGION III,BATAAN,MORONG,6828,0.7319859402460457,0.2576157000585823,0.006590509666080844,29901,0,1,5,0,1,1,99.3,0.1,0,24390,0.8607937902753369,7,0.03344369753519949,4.379173989455184,8.894791440476718,4.489028885381976,3.498252668361144,Low
REGION III,BATAAN,ORANI,15288,0.8897828362114076,0.10400313971742543,0.003466771323914181,66909,1,1,22,0,0,2,99.3,0.1,0,24390,0.9417844060701204,24,0.029891344961066522,4.376569858712716,9.700157168229712,4.339685837449793,3.496172388531995,Low
REGION III,BATAAN,ORION,11740,0.7948892674616695,0.1985519591141397,0.0026405451448040886,56002,1,1,17,0,1,2,99.3,0.1,0,24390,0.8941652470187393,20,0.03571301024963394,4.770187393526405,9.52222301906068,4.795946120779051,3.810609219494044,High
REGION III,BATAAN,PILAR,9251,0.8852015998270457,0.1073397470543725,0.005296724678413144,41823,0,1,15,0,0,3,99.3,0.1,0,24390,0.9388714733542319,16,0.0717308657915501,4.520916657658631,9.230306860650275,4.514269556054159,3.611482165169748,Low
REGION III,BATAAN,SAMAL,7605,0.8669296515450362,0.12873109796186719,0.0017094017094017094,35298,0,1,14,0,1,2,99.3,0.1,0,24390,0.9312952005259698,16,0.05666043401892458,4.641420118343195,9.060704858194475,4.643685741928843,3.7077449658489634,High
REGION III,BULACAN,ANGAT,14325,0.880349040139616,0.11071553228621292,0.004886561954624782,59237,0,1,13,0,2,7,99.3,0.1,0,24390,0.9357068062827225,16,0.11816938737613317,4.13521815008726,9.578377963424781,4.127600072910619,3.303371357847767,Low
REGION III,BULACAN,BALAGTAS,17046,0.9262583597324886,0.0703977472720873,0.0011146309984747154,73929,2,2,8,0,2,1,99.3,0.1,0,24390,0.9614572333685323,14,0.013526491633864924,4.337029215065118,9.799923035828444,4.320862508085145,3.4645858010883352,Low
REGION III,BULACAN,BALIUAG,35488,0.9426003155996393,0.05452547339945897,0.001690712353471596,149954,7,4,24,0,7,8,99.3,0.1,0,24390,0.9698630522993688,42,0.05334969390613121,4.225484670874662,10.507118327157883,4.088457092606704,3.375479727592512,Low
REGION III,BULACAN,BOCAUE,26062,0.914626659504259,0.0785051032154094,0.005064845368736091,119675,4,2,17,0,5,10,99.3,0.1,0,24390,0.9538792111119637,28,0.08355964069354502,4.591934617450694,10.281576399601011,4.52263000514681,3.668214043816812,Low
REGION III,BULACAN,BULACAN,18019,0.9136467062545092,0.07797325045785004,0.006604140074365947,76565,1,2,13,0,1,23,99.3,0.1,0,24390,0.9526333314834342,17,0.30039835433945017,4.249125922637217,9.834956006675716,4.204350704719262,3.394365269080678,Low
REGION III,BULACAN,BUSTOS,15949,0.937801743055991,0.05492507367233055,0.005266787886387861,67039,2,2,12,0,3,21,99.3,0.1,0,24390,0.9652642798921562,19,0.31325049597995197,4.203335632328046,9.702098101770147,4.136979881857402,3.357786223433073,Low
REGION III,BULACAN,CALUMPIT,24219,0.9472728023452661,0.04764854040216359,0.004046409843511293,108757,2,2,27,0,1,0,99.3,0.1,0,24390,0.9710970725463479,32,0,4.490565258681201,10.185916139202513,4.39597315907173,3.587236299918229,Low
REGION III,BULACAN,MALOLOS,56255,0.9342991734068082,0.06109679139632033,0.002808639232068261,252074,13,8,42,0,9,0,99.3,0.1,0,24390,0.9648475691049684,72,0,4.48091725179984,11.026501365481296,4.2370166908080735,3.5795291008212398,Low
REGION III,BULACAN,MEYCAUAYAN,49919,0.89789458923456,0.09505398745968469,0.004246879945511729,209083,7,7,32,0,9,0,99.3,0.1,0,24390,0.9454215829644024,55,0,4.188445281355796,10.839513316931791,4.03009986762192,3.3458912381808457,Low
REGION III,BULACAN,SAN JOSE DEL MONTE,123530,0.9336274589168623,0.0557516392779082,0.006986157208775197,574089,8,6,59,0,20,47,99.3,0.1,0,24390,0.9615032785558164,93,0.08186883915211753,4.647365012547559,11.849553983585917,4.317826686448226,3.7124939760649585,Low
REGION III,BULACAN,DOÑA REMEDIOS TRINIDAD,5059,0.44771694010674046,0.5382486657442183,0.004744020557422415,22663,0,1,8,0,1,9,99.3,0.1,0,24390,0.7168412729788496,10,0.39712306402506287,4.479739078869342,8.617676940293977,4.689185103260258,3.5785879309549973,High
REGION III,BULACAN,GUIGUINTO,22769,0.9318810663621591,0.06047696429355703,0.004260178312618033,99730,2,2,13,0,4,1,99.3,0.1,0,24390,0.9621195485089375,21,0.01002707309736288,4.380078176468005,10.099270050065458,4.336356003132987,3.498974967734933,Low
REGION III,BULACAN,HAGONOY,28773,0.8959093594689466,0.09289959336878323,0.006012581239356341,129807,3,4,23,0,8,4,99.3,0.1,0,24390,0.9423591561533382,38,0.03081497916137034,4.511416953393807,10.362842722233244,4.419466794700279,3.603893435908686,Low
REGION III,BULACAN,MARILAO,51591,0.919792211819891,0.07092322304277877,0.0052722374057490645,221965,1,2,14,0,11,3,99.3,0.1,0,24390,0.9552538233412804,28,0.013515644358344785,4.30239770502607,10.899300588358825,4.2380706118059255,3.4369208184465867,Low
REGION III,BULACAN,NORZAGARAY,24396,0.8416133792424988,0.1499016232169208,0.004754877848827677,111348,2,3,10,0,0,3,99.3,0.1,0,24390,0.9165641908509592,15,0.026942558465351867,4.564190850959173,10.209459658449427,4.587862248622065,3.64605125572183,Low
REGION III,BULACAN,OBANDO,12883,0.7574322750912055,0.235271287743538,0.004113948614453155,59197,0,1,11,0,0,3,99.3,0.1,0,24390,0.8750679189629744,12,0.050678243829923815,4.594970115656292,9.577702528461494,4.669616158433274,3.670638916572064,High
REGION III,BULACAN,PANDI,20193,0.9127420393205566,0.08062199772198286,0.0038627247065814887,89075,0,1,21,0,5,8,99.3,0.1,0,24390,0.9530530381815481,27,0.08981195621667135,4.411182092804437,9.986287144586203,4.346003680733893,3.5238219728053903,Low
REGION III,BULACAN,PAOMBONG,11489,0.87387936286883106,0.11480546609800679,0.0077465401688571675,53294,1,2,12,0,3,45,99.3,0.1,0,24390,0.9312820959178345,18,0.8443727248846024,4.638697884933414,9.472663088965204,4.562494555447935,3.705570341065249,Low
REGION III,BULACAN,PLARIDEL,24206,0.9454267536974303,0.051722713376848715,0.0019003552838139305,107805,8,3,16,0,7,23,99.3,0.1,0,24390,0.9712881103858547,34,0.21334817494550345,4.453647855903495,10.177124475975367,4.3319218292058705,3.557745258208753,Low
REGION III,BULACAN,PULILAN,22279,0.9269267022756856,0.0625701333093945,0.006598141747834283,97323,2,2,17,0,4,19,99.3,0.1,0,24390,0.9582117689303828,25,0.1952262055218191,4.3683738049284075,10.074839875956577,4.296360804898289,3.4896250654317873,Low
REGION III,BULACAN,SAN ILDEFONSO,23932,0.8642821327093432,0.12660872472004012,0.0054738425539027245,104471,1,3,32,0,0,6,99.3,0.1,0,24390,0.9275864950693632,36,0.05743220606675537,4.3653267591509275,10.145711170986317,4.293519267525654,3.487190968031831,Low
REGION III,BULACAN,SAN MIGUEL,33729,0.8220225918349195,0.1492187731625604,0.017996382934566693,153882,2,4,42,0,0,2,99.3,0.1,0,24390,0.8966319784161998,48,0.012996971705592598,4.562305434492573,10.532975123788983,4.47878912180351,3.644545112508261,Low
REGION III,BULACAN,SAN RAFAEL,22051,0.915514035644642,0.0757788762414403,0.005305881819418621,94655,0,3,24,0,5,1,99.3,0.1,0,24390,0.953403473765362,32,0.010564682267180815,4.292549090744184,10.047044422231112,4.21468793273457,3.4290533664398315,Low
REGION III,BULACAN,SANTA MARIA,57575,0.9087103777681286,0.0809379070777247,0.006426400347372992,256454,6,6,19,0,7,34,99.3,0.1,0,24390,0.949179331306991,38,0.13257738229857985,4.454259661311333,11.043727703789582,4.346418559369889,3.55823399190731,Low
REGION III,NUEVA ECIJA,ALIAGA,13940,0.8520086083213774,0.1402439024390244,0.005093256814921091,63543,0,2,8,0,0,10,99.3,0.1,0,24390,0.9221305595408895,10,0.1573737469115402,4.558321377331421,9.648543768869805,4.584112087117913,3.641362494364185,Low
REGION III,NUEVA ECIJA,BONGABON,14819,0.8091639111950873,0.18388555233146636,0.003104123085228423,64173,1,2,6,0,0,2,99.3,0.1,0,24390,0.9011066873608206,9,0.031165755068330917,4.330454146703556,9.6584088548762,4.392494978622081,3.4593333835100712,Low
REGION III,NUEVA ECIJA,CABANATUAN,66994,0.858793324775353,0.1315192405290026,0.007149894020360033,302231,8,7,34,0,3,15,99.3,0.1,0,24390,0.9245529450398543,52,0.049630911455145234,4.511314446069798,11.207967596674656,4.381090522478638,3.603811549114371,Low
REGION III,NUEVA ECIJA,CABIAO,16511,0.9063654533341409,0.08376234025800981,0.006056568348373812,79007,1,2,13,0,4,13,99.3,0.1,0,24390,0.9482466234631458,20,0.16454238232055388,4.785112954999697,9.866350754486676,4.745255090507149,3.8225323322492026,High
REGION III,NUEVA ECIJA,CARRANGLAN,9588,0.5791614518147684,0.4164580725907384,0.0013558614935335837,41131,0,2,6,0,0,16,99.3,0.1,0,24390,0.7873904881101377,8,0.38900099681505435,4.289841468502295,9.213624177480288,4.437309382601429,3.4268904136191827,Low
REGION III,NUEVA ECIJA,GAPAN,24586,0.8352721060766289,0.14691287724721386,0.014683153013910355,110303,2,5,20,0,2,14,99.3,0.1,0,24390,0.9087285447002359,29,0.12692311179206367,4.486415032945579,10.200030699561843,4.45446758959237,3.5839209399236496,Low
REGION III,NUEVA ECIJA,CUYAPO,15003,0.711124441778311,0.2836099446777311,0.0011997600479904018,65039,0,2,11,0,1,4,99.3,0.1,0,24390,0.8529294141171766,14,0.06150156060210028,4.33506632006932,9.67181253270672,4.4231061806306204,3.4630177650447114,Low
REGION III,NUEVA ECIJA,GABALDON,8484,0.6758604431871759,0.31694955209806697,9.42951438000943e-4,35383,0,1,13,0,1,7,99.3,0.1,0,24390,0.8343352192362093,15,0.19783511855976033,4.17055634134842,9.06310975288584,4.260994928248385,3.331600864638793,Low
REGION III,NUEVA ECIJA,GENERAL MAMERTO NATIVIDAD,9320,0.7439914163090129,0.22929184549356224,0.011266094420600859,41656,0,1,14,0,0,0,99.3,0.1,0,24390,0.858637339055794,15,0,4.469527896995708,9.226306242049132,4.553447429809255,3.5704308460064262,Low
REGION III,NUEVA ECIJA,GENERAL TINIO,10305,0.8221251819505094,0.17108199902959728,0.002911208151382824,47865,1,2,8,0,1,0,99.3,0.1,0,24390,0.9076661814653081,12,0,4.644832605531295,9.36523260806833,4.6914103403229035,3.71047099190782,High
REGION III,NUEVA ECIJA,GUIMBA,28325,0.7861959399823477,0.20850838481906442,0.0028596646072374227,118655,2,3,13,0,2,0,99.3,0.1,0,24390,0.8904501323918799,20,0,4.189055604589585,10.273017081564296,4.2218117622327105,3.3463787878617457,Low
REGION III,NUEVA ECIJA,JAEN,17602,0.8418361549823884,0.1509487558232019,0.0045449380752187254,73184,0,2,4,0,2,10,99.3,0.1,0,24390,0.9173105328939893,8,0.13664188893747267,4.15770935121009,9.789795245030586,4.1979781555725895,3.321338194637546,Low
REGION III,NUEVA ECIJA,LAUR,8522,0.6643980286317765,0.32727059375733397,0.001994836892748181,35656,0,1,9,0,0,10,99.3,0.1,0,24390,0.8280333255104435,10,0.28045770697778777,4.183994367519362,9.070794822626365,4.2927708798337845,3.3423356769625783,Low
REGION III,NUEVA ECIJA,LICAB,6374,0.7168183244430499,0.2751804204581111,0.002353310323187951,28254,0,1,2,0,1,3,99.3,0.1,0,24390,0.8544085346721055,4,0.10617965597791464,4.432695324756825,8.838142548268731,4.554070850375831,3.5410075701951564,Low
REGION III,NUEVA ECIJA,LLANERA,9552,0.7689489112227805,0.21398659966499162,0.006909547738693468,39701,0,1,18,0,1,21,99.3,0.1,0,24390,0.8759422110552764,20,0.5289539306314702,4.156302345058626,9.178242048782204,4.155953802279338,3.320214223990202,Low
REGION III,NUEVA ECIJA,LUPAO,9987,0.7467708020426554,0.24361670171222588,0.004205467107239411,43788,0,1,5,0,0,2,99.3,0.1,0,24390,0.8685791528987684,6,0.04567461404951128,4.3844998498047465,9.276215841624676,4.489400168580836,3.502507170517039,Low
REGION III,NUEVA ECIJA,NAMPICUAN,3018,0.7707090788601723,0.22730284956925115,6.626905235255136e-4,14954,0,1,3,0,1,7,99.3,0.1,0,24390,0.8843605036447978,5,0.46810218001872406,4.954937044400265,8.202015366004538,5.009903186799283,3.9581943487226448,High
REGION III,NUEVA ECIJA,PALAYAN,9280,0.7447198275862069,0.24913793103448276,0.00290948275862069,41041,1,1,8,0,0,22,99.3,0.1,0,24390,0.8692887931034483,10,0.5360493165371214,4.422521551724138,9.211433867991433,4.467103044928502,3.5328803688680117,Low
REGION III,NUEVA ECIJA,PANTABANGAN,6107,0.6700507614213198,0.3266743081709514,6.549860815457672e-4,29925,0,1,6,0,1,17,99.3,0.1,0,24390,0.8333879155067955,8,0.5680868838763576,4.900114622564271,8.895593657311494,4.985470350337865,3.9144000889066177,High
REGION III,NUEVA ECIJA,PEÑARANDA,6819,0.83179351811116,0.1416630004399472,0.0165713447719607,29882,0,1,3,0,0,28,99.3,0.1,0,24390,0.9026250183311336,4,0.9370189411685965,4.382167473236545,8.8941558954258,4.380717908880619,3.500643978377841,Low
REGION III,NUEVA ECIJA,QUEZON,9443,0.7859790320872604,0.19527692470613153,0.012390130255215504,40592,0,1,5,0,1,13,99.3,0.1,0,24390,0.8836174944403261,7,0.3202601497832085,4.298633908715451,9.200434408730757,4.359937876586757,3.4339141531442947,Low
REGION III,NUEVA ECIJA,RIZAL,14751,0.7641515829435293,0.2263575350823673,0.005152193071656159,64087,0,1,7,0,2,5,99.3,0.1,0,24390,0.8773303504847129,10,0.07801894299936026,4.344586807674056,9.65706791436477,4.422305102583582,3.47062309683732,Low
REGION III,NUEVA ECIJA,SAN ANTONIO,17419,0.8520580974797635,0.1333027154256846,0.009529823755669097,77836,1,3,10,0,1,3,99.3,0.1,0,24390,0.9187094551926057,15,0.03854257669972763,4.468453987025661,9.851419128128697,4.488902567083505,3.569572965404436,Low
REGION III,NUEVA ECIJA,SAN ISIDRO,11312,0.8650106082036775,0.11730905233380481,0.011934229137199433,51612,0,2,7,0,2,0,99.3,0.1,0,24390,0.9236651343705798,11,0,4.562588401697313,9.440596045047803,4.597065770511004,3.6447711575983677,Low
REGION III,NUEVA ECIJA,SAN JOSE CITY,32328,0.7962447414006434,0.19277406582529077,0.005382331106161841,139738,2,5,33,0,6,2,99.3,0.1,0,24390,0.8926317743132888,46,0.014312499105468807,4.322506805246226,10.436560986347937,4.250645014389871,3.452984741385682,Low
REGION III,NUEVA ECIJA,SAN LEONARDO,14690,0.8278420694349898,0.15343771272974813,0.011027910142954392,65299,2,2,7,0,1,15,99.3,0.1,0,24390,0.9045609257998639,12,0.22971255302531432,4.445132743362832,9.67580191398108,4.474217265357424,3.5509430586984125,Low
REGION III,NUEVA ECIJA,SANTA ROSA,15659,0.8492240883836771,0.13647103901909444,0.01098409860144326,69467,0,2,19,0,1,0,99.3,0.1,0,24390,0.9174596078932243,22,0,4.436234753177087,9.737673244355129,4.4341457997678315,3.543835001794237,Low
REGION III,NUEVA ECIJA,SANTO DOMINGO,14071,0.7737189965176604,0.2168289389524554,0.005543316040082439,57943,1,2,6,0,2,21,99.3,0.1,0,24390,0.8821334659938881,11,0.36242514194984726,4.117902068083292,9.556292931064844,4.161374786000762,3.2895386053191373,Low
REGION III,NUEVA ECIJA,SCIENCE MUÑOZ,18907,0.8047284074681335,0.1818903051779764,0.006558417517321627,81483,0,2,37,0,0,2,99.3,0.1,0,24390,0.8956735600571216,39,0.02454499711596284,4.30967366583805,9.897207131061606,4.261034570009809,3.442733135880579,Low
REGION III,NUEVA ECIJA,TALAVERA,27987,0.8678314931932684,0.12212813091792618,0.0033587022546182157,124829,1,3,13,0,5,14,99.3,0.1,0,24390,0.9288955586522314,22,0.1121534258866129,4.460249401507843,10.323740050576788,4.436711073054657,3.5630188268272476,Low
REGION III,NUEVA ECIJA,TALUGTUG,5776,0.5623268698060941,0.43351800554016623,0.0017313019390581717,23817,0,1,5,0,0,2,99.3,0.1,0,24390,0.7790858725761772,6,0.08397363227946425,4.1234418282548475,8.667334148811808,4.31433506424612,3.2939639788824833,Low
REGION III,NUEVA ECIJA,ZARAGOZA,10982,0.7999453651429612,0.19531961391367691,0.0030049171371334914,49387,0,2,6,0,2,0,99.3,0.1,0,24390,0.8976051720997997,10,0,4.497086140957931,9.396532651763682,4.5615101162867315,3.5924454315671586,Low
REGION III,PAMPANGA,ANGELES,94666,0.9502883823125515,0.045317220543806644,0.0029260769442038324,411634,16,6,27,0,15,35,99.3,0.1,0,24390,0.9729469925844548,64,0.08502698999596729,4.348277100542962,11.516906970586867,4.119818642296988,3.473571044762379,Low
REGION III,PAMPANGA,APALIT,22801,0.9547826849699574,0.04315600192973992,0.001052585412920486,107965,4,2,13,0,6,4,99.3,0.1,0,24390,0.9763606859348274,25,0.03704904367156023,4.735099337748345,10.178607480554033,4.659153028028756,3.7825795305507017,High
REGION III,PAMPANGA,ARAYAT,27433,0.8859038384427514,0.10713374403091168,0.005941748988444574,133492,5,3,28,0,8,4,99.3,0.1,0,24390,0.9394707104582073,44,0.029964342432505318,4.866110159297197,10.390834669366111,4.7537813341249855,3.887236015351498,High
REGION III,PAMPANGA,BACOLOR,9375,0.91776,0.07466666666666667,0.004906666666666667,39460,1,2,7,0,0,2,99.3,0.1,0,24390,0.9550933333333333,10,0.05068423720223011,4.209066666666667,9.172153803750659,4.211428303128389,3.3623643941602066,Low
REGION III,PAMPANGA,CANDABA,22428,0.8889780631353665,0.09795790975566257,0.009051186017478152,111586,0,3,31,0,1,4,99.3,0.1,0,24390,0.9379570180131979,35,0.035846790816052194,4.9752987337257,10.211594741806103,4.898956854127129,3.9744600495572233,High
REGION III,PAMPANGA,SAN FERNANDO,66370,0.9469187886093114,0.045547687208075935,0.003962633720054241,306659,9,5,45,0,7,15,99.3,0.1,0,24390,0.9696926322133494,66,0.04891426633491924,4.620445984631611,11.22251215620591,4.390673479058131,3.69099002087537,Low
REGION III,PAMPANGA,FLORIDABLANCA,28196,0.8640941977585473,0.1323237338629593,0.001773301177471982,125163,3,2,16,0,0,12,99.3,0.1,0,24390,0.930256064690027,21,0.09587497902734833,4.439033905518513,10.326412050028418,4.419488288165,3.54607107237995,Low
REGION III,PAMPANGA,GUAGUA,24964,0.9214869411953213,0.07518827111039897,0.0022432302515622495,117430,3,3,27,0,0,49,99.3,0.1,0,24390,0.9590810767505208,33,0.41726986289704504,4.70397372215991,10.262639730645054,4.580040975735368,3.757715191282882,Low
REGION III,PAMPANGA,LUBAO,33868,0.8929668123302232,0.10012401086571394,0.005137593008149285,160838,2,4,41,0,3,17,99.3,0.1,0,24390,0.9430288177630802,50,0.10569641502629976,4.7489665761190505,10.577185543802324,4.602950793950837,3.793657214093291,Low
REGION III,PAMPANGA,MABALACAT CITY,55991,0.9500991230733511,0.04715043489132182,0.0014466610705291922,250799,4,3,25,0,11,17,99.3,0.1,0,24390,0.973674340519012,43,0.06778336436748153,4.479273454662357,11.021430574479867,4.3332987411287665,3.5782159724239,Low
REGION III,PAMPANGA,MACABEBE,15856,0.8509712411705348,0.14587537840565085,0.0020812310797174573,75850,2,2,21,0,2,2,99.3,0.1,0,24390,0.9239089303733602,27,0.026367831245880026,4.783678102926337,9.8255741639611,4.753325379365721,3.8213861172080965,High
REGION III,PAMPANGA,MAGALANG,23821,0.9309852651022207,0.06632802988959322,9.235548465639561e-4,113147,1,2,28,0,1,11,99.3,0.1,0,24390,0.9641492800470173,32,0.09721866244796593,4.749884555644179,10.225486499109032,4.653513403359897,3.7943905314565685,High
REGION III,PAMPANGA,MASANTOL,11665,0.7576510930132876,0.23591941705957994,0.0038576939562794685,57063,0,2,7,0,2,5,99.3,0.1,0,24390,0.8756108015430776,11,0.08762245237719714,4.891813116159451,9.540990174147005,4.966485850568029,3.9077685261959316,High
REGION III,PAMPANGA,MEXICO,31281,0.9449825772833349,0.05361081806847607,6.073974617179758e-4,154624,1,5,37,0,4,5,99.3,0.1,0,24390,0.9717879863175729,47,0.03233650662251656,4.943064480035805,10.53778528442704,4.786546888152066,3.948710087519899,High
REGION III,PAMPANGA,MINALIN,9527,0.8683740946782827,0.12543297995171618,0.003883698960848116,47713,0,1,9,0,1,35,99.3,0.1,0,24390,0.9310905846541409,11,0.7335527005218704,5.008187257268815,9.362052229979362,4.9693540157880465,4.000732667525862,High
REGION III,PAMPANGA,PORAC,27156,0.9180291648254529,0.07585800559728974,0.004823979967594638,124381,1,2,25,0,2,3,99.3,0.1,0,24390,0.9559581676240978,30,0.02411943946422685,4.580240094270143,10.320144803660824,4.506416357451207,3.6588720087617794,Low
REGION III,PAMPANGA,SAN LUIS,10865,0.886240220892775,0.11247123791992637,9.203865623561896e-4,54106,1,2,17,0,1,7,99.3,0.1,0,24390,0.9424758398527382,21,0.12937566998114813,4.9798435342844,9.48778326544169,4.944985721692411,3.9780906111014604,High
REGION III,PAMPANGA,SAN SIMON,11226,0.9128808123997862,0.08426866203456262,3.563156957063959e-4,53198,0,1,13,0,1,7,99.3,0.1,0,24390,0.9550151434170675,15,0.13158389413135832,4.738820595047212,9.470860274961897,4.71456977870166,3.7855522140537476,High
REGION III,PAMPANGA,SANTA ANA,10636,0.9442459571267394,0.05434373824746145,5.641218503196691e-4,55178,0,1,14,0,1,2,99.3,0.1,0,24390,0.9714178262504701,16,0.03624633005908152,5.18785257615645,9.507401031024946,5.151873549087585,4.144256236747834,High
REGION III,PAMPANGA,SANTA RITA,8830,0.9060022650056625,0.08618346545866365,0.0033975084937712344,40979,0,1,8,0,2,4,99.3,0.1,0,24390,0.9490939977349944,11,0.09761097147319359,4.64088335220838,9.209922192451312,4.641142756426504,3.7073161764087805,High
REGION III,PAMPANGA,SANTO TOMAS,8675,0.8757348703170029,0.12288184438040346,1.1527377521613833e-4,40475,1,1,6,0,0,5,99.3,0.1,0,24390,0.9371757925072046,8,0.12353304508956145,4.665706051873199,9.197548197382533,4.687227622457458,3.7271455039366375,High
REGION III,PAMPANGA,SASMUAN,5584,0.8388252148997135,0.10207736389684814,0.05211318051575931,28004,0,1,7,0,1,41,99.3,0.1,0,24390,0.8898638968481376,9,1.4640765604913584,5.015042979942693,8.8292561601726,4.959559949724207,4.006209282566779,High
REGION III,TARLAC,ANAO,2685,0.8331471135940409,0.1601489757914339,7.448789571694599e-4,11528,0,1,6,0,0,24,99.3,0.1,0,24390,0.9132216014897578,7,2.081887578070784,4.293482309124768,7.941896858613383,4.1668519112240565,3.429798857187151,Low
REGION III,TARLAC,BAMBAN,14739,0.9090168939548138,0.08487685731732139,0.005292082230816202,69466,1,2,9,0,5,21,99.3,0.1,0,24390,0.9514553226134744,17,0.3023061641666427,4.71307415699844,9.737658849776707,4.669295885798818,3.7649849687646153,High
REGION III,TARLAC,CAMILING,19262,0.7736995119925242,0.2196552798255633,0.0018170491122417194,83248,3,2,16,0,1,1,99.3,0.1,0,24390,0.8835271519053058,22,0.01201230059581011,4.32187727131139,9.918635759312663,4.352660095573478,3.452481845457668,Low
REGION III,TARLAC,CAPAS,30762,0.843540732072037,0.14956764839737338,0.0031857486509329694,140202,2,3,12,0,2,4,99.3,0.1,0,24390,0.9183245562707236,19,0.02853026347698321,4.557636044470451,10.439875888353459,4.563863330843126,3.6408150241071513,Low
REGION III,TARLAC,TARLAC,74429,0.9040562146475164,0.08637762162597912,0.006932781577073452,342493,7,10,52,0,7,15,99.3,0.1,0,24390,0.9472450254605059,76,0.043796515549222904,4.601606900536082,11.333025595838247,4.355842151055529,3.675940635679587,Low
REGION III,TARLAC,CONCEPCION,32539,0.9212022496081625,0.07440302406343158,0.0030732351946894496,154188,4,3,15,0,2,17,99.3,0.1,0,24390,0.9584037616398784,24,0.11025501336031338,4.738559881987769,10.534961633062151,4.677922860041445,3.785343946431116,High
REGION III,TARLAC,GERONA,21157,0.8308833955664792,0.15602401096563784,0.008649619511272865,87531,1,3,12,0,4,15,99.3,0.1,0,24390,0.9088954010492981,20,0.17136785824450765,4.137212270170629,9.968802261315243,4.136102905744586,3.304964337692704,Low
REGION III,TARLAC,LA PAZ,13885,0.844796543032049,0.13647821389989198,0.009002520705797623,64017,0,2,8,0,1,4,99.3,0.1,0,24390,0.9130356499819949,11,0.062483402846119,4.610514944184372,9.655975122157006,4.65003196173779,3.6830567236764438,High
REGION III,TARLAC,MAYANTOC,7456,0.7646190987124464,0.23068669527896996,0.0029506437768240345,32232,0,1,4,0,1,1,99.3,0.1,0,24390,0.8799624463519313,6,0.031025068255150164,4.322961373390558,8.96984934858418,4.4177633766136735,3.4533478679085587,Low
REGION III,TARLAC,MONCADA,13314,0.7907465825446898,0.1950578338590957,0.00473186119873817,57787,0,2,8,0,1,17,99.3,0.1,0,24390,0.8882754994742377,11,0.2941838129683147,4.340318461769566,9.553597190256607,4.383777345497451,3.46721337790726,Low
REGION III,TARLAC,PANIQUI,22013,0.8347794485077,0.15890610094035343,0.0015899695634397856,92606,3,2,12,0,1,0,99.3,0.1,0,24390,0.9142324989778767,18,0,4.206877754054422,10.025160612494266,4.223608860631958,3.3606158065486995,Low
REGION III,TARLAC,PURA,5585,0.8572963294538943,0.13357206803939123,0.004118173679498657,23712,0,1,12,0,1,12,99.3,0.1,0,24390,0.92408236347359,14,0.5060728744939271,4.245658012533572,8.662916548673348,4.222518940416761,3.391594969064528,Low
REGION III,TARLAC,RAMOS,4710,0.8373673036093419,0.1583864118895966,0.0021231422505307855,21350,0,1,6,0,0,2,99.3,0.1,0,24390,0.9165605095541401,7,0.09367681498829039,4.532908704883227,8.558006165095804,4.581553918183861,3.6210618738781877,Low
REGION III,TARLAC,SAN CLEMENTE,3017,0.7540603248259861,0.23798475306595956,3.3145508783559825e-4,12657,0,1,10,0,1,7,99.3,0.1,0,24390,0.8730527013589658,12,0.5530536462036818,4.195227046735168,8.035296707942262,4.226617828942289,3.3513087732894555,Low
REGION III,TARLAC,SAN JOSE,8357,0.6400622232858681,0.35287782697140124,0.002153882972358502,36253,0,1,5,0,1,2,99.3,0.1,0,24390,0.8165011367715688,7,0.05516784817808181,4.3380399664951534,9.087397630112832,4.490255821268495,3.465393228218585,Low
REGION III,TARLAC,SAN MANUEL,5645,0.8357838795394155,0.15606731620903455,0.00354295837023915,25504,0,1,3,0,2,2,99.3,0.1,0,24390,0.9138175376439327,6,0.07841907151819322,4.517980513728964,8.73575845498686,4.574647758996125,3.609136660432694,Low
REGION III,TARLAC,SANTA IGNACIA,11454,0.7710843373493976,0.22315348349921424,0.0024445608521040684,47538,0,1,4,0,1,4,99.3,0.1,0,24390,0.8826610790990047,6,0.08414321174639236,4.1503404924044,9.358378040047445,4.237712397037996,3.315451666711993,Low
REGION III,TARLAC,VICTORIA,15035,0.8436980379115397,0.1463917525773196,0.006584635849684071,63715,0,2,8,0,2,46,99.3,0.1,0,24390,0.9168939142001995,12,0.7219650003923723,4.237778516794147,9.651246766282421,4.210320457610088,3.3853005247099173,Low
REGION III,ZAMBALES,BOTOLAN,13627,0.7267923974462465,0.2616863579658032,0.009172965436266237,57707,0,2,24,0,0,6,99.3,0.1,0,24390,0.8576355764291481,26,0.10397352140988095,4.234754531444925,9.552211935036198,4.267569433140578,3.382884848867288,Low
REGION III,ZAMBALES,CABANGAN,5966,0.7658397586322494,0.21840429098223266,0.011230305062018102,25163,0,1,18,0,1,3,99.3,0.1,0,24390,0.8750419041233657,20,0.1192226682033144,4.217733825008381,8.72229999219733,4.255036249105446,3.36928805370628,Low
REGION III,ZAMBALES,CANDELARIA,6034,0.7497514086841233,0.24477958236658934,6.629101756711965e-4,27174,1,1,16,0,0,1,99.3,0.1,0,24390,0.8721411998674179,18,0.03679988224037683,4.503480278422273,8.799173908082677,4.558875241646396,3.597553314583537,Low
REGION III,ZAMBALES,CASTILLEJOS,16636,0.8851887472950228,0.10669632123106516,0.004688627073815821,64841,0,1,15,0,1,18,99.3,0.1,0,24390,0.9385369079105554,17,0.27760213445196713,3.897631642221688,9.668763754552977,3.8689834619908092,3.113578114393938,Low
REGION III,ZAMBALES,IBA,11450,0.8432314410480349,0.14847161572052403,0.0053275109170305675,50506,2,1,11,0,0,17,99.3,0.1,0,24390,0.9174672489082969,14,0.3365936720389657,4.411004366812227,9.418935722017368,4.40977623081599,3.523679998444933,Low
REGION III,ZAMBALES,MASINLOC,10620,0.7120527306967985,0.2721280602636535,0.00856873822975518,47719,0,1,11,0,1,7,99.3,0.1,0,24390,0.8481167608286253,13,0.14669209329617133,4.4933145009416195,9.362177963161079,4.582376495826717,3.5894325004109793,Low
REGION III,ZAMBALES,OLONGAPO,55265,0.9257939021080249,0.06387406134081244,0.007997828643807112,233040,8,8,13,0,4,1,99.3,0.1,0,24390,0.9577309327784311,33,0.004291108822519739,4.216773726590066,10.947990111400857,4.131347556993061,3.3685210901506313,Low
REGION III,ZAMBALES,PALAUIG,7857,0.7327224131347843,0.25684103347333587,0.0061092019854906456,34947,0,1,18,0,0,23,99.3,0.1,0,24390,0.8611429298714521,19,0.6581394683377686,4.447880870561283,9.05071234766474,4.454608292756226,3.553138368436762,Low
REGION III,ZAMBALES,SAN ANTONIO,8572,0.8332944470368642,0.15667288847410174,0.0061829211385907605,34661,0,1,14,0,0,2,99.3,0.1,0,24390,0.9116308912739151,15,0.05770173970745218,4.04351376574895,9.042495823096662,4.069239412950114,3.2301143673777855,Low
REGION III,ZAMBALES,SAN FELIPE,5585,0.794449418084154,0.19892569382273947,0.0037600716204118172,23183,0,1,11,0,0,5,99.3,0.1,0,24390,0.8939122649955238,12,0.21567527929948668,4.150940017905103,8.640358495842733,4.191830285313328,3.3159305907482692,Low
REGION III,ZAMBALES,SAN MARCELINO,8019,0.8170594837261503,0.16947250280583614,0.007232822047636862,33665,1,1,17,0,1,10,99.3,0.1,0,24390,0.9017957351290684,20,0.2970444081390168,4.198154383339569,9.013342908761937,4.192762652621566,3.353647242396231,Low
REGION III,ZAMBALES,SAN NARCISO,7038,0.81102585961921,0.17703893151463485,0.00625177607274794,28360,0,1,16,0,0,2,99.3,0.1,0,24390,0.8995453253765274,17,0.07052186177715092,4.029553850525717,8.841886667138674,4.0584115798991744,3.2189626499997224,Low
REGION III,ZAMBALES,SANTA CRUZ,13680,0.7472222222222222,0.2336988304093567,0.009649122807017544,58151,0,2,23,0,0,23,99.3,0.1,0,24390,0.8640716374269006,25,0.3955220030609964,4.250804093567251,9.559875985002554,4.254891999260866,3.395705856586015,Low
REGION III,ZAMBALES,SUBIC,24760,0.8180129240710824,0.15961227786752827,0.01708400646203554,104771,1,1,16,0,3,6,99.3,0.1,0,24390,0.8978190630048465,21,0.057267755390327475,4.231462035541195,10.148578553722178,4.247802790102285,3.380254676462965,Low
REGION IV-A,BATANGAS,AGONCILLO,7806,0.8834230079426082,0.11106840891621829,0.001409172431462977,38059,0,1,5,0,0,3,100,0.2,0.1,1129.8,0.9389572124007174,6,0.07882498226437899,4.8756085062772225,6.066351120894199,4.906832682904653,3.2954808938093376,High
REGION IV-A,BATANGAS,ALITAGTAG,5089,0.8477107486736097,0.14423265867557478,0.005109058754175673,25300,0,1,5,0,0,14,100,0.2,0.1,1129.8,0.9198270780113971,6,0.5533596837944664,4.9715071723324815,5.659187050251348,4.979204786464952,3.3602999253866317,High
REGION IV-A,BATANGAS,BALAYAN,20414,0.8930635838150289,0.09772705006368179,0.00475164103066523,90699,4,1,22,0,1,23,100,0.2,0.1,1129.8,0.9419271088468698,28,0.2535860373322749,4.442980307632017,6.933412693318661,4.370023620359412,3.003062427289138,Low
REGION IV-A,BATANGAS,BALETE,4580,0.8733624454148472,0.10764192139737991,0.017903930131004366,22661,0,1,8,0,1,14,100,0.2,0.1,1129.8,0.9271834061135371,10,0.6178015092008295,4.947816593886463,5.549433845793881,4.926795450950952,3.3442871859446464,High
REGION IV-A,BATANGAS,BATANGAS CITY,75485,0.8720805458038021,0.1197986354904948,0.003351659270053653,329874,5,7,83,0,6,23,100,0.2,0.1,1129.8,0.9319798635490495,101,0.06972359143188006,4.370060276876201,8.223870191875543,4.0396451067294965,2.953774924442592,Low
REGION IV-A,BATANGAS,BAUAN,20241,0.9165555061508819,0.079986166691369,0.002074996294649474,91297,3,2,25,0,3,9,100,0.2,0.1,1129.8,0.9565485894965664,33,0.09857936186293087,4.510498493157453,6.939977905818602,4.417386231246768,3.048698759676629,Low
REGION IV-A,BATANGAS,CALACA,17707,0.9013949285593268,0.09335291127802564,0.0031625910656802396,81859,1,1,14,0,2,23,100,0.2,0.1,1129.8,0.9480713841983396,18,0.280970937832126,4.622973965098549,6.830969866142456,4.580313940439752,3.124722248504096,Low
REGION IV-A,BATANGAS,CALATAGAN,13337,0.8110519607108045,0.18234985379020768,0.004198845317537677,56449,0,1,8,0,0,7,100,0.2,0.1,1129.8,0.9022268876059084,9,0.12400573969423728,4.232511059458649,6.45979513541339,4.28477425832529,2.860803797377249,Low
REGION IV-A,BATANGAS,TANAUAN,37426,0.908646395553893,0.07176828942446428,0.014615507935659702,173366,6,2,45,0,4,3,100,0.2,0.1,1129.8,0.9445305402661252,57,0.017304431087987262,4.632234275637257,7.580806463877611,4.465117894034825,3.1309814008564163,Low
REGION IV-A,BATANGAS,CUENCA,7160,0.8569832402234637,0.1350558659217877,0.004050279329608939,32783,2,1,13,0,1,7,100,0.2,0.1,1129.8,0.9245111731843576,17,0.2135253027483757,4.578631284916201,5.9174968654976965,4.569388185472695,3.094750511615648,Low
REGION IV-A,BATANGAS,IBAAN,12005,0.8719700124947939,0.12461474385672637,0.0021657642648896295,52970,2,1,26,0,0,17,100,0.2,0.1,1129.8,0.9342773844231571,29,0.3209363790824995,4.412328196584756,6.396286064822939,4.337028017468097,2.9823443064266613,Low
REGION IV-A,BATANGAS,LAUREL,8551,0.8490235060226874,0.1410361361244299,0.007484504736288153,39444,0,1,9,0,0,20,100,0.2,0.1,1129.8,0.9195415740849023,10,0.5070479667376534,4.6127938252835925,6.1020140257812185,4.609416085674176,3.1178413727706773,Low
REGION IV-A,BATANGAS,LEMERY,19635,0.8692640692640693,0.1218742042271454,0.005296664120193532,93157,6,1,24,0,1,23,100,0.2,0.1,1129.8,0.930201171377642,32,0.24689502667539748,4.744435956200662,6.960126885931671,4.668244567215663,3.2068198308849847,High
REGION IV-A,BATANGAS,LIAN,12507,0.8074678180219077,0.18349724154473496,0.003917806028623971,52660,1,1,7,0,2,20,100,0.2,0.1,1129.8,0.8992164387942752,11,0.379794910748196,4.210442152394659,6.390426320971536,4.234955404429521,2.845887164615821,Low
REGION IV-A,BATANGAS,LIPA,72177,0.9288415977388919,0.06600440583565402,0.0033667234714659794,332386,12,5,65,0,2,23,100,0.2,0.1,1129.8,0.9618438006567188,84,0.0691966568989067,4.605151225459634,8.231454345942005,4.311068058333428,3.112675650037513,Low
REGION IV-A,BATANGAS,LOBO,8945,0.7312465064281721,0.259139183901621,0.002683063163778647,41504,1,1,22,0,0,22,100,0.2,0.1,1129.8,0.8608160983789827,24,0.5300693909020817,4.639910564561207,6.152810785271978,4.638721214167103,3.1361698944468404,High
REGION IV-A,BATANGAS,MABINI,9757,0.829353284821154,0.1615250589320488,0.007789279491647022,46211,2,2,9,0,0,20,100,0.2,0.1,1129.8,0.9101158142871784,13,0.43279738590378913,4.736189402480271,6.260022114574168,4.73724820641302,3.2012458886395536,High
REGION IV-A,BATANGAS,MALVAR,12833,0.8951141588093198,0.09093742694615445,0.012078235798332424,56270,1,1,15,0,0,16,100,0.2,0.1,1129.8,0.940582872282397,17,0.28434334458859073,4.384789215304294,6.456624071976956,4.353168456793862,2.9637303864353632,Low
REGION IV-A,BATANGAS,MATAASNAKAHOY,6415,0.8876071706936867,0.09696024941543258,0.012470771628994544,29187,0,1,12,0,1,7,100,0.2,0.1,1129.8,0.936087295401403,14,0.23983280227498546,4.549805144193297,5.8016417875068615,4.53828492207086,3.075266585481651,Low
REGION IV-A,BATANGAS,NASUGBU,30482,0.8039170658093301,0.18479758546027164,0.008168755331015026,134113,4,1,30,0,4,16,100,0.2,0.1,1129.8,0.8963158585394659,39,0.1193023793368279,4.399744111278787,7.324233527878343,4.341695654699699,2.973838575780221,Low
REGION IV-A,BATANGAS,PADRE GARCIA,10782,0.8924132813949175,0.0988684845112224,0.005193841587831571,48302,1,1,17,0,1,19,100,0.2,0.1,1129.8,0.9418475236505287,20,0.39335845306612566,4.4798738638471525,6.30419447757959,4.425509867477428,3.0279992140420378,Low
REGION IV-A,BATANGAS,ROSARIO,25971,0.8101343806553464,0.17854530052751144,0.005082592121982211,116764,5,3,34,0,3,12,100,0.2,0.1,1129.8,0.8994070309191021,45,0.10277140214449658,4.495937776750991,7.185803568204264,4.41292257934318,3.0388570009185396,Low
REGION IV-A,BATANGAS,SAN JOSE,17972,0.8926663699087469,0.10310482973514355,0.003449810816826174,76971,2,1,29,0,0,19,100,0.2,0.1,1129.8,0.9442187847763187,32,0.2468462148081745,4.2828288448697975,6.769468909064278,4.192605160278453,2.8948141778718575,Low
REGION IV-A,BATANGAS,SAN JUAN,23713,0.7210812634419939,0.2696832960823177,0.0041327541854678865,108585,5,2,42,0,2,23,100,0.2,0.1,1129.8,0.8559229114831527,51,0.2118156283096192,4.579133808459495,7.1132390787610404,4.50645636381803,3.095090173164248,Low
REGION IV-A,BATANGAS,SAN LUIS,7218,0.8288999722914935,0.16458852867830423,0.0020781379883624274,33149,0,2,8,0,0,21,100,0.2,0.1,1129.8,0.9111942366306456,10,0.6335032731002443,4.5925464117484065,5.928569605220416,4.586142242006977,3.1041559088191812,Low
REGION IV-A,BATANGAS,SAN NICOLAS,4473,0.8166778448468589,0.1819807735300693,0.0013413816230717639,22623,1,1,3,0,0,5,100,0.2,0.1,1129.8,0.9076682316118936,5,0.22101401228837908,5.057679409792086,5.547762081893457,5.111262355706332,3.4185447499576185,High
REGION IV-A,BATANGAS,SAN PASCUAL,14589,0.9192542326410309,0.07704434848173282,0.0021934334087326066,65424,0,1,26,0,0,25,100,0.2,0.1,1129.8,0.9577764068818974,27,0.38212276840303255,4.484474604153815,6.607131994434308,4.38798369415214,3.031108908300398,Low
REGION IV-A,BATANGAS,SANTA TERESITA,4218,0.8596491228070176,0.1337126600284495,9.48316737790422e-4,21127,0,1,15,0,0,6,100,0.2,0.1,1129.8,0.9265054528212423,16,0.28399678136981116,5.008771929824562,5.479622686314683,4.995053064616238,3.385487611430226,High
REGION IV-A,BATANGAS,SANTO TOMAS,42118,0.9117479462462605,0.0800607816135619,0.006837931525713472,179844,4,1,30,0,3,1,100,0.2,0.1,1129.8,0.9517783370530415,38,0.005560374546829475,4.270003323994492,7.617472929826193,4.170627458030608,2.886145258096345,Low
REGION IV-A,BATANGAS,TAAL,11900,0.8810084033613446,0.1084873949579832,0.008067226890756302,56327,2,2,20,0,1,18,100,0.2,0.1,1129.8,0.9352521008403362,25,0.31956255437001796,4.7333613445378155,6.457634943582869,4.672780163688527,3.199334371153286,High
REGION IV-A,BATANGAS,TALISAY,9685,0.8781621063500258,0.11719153329891585,0.002374806401652039,45301,1,1,6,0,1,3,100,0.2,0.1,1129.8,0.9367578729994837,9,0.06622370367100064,4.677439339184305,6.2401717481349275,4.700338753747913,3.161536032761528,High
REGION IV-A,BATANGAS,TAYSAN,8479,0.7655383889609624,0.22750324330699376,0.003656091520226442,38007,0,1,19,0,1,1,100,0.2,0.1,1129.8,0.8792900106144592,21,0.026310942721077694,4.482486142233754,6.064987060592789,4.519727692144565,3.0297648835992375,Low
REGION IV-A,BATANGAS,TINGLOY,4054,0.6470152935372472,0.34583127775037,0.002220029600394672,17919,0,1,4,0,0,3,100,0.2,0.1,1129.8,0.8199309324124322,5,0.16742005692281933,4.420078934385792,5.315678874578705,4.566189020568393,2.987583120885073,Low
REGION IV-A,BATANGAS,TUY,10034,0.829778752242376,0.16434123978473192,0.004385090691648395,43743,1,1,6,0,1,19,100,0.2,0.1,1129.8,0.9119493721347419,9,0.4343552111194934,4.359477775563086,6.205243674751883,4.37412184435984,2.946622087860003,Low
REGION IV-A,CAVITE,ALFONSO,11762,0.9069886073796973,0.08748512157796293,0.0038258799523890495,51839,1,1,32,0,2,2,100,0.2,0.1,1129.8,0.9507311681686788,36,0.03858099114566253,4.407328685597688,6.374739496333352,4.31369237261845,2.9789650783949067,Low
REGION IV-A,CAVITE,AMADEO,8761,0.8997831297797055,0.0868622303390024,0.007647528820910855,37649,0,1,26,0,0,27,100,0.2,0.1,1129.8,0.9432142449492067,27,0.7171505219262131,4.297340486245862,6.055545187652982,4.185269135611836,2.9046227662421225,Low
REGION IV-A,CAVITE,BACOOR,144707,0.834783389884387,0.15395937998852854,0.0053763812393318915,600609,9,6,55,0,17,76,100,0.2,0.1,1129.8,0.9117630798786514,87,0.1265382303628484,4.150517943154098,8.822982677012044,3.8897518905624486,2.805383689741935,Low
REGION IV-A,CAVITE,CARMONA,23448,0.9103548277038553,0.06879051518253156,0.013050153531218014,97557,3,1,16,0,2,14,100,0.2,0.1,1129.8,0.9447500852951212,22,0.14350584786330042,4.160568065506653,7.006234665178858,4.118027829743063,2.8121766851497187,Low
REGION IV-A,CAVITE,CAVITE,23828,0.6751300990431425,0.31836494879973143,0.005078059425885513,102806,5,7,0,0,1,9,100,0.2,0.1,1129.8,0.8343125734430081,13,0.0875435285878256,4.3145039449387275,7.058595289730155,4.422451654607655,2.916223748995598,Low
REGION IV-A,CAVITE,DASMARIÑAS,145166,0.9391386412796385,0.052822286210269624,0.0058209222545224084,659019,7,2,83,0,28,111,100,0.2,0.1,1129.8,0.9655497843847733,120,0.16843216963395594,4.539761376630891,8.915777845931173,4.093050910000401,3.068477885350959,Low
REGION IV-A,CAVITE,GENERAL TRIAS,76687,0.9395464681106316,0.052890320393287,0.0053724881661820125,314303,6,1,25,0,6,12,100,0.2,0.1,1129.8,0.965991628307275,38,0.03817971829731183,4.098517349746372,8.175530202962367,3.98205459117118,2.7702358796129474,Low
REGION IV-A,CAVITE,GEN. MARIANO ALVAREZ,33914,0.9274635843604411,0.059149613728843545,0.009258713215781093,155143,1,2,27,0,7,10,100,0.2,0.1,1129.8,0.9570383912248629,37,0.06445666256292583,4.574600459987026,7.4698086895001,4.4685515942619265,3.09202602983593,Low
REGION IV-A,CAVITE,GENERAL EMILIO AGUINALDO,4365,0.868270332187858,0.12875143184421534,6.872852233676976e-4,22220,0,1,9,0,1,15,100,0.2,0.1,1129.8,0.9326460481099657,11,0.6750675067506751,5.09049255441008,5.529858439770994,5.054972941185569,3.4407235387211506,High
REGION IV-A,CAVITE,IMUS,95234,0.9314215511266984,0.059201545666463656,0.007371316966629565,403785,4,3,94,0,16,16,100,0.2,0.1,1129.8,0.9610223239599303,117,0.03962504798345654,4.239924816767121,8.425992897150323,3.820933613674531,2.8658148427739314,Low
REGION IV-A,CAVITE,INDANG,14797,0.8849766844630669,0.1032641751706427,0.007636683111441509,65599,0,1,32,0,1,1,100,0.2,0.1,1129.8,0.9366087720483882,34,0.01524413481912834,4.433263499357978,6.609799679441577,4.3636509753256325,2.9964947227708865,Low
REGION IV-A,CAVITE,KAWIT,19510,0.7961045617631983,0.18641722193746796,0.014197847257816504,83466,3,2,21,0,3,10,100,0.2,0.1,1129.8,0.8893131727319323,29,0.11980926365226559,4.278113787801128,6.850390184255754,4.2658856173675375,2.8916272155751477,Low
REGION IV-A,CAVITE,MAGALLANES,4766,0.7501049097775913,0.2370960973562736,0.007133864876206463,22727,0,1,11,0,3,21,100,0.2,0.1,1129.8,0.8686529584557281,15,0.9240110881330575,4.768569030633655,5.552330809764564,4.759123968200828,3.2231316585471963,High
REGION IV-A,CAVITE,MARAGONDON,8201,0.7514937202780149,0.22570418241677845,0.01572978905011584,37720,1,1,11,0,2,4,100,0.2,0.1,1129.8,0.8643458114864041,15,0.10604453870625662,4.5994390927935616,6.057424838301336,4.667809847725125,3.1088147526665053,High
REGION IV-A,CAVITE,MENDEZ,7016,0.9043614595210946,0.09122006841505131,0.0029931584948688712,31529,0,1,14,0,3,1,100,0.2,0.1,1129.8,0.9499714937286202,18,0.03171683212280758,4.493871151653364,5.878601594530652,4.471600251295487,3.037460144810194,Low
REGION IV-A,CAVITE,NAIC,25703,0.8384235303271992,0.15048826985176827,0.007431039178306034,111454,2,1,25,0,6,1,100,0.2,0.1,1129.8,0.9136676652530833,34,0.008972311446874943,4.336225343345135,7.139296791698799,4.290170122093042,2.930905496585253,Low
REGION IV-A,CAVITE,NOVELETA,11088,0.8850108225108225,0.10560966810966811,0.007846320346320346,45846,1,1,12,0,4,3,100,0.2,0.1,1129.8,0.9378156565656566,18,0.0654364611961785,4.134740259740259,6.252107419291083,4.12163432801201,2.7947193687301195,Low
REGION IV-A,CAVITE,ROSARIO,27856,0.8855183802412406,0.10493251005169443,0.00861573808156232,110706,3,1,19,0,4,31,100,0.2,0.1,1129.8,0.9379846352670879,27,0.2800209564070601,3.9742245835726595,7.132568240854795,3.9067473262955104,2.6862249432063785,Low
REGION IV-A,CAVITE,SILANG,56961,0.9019855690735766,0.08237214936535524,0.01027018486332754,248085,6,2,66,0,12,64,100,0.2,0.1,1129.8,0.9431716437562543,86,0.2579760969022714,4.355348396271133,7.939019266330439,4.055172547971755,2.943830992032189,Low
REGION IV-A,CAVITE,TAGAYTAY,15969,0.8851524829356879,0.07865238900369466,0.03018348049345607,71181,3,1,32,0,3,3,100,0.2,0.1,1129.8,0.9244786774375353,39,0.0421460783074135,4.4574488070636855,6.691359511331901,4.378103329471496,3.0128418555138956,Low
REGION IV-A,CAVITE,TANZA,53692,0.8829993295090516,0.10839603665350518,0.005103181107055055,226188,3,1,42,0,14,0,100,0.2,0.1,1129.8,0.9371973478358042,60,0,4.212694628622514,7.846648866009186,4.042818910653855,2.8474096396798254,Low
REGION IV-A,CAVITE,TERNATE,5645,0.6768821966341896,0.30558015943312666,0.013286093888396812,23157,0,1,2,0,2,10,100,0.2,0.1,1129.8,0.8296722763507529,5,0.4318348663471089,4.102214348981399,5.5710022550686515,4.214862633396985,2.7727347246961354,Low
REGION IV-A,CAVITE,TRECE MARTIRES,32795,0.9388931239518219,0.05180667784723281,0.006067998170452813,155713,3,1,13,0,10,13,100,0.2,0.1,1129.8,0.9647964628754383,27,0.08348692787371638,4.748071352340296,7.4734738998348424,4.6714662586414075,3.2092770377144846,High
REGION IV-A,LAGUNA,ALAMINOS,11025,0.8329251700680272,0.15882086167800455,0.007074829931972789,47859,1,1,11,0,0,19,100,0.2,0.1,1129.8,0.9123356009070295,13,0.39699951942163436,4.340952380952381,6.294997624101256,4.343009752757591,2.9341005566683056,Low
REGION IV-A,LAGUNA,BAY,14987,0.83572429438847,0.15186494962300662,0.009741776206045239,62143,1,1,15,0,0,5,100,0.2,0.1,1129.8,0.9116567691999733,17,0.08045958515037897,4.146460265563489,6.555752322863588,4.1620854722305065,2.8026410579338488,Low
REGION IV-A,LAGUNA,CABUYAO,78730,0.959646894449384,0.03633938778102375,0.002362504763114442,308745,3,2,15,0,8,25,100,0.2,0.1,1129.8,0.9778165883398959,28,0.08097297122220602,3.9215673821923027,8.157693474417215,3.828345302354471,2.6506333240583237,Low
REGION IV-A,LAGUNA,CALAUAN,17591,0.8756750611107953,0.11886760275140697,0.003524529588994372,80453,0,1,16,0,1,40,100,0.2,0.1,1129.8,0.9351088624864988,18,0.4971846916833431,4.573531919731681,6.8136636447495045,4.524415431569151,3.0913037909623164,Low
REGION IV-A,LAGUNA,CAVINTI,5355,0.7540616246498599,0.24014939309056957,0.0018674136321195146,21702,0,1,11,0,0,10,100,0.2,0.1,1129.8,0.8741363211951447,12,0.4607870242373975,4.05266106442577,5.50636474995036,4.091001413728954,2.7392410792838087,Low
REGION IV-A,LAGUNA,BIÑAN,82168,0.902297731476974,0.08208791743744523,0.00610943432966605,333028,4,2,24,0,4,13,100,0.2,0.1,1129.8,0.9433416901956966,34,0.03903575675318592,4.053013338525947,8.233383459234528,3.9746936284826218,2.7394791854740457,Low
REGION IV-A,LAGUNA,CALAMBA,113431,0.9020109141240049,0.0886353818621012,0.006929322671932717,454486,8,1,60,0,14,126,100,0.2,0.1,1129.8,0.9463286050550556,83,0.27723626250313543,4.006717740300271,8.54425300699387,3.7133889307610337,2.7081874484070183,Low
REGION IV-A,LAGUNA,SAN PEDRO,71496,0.9261637014658163,0.06559807541680654,0.006937451046212376,325809,7,2,21,0,4,4,100,0.2,0.1,1129.8,0.9589627391742196,34,0.012277131693722396,4.55702416918429,8.211474094521819,4.465484299631796,3.0801460090241934,Low
REGION IV-A,LAGUNA,SANTA ROSA,94323,0.942707505062392,0.0527973028847683,0.0028731062413197206,353767,8,2,19,0,3,0,100,0.2,0.1,1129.8,0.9691061565047762,32,0,3.75059105414374,8.29377982045398,3.6578006569439667,2.535068421410318,Low
REGION IV-A,LAGUNA,FAMY,3611,0.6557740238161174,0.328163943505954,0.008861811132650235,16587,1,1,0,0,1,1,100,0.2,0.1,1129.8,0.8198559955690944,3,0.06028817748839453,4.59346441428967,5.23883105879375,4.757044920543758,3.10477639748871,High
REGION IV-A,LAGUNA,KALAYAAN,5109,0.6116656880015658,0.3482090428655314,0.026228224701507145,23269,0,1,6,0,1,15,100,0.2,0.1,1129.8,0.7857702094343315,8,0.6446344922428983,4.554511646114699,5.575808824368314,4.68027868033775,3.0784477652541224,High
REGION IV-A,LAGUNA,LILIW,8990,0.79265850945495,0.17953281423804227,0.018798665183537264,36582,0,1,6,0,1,2,100,0.2,0.1,1129.8,0.8824249165739712,8,0.05467169646274124,4.069187986651835,6.026863500284911,4.151327514940376,2.7504118195840914,Low
REGION IV-A,LAGUNA,LOS BAÑOS,27722,0.8959310295072506,0.09533944159873026,0.00746699372339658,112008,4,2,11,0,0,0,100,0.2,0.1,1129.8,0.9436007503066157,17,0,4.0404011254599235,7.14425121551522,4.03136694035268,2.7309544429451447,Low
REGION IV-A,LAGUNA,LUISIANA,4635,0.8787486515641856,0.11693635382955771,0.0030204962243797194,19720,1,1,4,0,0,23,100,0.2,0.1,1129.8,0.9372168284789645,6,1.1663286004056794,4.254584681769148,5.4110017371860595,4.18981954749834,2.875723617229019,Low
REGION IV-A,LAGUNA,LUMBAN,6933,0.8202798211452473,0.1622674167027261,0.0021635655560363477,30652,0,1,8,0,1,6,100,0.2,0.1,1129.8,0.9014135294966104,10,0.1957457914654835,4.421174094908409,5.850471822130557,4.463855994417089,2.9883233527091195,Low
REGION IV-A,LAGUNA,MABITAC,4490,0.6365256124721603,0.32338530066815147,0.024944320712694878,20530,0,1,6,0,1,16,100,0.2,0.1,1129.8,0.7982182628062361,8,0.7793472966390648,4.572383073496659,5.451079354016819,4.673591586831211,3.090527272336474,High
REGION IV-A,LAGUNA,MAGDALENA,5754,0.6859575947167188,0.2994438651372958,0.005387556482446994,25266,0,1,6,0,0,15,100,0.2,0.1,1129.8,0.8356795272853668,7,0.5936832106388031,4.3910323253388945,5.657846963086155,4.475365018000069,2.967950177628706,Low
REGION IV-A,LAGUNA,MAJAYJAY,6464,0.7532487623762376,0.23422029702970298,0.004176980198019802,27792,1,1,2,0,0,15,100,0.2,0.1,1129.8,0.8703589108910891,4,0.5397236614853195,4.2995049504950495,5.752818297537949,4.365686790276373,2.906085752978926,Low
REGION IV-A,LAGUNA,NAGCARLAN,15212,0.8254667367867473,0.1634893505127531,0.006179332106231922,63057,1,1,9,0,0,7,100,0.2,0.1,1129.8,0.9072114120431238,11,0.11101067288326436,4.1452143044964505,6.5703326106437565,4.185888964205127,2.8017988982556123,Low
REGION IV-A,LAGUNA,PAETE,5425,0.7878341013824884,0.19741935483870968,0.008294930875576038,25096,1,1,8,0,1,13,100,0.2,0.1,1129.8,0.8865437788018433,11,0.5180108383806185,4.625990783410138,5.65111945666051,4.650690169308284,3.126761351334674,High
REGION IV-A,LAGUNA,PAGSANJAN,9581,0.8308109800647114,0.1554117524266778,0.005531781651184636,42164,2,1,10,0,1,6,100,0.2,0.1,1129.8,0.9085168562780503,14,0.14230148942225596,4.400793236614132,6.168554450973129,4.425639024919139,2.974547691882014,Low
REGION IV-A,LAGUNA,PAKIL,4571,0.7280682563990374,0.26186830015313933,0.004594180704441042,20659,1,1,8,0,1,12,100,0.2,0.1,1129.8,0.859002406475607,11,0.5808606418510093,4.519579960621308,5.457316384168095,4.56615706007144,3.0548370298999985,Low
REGION IV-A,LAGUNA,PANGIL,5393,0.6849619877619136,0.2794363063230113,0.020953087335434824,24274,0,1,5,0,1,1,100,0.2,0.1,1129.8,0.8246801409234192,7,0.04119634176485128,4.501019840534026,5.61793577916169,4.645964467633746,3.042292027351968,High
REGION IV-A,LAGUNA,PILA,11326,0.827123432809465,0.16236976867384778,0.0030902348578491965,50289,0,1,17,0,0,7,100,0.2,0.1,1129.8,0.9083083171463888,18,0.13919545029728173,4.440137736182235,6.344435620930645,4.449924389808124,3.0011410999532817,Low
REGION IV-A,LAGUNA,RIZAL,4061,0.8357547402117705,0.12829352376262004,0.024378231962570794,17253,0,1,2,0,1,13,100,0.2,0.1,1129.8,0.8999015020930805,4,0.7534921462933982,4.248460970204383,5.277992983460974,4.265855081063233,2.8715845288598643,Low
REGION IV-A,LAGUNA,SAN PABLO,60788,0.8508916233467132,0.14282424162663684,0.004046851352240574,266068,7,6,77,0,12,54,100,0.2,0.1,1129.8,0.9223037441600316,102,0.2029556354014763,4.376982299137988,8.008975652970385,4.04036569468529,2.95845360036189,Low
REGION IV-A,LAGUNA,SANTA CRUZ,27061,0.8500794501311851,0.13828018181146298,0.0067994530874690515,117605,5,2,27,0,2,13,100,0.2,0.1,1129.8,0.9192195410369166,36,0.11053951787764127,4.345922175824988,7.1929749008395,4.2774170186415486,2.937459699230253,Low
REGION IV-A,LAGUNA,SANTA MARIA,6983,0.7168838608048117,0.2748102534727195,0.0057281970499785196,30830,0,1,5,0,1,3,100,0.2,0.1,1129.8,0.8542889875411714,7,0.09730781706130393,4.415007876270944,5.856245531248108,4.525328350383536,2.9841555333116734,Low
REGION IV-A,LAGUNA,SINILOAN,8315,0.7325315694527962,0.25628382441371017,0.006374022850270595,38067,1,1,16,0,1,7,100,0.2,0.1,1129.8,0.8606734816596513,19,0.183886305724118,4.578111846061335,6.066560811275945,4.627600997956928,3.094399416809838,Low
REGION IV-A,LAGUNA,VICTORIA,10362,0.8732870102296854,0.1178343949044586,0.0037637521713954833,39321,0,1,9,0,0,15,100,0.2,0.1,1129.8,0.9322042076819147,10,0.3814755474174105,3.794730746960046,6.098897810389498,3.7899671968768565,2.564902956760618,Low
REGION IV-A,QUEZON,AGDANGAN,3156,0.6856780735107731,0.2921419518377693,0.012357414448669201,12851,0,1,12,0,2,1,100,0.2,0.1,1129.8,0.8317490494296578,15,0.07781495603454984,4.071926489226869,4.985174918684756,4.175321962191307,2.752262805548623,Low
REGION IV-A,QUEZON,ALABAT,3539,0.6148629556371856,0.36931336535744563,0.0016953941791466515,15630,1,1,19,0,0,66,100,0.2,0.1,1129.8,0.7995196383159084,21,4.222648752399232,4.4165018366770274,5.179728800288975,4.156569653064991,2.9851653186478044,Low
REGION IV-A,QUEZON,ATIMONAN,14422,0.688462071834697,0.2966301483844127,0.010955484676189155,63432,2,1,9,0,0,6,100,0.2,0.1,1129.8,0.8367771460269033,12,0.09458948164964057,4.3982804049369015,6.576253712883878,4.506973590818569,2.972849239520425,Low
REGION IV-A,QUEZON,BUENAVISTA,6754,0.3473497186852236,0.6283683742967131,0.011696772283091501,30047,0,1,5,0,0,51,100,0.2,0.1,1129.8,0.6615339058335801,6,1.6973408326954438,4.4487710986082325,5.8305946894963725,4.6120428545432794,3.0069764907332375,Low
REGION IV-A,QUEZON,BURDEOS,5634,0.22062477813276535,0.7438764643237487,0.03212637557685481,26760,0,1,14,0,0,3,100,0.2,0.1,1129.8,0.5925630102946396,15,0.11210762331838565,4.749733759318424,5.715100714379774,5.089308582712252,3.2104006780615517,High
REGION IV-A,QUEZON,CALAUAG,16451,0.4228314388183089,0.5555285392985229,0.009421919640143456,73139,2,1,19,0,0,135,100,0.2,0.1,1129.8,0.7005957084675704,22,1.8458004621337454,4.445869552002918,6.718462083491457,4.494578943167918,3.0050153013990246,Low
REGION IV-A,QUEZON,CANDELARIA,26841,0.775678998546999,0.21377743005104133,0.006408107000484334,117434,2,1,26,0,4,1,100,0.2,0.1,1129.8,0.8825677135725196,33,0.008515421428206483,4.375172311016728,7.19152091770957,4.364154345826629,2.9572302081916706,Low
REGION IV-A,QUEZON,CATANAUAN,15231,0.3960344035191386,0.5980565951020944,0.003808023110760948,71073,1,1,45,0,1,13,100,0.2,0.1,1129.8,0.6950627010701858,48,0.18291052861142768,4.6663383888122905,6.689842986989806,4.768747813057709,3.154032770387816,High
REGION IV-A,QUEZON,TAYABAS,23198,0.7820932839037849,0.21027674799551685,0.002629537029054229,99779,1,1,17,0,18,20,100,0.2,0.1,1129.8,0.8872316579015432,37,0.20044297898355365,4.301189757737736,7.028735402059297,4.252691154639341,2.907224533927165,Low
REGION IV-A,QUEZON,DOLORES,6463,0.7674454587652793,0.21383258548661613,0.014699056165867244,28891,0,1,10,0,1,3,100,0.2,0.1,1129.8,0.8743617515085873,12,0.10383856564327991,4.470215070400743,5.791479477939286,4.540414551756443,3.0214707224252657,Low
REGION IV-A,QUEZON,GENERAL LUNA,5666,0.43875750088245674,0.5330038828097423,0.018708083303918106,26494,0,1,18,0,1,27,100,0.2,0.1,1129.8,0.705259442287328,20,1.0190986638484185,4.675961877867985,5.705143860882637,4.801930941782935,3.160537399353409,High
REGION IV-A,QUEZON,GENERAL NAKAR,6357,0.36164857637250275,0.6177442189712128,0.009281107440616642,29705,0,1,8,0,1,26,100,0.2,0.1,1129.8,0.6705206858581092,10,0.87527352297593,4.67280163599182,5.819181054942238,4.885347701358675,3.1584013548557204,High
REGION IV-A,QUEZON,GUINAYANGAN,10189,0.4418490529001865,0.5474531357346157,0.007066444204534302,45155,1,1,9,0,1,2,100,0.2,0.1,1129.8,0.7155756207674944,12,0.044291883512346364,4.431740111885366,6.236949959917086,4.666117909959592,2.9954650473358306,High
REGION IV-A,QUEZON,GUMACA,17334,0.5681319949232722,0.4021576093227184,0.017133956386292833,73877,3,1,10,0,0,156,100,0.2,0.1,1129.8,0.7692107995846313,14,2.1116179595814666,4.261970693434868,6.728489819960559,4.249322441203468,2.8807159090208008,Low
REGION IV-A,QUEZON,INFANTA,16209,0.6235424764019989,0.3552964402492442,0.018693318526744402,69079,1,1,10,0,1,23,100,0.2,0.1,1129.8,0.801190696526621,13,0.3329521272745697,4.261768153494972,6.661422139314256,4.380758901038523,2.8805790099032245,Low
REGION IV-A,QUEZON,JOMALIG,1522,0.15111695137976347,0.7247043363994744,0.12220762155059132,7417,0,1,5,0,0,10,100,0.2,0.1,1129.8,0.5134691195795007,6,1.3482540110556829,4.8731931668856765,4.440525669618536,5.215740732271532,3.2938483376254974,High
REGION IV-A,QUEZON,LOPEZ,20674,0.5037728547934603,0.4810389861661991,0.007110380187675341,95167,3,1,32,0,1,4,100,0.2,0.1,1129.8,0.74429234787656,37,0.0420313764224994,4.603221437554416,6.981453843840128,4.7118837010212,3.1113712837901897,High
REGION IV-A,QUEZON,LUCBAN,11342,0.8604302592135425,0.1367483688943749,0.002027861047434315,51475,1,1,15,0,1,5,100,0.2,0.1,1129.8,0.92880444366073,18,0.09713453132588634,4.538441192029625,6.367705037545384,4.531511361621527,3.0675855571166113,Low
REGION IV-A,QUEZON,LUCENA,57743,0.7690629167171779,0.2088045304192716,0.01641757442460558,266248,5,9,50,0,7,39,100,0.2,0.1,1129.8,0.8734651819268137,71,0.14647997355848683,4.610913877006737,8.009651718252526,4.448830313905108,3.116570693711899,Low
REGION IV-A,QUEZON,MACALELON,5921,0.38270562404999153,0.6130721161965884,0.0027022462421888195,28188,0,1,6,0,0,67,100,0.2,0.1,1129.8,0.6892416821482857,7,2.3768979707677027,4.760682317176153,5.766921854952558,4.831320689345223,3.217800936549996,High
REGION IV-A,QUEZON,MAUBAN,14682,0.5038141942514643,0.4846070017708759,0.004086636697997548,63819,1,1,36,0,0,17,100,0.2,0.1,1129.8,0.7461176951369023,38,0.2663783512746987,4.346751123825092,6.582327750995901,4.429509411621281,2.9380199948923815,Low
REGION IV-A,QUEZON,MULANAY,11589,0.3829493485201484,0.5918543446371559,0.020709293295366294,53123,0,1,23,0,1,9,100,0.2,0.1,1129.8,0.6788765208387264,25,0.16941814280067014,4.583915782207265,6.399165525461,4.7931881772043425,3.0983223652281082,High
REGION IV-A,QUEZON,PADRE BURGOS,5166,0.6209833526906697,0.36527293844367015,0.009872241579558653,22460,0,1,22,0,0,1,100,0.2,0.1,1129.8,0.8036198219125048,23,0.044523597506678544,4.347657762291909,5.54055921874743,4.451099354460292,2.938632802450892,Low
REGION IV-A,QUEZON,PAGBILAO,17130,0.6933450087565675,0.2964973730297723,0.007063631056625803,75023,1,1,15,0,3,1,100,0.2,0.1,1129.8,0.8415936952714536,20,0.01332924569798595,4.3796263864565095,6.743864730421338,4.459689022075176,2.960240769948729,Low
REGION IV-A,QUEZON,PANUKULAN,2890,0.3055363321799308,0.6837370242214533,0.0031141868512110727,13546,0,1,3,0,0,6,100,0.2,0.1,1129.8,0.6474048442906575,4,0.4429351838181013,4.68719723183391,5.037493663805719,4.9849537748631825,3.1681315066904157,High
REGION IV-A,QUEZON,PATNANUNGAN,3279,0.2866727660872217,0.7130222628850259,3.049710277523635e-4,14606,0,1,5,0,0,16,100,0.2,0.1,1129.8,0.6431838975297346,6,1.0954402300424482,4.4544068313510214,5.112363657467934,4.690010952822053,3.0107857485012817,High
REGION IV-A,QUEZON,PEREZ,2758,0.45866569978245103,0.5311820159535896,0.007976794778825236,12173,0,1,14,0,0,23,100,0.2,0.1,1129.8,0.7242567077592459,15,1.889427421342315,4.413705583756345,4.931354489989358,4.461894663881366,2.983275298548261,Low
REGION IV-A,QUEZON,PITOGO,5046,0.4284581847007531,0.5646056282203725,0.005548949663099485,23019,0,1,5,0,0,15,100,0.2,0.1,1129.8,0.7107609988109393,6,0.6516356053694774,4.561831153388823,5.565047927163464,4.7697596825709105,3.0833951059487084,High
REGION IV-A,QUEZON,PLARIDEL,2249,0.719875500222321,0.26100489106269453,0.016896398399288574,10935,0,1,2,0,0,12,100,0.2,0.1,1129.8,0.8503779457536683,3,1.0973936899862826,4.8621609604268565,4.824919463266284,4.902040008923172,3.286391540067861,High
REGION IV-A,QUEZON,POLILLO,6915,0.43398409255242226,0.5558929862617498,0.0078091106290672455,30582,1,1,20,0,0,3,100,0.2,0.1,1129.8,0.7119305856832971,22,0.09809691975671964,4.422559652928417,5.8481920983593785,4.616801098781968,2.9892598676028648,Low
REGION IV-A,QUEZON,QUEZON,3654,0.4540229885057471,0.5374931581828134,0.0049261083743842365,15228,0,1,24,0,0,21,100,0.2,0.1,1129.8,0.7227695675971538,25,1.3790386130811663,4.167487684729064,5.153821095905659,4.224111533960733,2.816853736826557,Low
REGION IV-A,QUEZON,REAL,7955,0.5575109993714645,0.42451288497800127,0.015964802011313638,35979,0,1,10,0,0,14,100,0.2,0.1,1129.8,0.7697674418604652,11,0.3891158731482254,4.522815839094909,6.010283060420845,4.675902997017135,3.0570241980597697,High
REGION IV-A,QUEZON,SAMPALOC,2988,0.7680722891566265,0.22958500669344042,0.0016733601070950468,13907,0,1,4,0,0,22,100,0.2,0.1,1129.8,0.8828647925033467,5,1.5819371539512477,4.654283801874163,5.0636261910741425,4.610402947478927,3.1458849338898247,Low
REGION IV-A,QUEZON,SAN ANDRES,8643,0.32696980215203053,0.6696748814069189,0.0011570056693277796,35780,0,1,9,0,0,7,100,0.2,0.1,1129.8,0.66180724285549,10,0.19564002235885972,4.139766284854796,6.004750348692728,4.422079397539158,2.7981165179711702,Low
REGION IV-A,QUEZON,SAN ANTONIO,7290,0.7924554183813443,0.19821673525377229,0.006310013717421125,33467,0,1,19,0,2,15,100,0.2,0.1,1129.8,0.8915637860082304,22,0.4482027071443511,4.590809327846365,5.938091636553783,4.573985024170205,3.102981793464606,Low
REGION IV-A,QUEZON,SAN FRANCISCO,13871,0.30077139355489874,0.6841611996251171,0.014058106841611996,61473,1,1,15,0,0,5,100,0.2,0.1,1129.8,0.6428519933674572,17,0.08133652172498494,4.4317641121764835,6.5449276934453495,4.7161142582003075,2.9954812694136947,High
REGION IV-A,QUEZON,SAN NARCISO,10638,0.2867080278247791,0.6974055273547659,0.0072382026696747506,48461,1,1,25,0,0,24,100,0.2,0.1,1129.8,0.6354107915021621,27,0.4952435979447391,4.555461552923481,6.307474860966943,4.771147383139061,3.079089818391738,High
REGION IV-A,QUEZON,SARIAYA,34174,0.7904254696552935,0.20050330660736232,0.00623280856791713,148980,2,1,28,0,6,41,100,0.2,0.1,1129.8,0.8906771229589746,37,0.2752047254665056,4.359454556095277,7.42929706700869,4.300836503766456,2.946606393549758,Low
REGION IV-A,QUEZON,TAGKAWAYAN,11627,0.5937903156446203,0.3998451879246581,0.004558355551733035,51832,1,1,45,0,0,0,100,0.2,0.1,1129.8,0.7937129096069493,47,0,4.457899716177862,6.374604683883178,4.481944889607394,3.0131466302653345,Low
REGION IV-A,QUEZON,TIAONG,22287,0.7939157356306367,0.18979674249562525,0.011396778390990264,99712,1,1,30,0,2,0,100,0.2,0.1,1129.8,0.8888141068784493,34,0,4.473998294970162,7.028064287902401,4.453591274676144,3.024027848221863,Low
REGION IV-A,QUEZON,UNISAN,6172,0.5406675307841866,0.44572261827608556,0.005508749189889825,26884,2,1,36,0,0,1,100,0.2,0.1,1129.8,0.7635288399222294,39,0.037196845707484,4.355800388852884,5.719708591449126,4.437752053601966,2.9441364991120516,Low
REGION IV-A,RIZAL,ANGONO,24914,0.8560648631291643,0.1254716223809906,0.013004736292847395,113283,3,2,9,0,2,27,100,0.2,0.1,1129.8,0.9188006743196596,16,0.23834114562644,4.546961547724171,7.155561146232658,4.5452151969083365,3.073344565323215,Low
REGION IV-A,RIZAL,BARAS,16186,0.8880514024465588,0.10410231063882368,0.0016681082416903498,69300,0,1,10,0,0,12,100,0.2,0.1,1129.8,0.9401025577659706,11,0.17316017316017315,4.281477820338564,6.664612188485875,4.283689375121387,2.89390100456764,Low
REGION IV-A,RIZAL,BINANGONAN,66734,0.8745017532292385,0.11730152545928613,0.0042257320106692245,282474,3,4,40,0,6,11,100,0.2,0.1,1129.8,0.9331525159588816,53,0.038941637106423954,4.232834836814817,8.068790939059944,4.090766333159344,2.861022642284449,Low
REGION IV-A,RIZAL,CAINTA,69983,0.8940885643656317,0.10138176414272038,0.003543717760027435,322128,3,5,23,0,1,40,100,0.2,0.1,1129.8,0.9447794464369919,32,0.12417424129538569,4.602946429847249,8.200114859202834,4.523321806005714,3.1111854028599524,Low
REGION IV-A,RIZAL,CARDONA,11089,0.7579583370908107,0.23311389665434215,0.003156280999188385,49034,2,2,18,0,1,3,100,0.2,0.1,1129.8,0.8745152854179818,23,0.06118203695395032,4.421859500405808,6.319208146197602,4.452987469059642,2.988786626312462,Low
REGION IV-A,RIZAL,ANTIPOLO,169078,0.8475200794899396,0.13898319118986505,0.009782467263629803,776386,11,5,17,0,12,75,100,0.2,0.1,1129.8,0.9170116750848721,45,0.09660143279245118,4.591880670459788,9.07965500397877,4.492004313219167,3.1037059264848663,Low
REGION IV-A,RIZAL,JALA JALA,6836,0.8348449385605617,0.14540667056758338,0.008484493856056173,32254,1,1,11,0,0,9,100,0.2,0.1,1129.8,0.9075482738443534,13,0.2790351584299622,4.7182562902282035,5.901272993257581,4.735655503421092,3.189124688031027,High
REGION IV-A,RIZAL,MORONG,13057,0.8238492762502873,0.16228842766332235,0.00765872711955273,58118,2,1,9,0,1,23,100,0.2,0.1,1129.8,0.9049934900819484,13,0.39574658453491174,4.451099027341656,6.4888880391750146,4.460630419864931,3.008549965029476,Low
REGION IV-A,RIZAL,PILILLA,13854,0.7599249314277465,0.2130070737693085,0.013425725422260719,64812,0,1,9,0,0,5,100,0.2,0.1,1129.8,0.8664284683124008,10,0.07714620749243968,4.67821567778259,6.597746356382582,4.766608299441047,3.162060769112792,High
REGION IV-A,RIZAL,RODRIGUEZ,81333,0.8912249640367379,0.0976356460477297,0.007561506399616392,369222,2,4,23,0,6,45,100,0.2,0.1,1129.8,0.9400427870606027,35,0.12187789459999676,4.539633359153111,8.336528937816357,4.4532921096548765,3.0683913568383523,Low
REGION IV-A,RIZAL,SAN MATEO,55563,0.8805320087108327,0.10933534906322553,0.0075409895074060075,252527,2,5,15,0,3,17,100,0.2,0.1,1129.8,0.9351996832424455,25,0.06731953414882369,4.5448769864838114,7.956759738734089,4.50715102830461,3.071935585965923,Low
REGION IV-A,RIZAL,TANAY,25463,0.7026666143031065,0.27062796999568,0.012999253819267172,117830,1,3,19,0,1,56,100,0.2,0.1,1129.8,0.8379805993009465,24,0.47526096919290506,4.627498723638221,7.194884821317263,4.654171195267601,3.1277805857962298,High
REGION IV-A,RIZAL,TAYTAY,72439,0.8105026297988652,0.17474012617512666,0.010215491655047695,319104,3,8,43,0,12,4,100,0.2,0.1,1129.8,0.8978726928864286,66,0.012535098275170476,4.40514087715181,8.190685548041534,4.250152189453685,2.9774863130421467,Low
REGION IV-A,RIZAL,TERESA,13411,0.8583998210424278,0.1278055327716054,0.010513757363358437,57755,1,1,9,0,2,4,100,0.2,0.1,1129.8,0.9223025874282306,13,0.06925807289412172,4.306539407948699,6.482632093279981,4.3280816477512705,2.9108404251612736,Low
MIMAROPA,MARINDUQUE,BOAC,12652,0.6680366740436294,0.32374328169459377,0.004426177679418274,54730,1,2,6,0,0,31,100,1.2,0,6848.3,0.8299083148909263,9,0.5664169559656496,4.325798292760038,8.22943947639819,4.41082592440187,5.225265990202326,Low
MIMAROPA,MARINDUQUE,BUENAVISTA,5309,0.5637596534187229,0.4341683932944057,0.0013185157280090412,23988,0,1,4,0,0,2,100,1.2,0,6848.3,0.7808438500659258,5,0.08337502084375521,4.518365040497269,7.404922891294222,4.711318867250682,5.457873340267467,High
MIMAROPA,MARINDUQUE,GASAN,7997,0.6373640115043141,0.3576341127922971,0.002375890959109666,34828,0,1,5,0,0,11,100,1.2,0,6848.3,0.8161810679004626,6,0.31583783162972323,4.355133174940603,7.77760151465545,4.488019486577283,5.2607005046689945,Low
MIMAROPA,MARINDUQUE,MOGPOG,8219,0.6813480958754107,0.3106217301374863,0.006448473050249422,34043,0,1,5,0,0,4,100,1.2,0,6848.3,0.8366589609441538,6,0.11749845783274095,4.141988076408322,7.754813947193744,4.272206247386525,5.003235926118699,Low
MIMAROPA,MARINDUQUE,SANTA CRUZ,13309,0.6406942670373431,0.3471335186715756,0.007288301149598017,56408,1,2,11,0,0,53,100,1.2,0,6848.3,0.8142610263731309,14,0.9395830378669693,4.23833496130438,8.259630530378352,4.286045159713377,5.119616318092106,Low
MIMAROPA,MARINDUQUE,TORRIJOS,6855,0.6283005105762217,0.36980306345733044,0.0014587892049598833,30524,0,1,6,0,0,18,100,1.2,0,6848.3,0.8132020423048869,7,0.5896999082689032,4.452808169219548,7.64575219421586,4.560174861140835,5.378685161178103,Low
MIMAROPA,OCCIDENTAL MINDORO,ABRA DE ILOG,7185,0.46109951287404316,0.5263743910925539,0.012108559498956159,31306,0,1,9,0,0,1,100,1.2,0,6848.3,0.7242867084203202,10,0.031942758576630675,4.357132915796799,7.671036765344957,4.591834159421935,5.263116053702474,Low
MIMAROPA,OCCIDENTAL MINDORO,CALINTAAN,6430,0.46049766718506996,0.5102643856920684,0.004821150855365474,29826,0,1,7,0,0,7,100,1.2,0,6848.3,0.7156298600311042,8,0.23469456179172535,4.638569206842924,7.6226306190655375,4.871496266402781,5.603071682811039,High
MIMAROPA,OCCIDENTAL MINDORO,LOOC,2295,0.6217864923747277,0.37429193899782137,0.002178649237472767,10117,0,1,2,0,0,16,100,1.2,0,6848.3,0.8089324618736384,3,1.5814964910546605,4.408278867102396,6.542419963477749,4.446299897976505,5.324896835377147,Low
MIMAROPA,OCCIDENTAL MINDORO,LUBANG,4642,0.7175786299009048,0.27875915553640673,0.0025850926324859974,18803,0,1,11,0,0,15,100,1.2,0,6848.3,0.8569582076691082,12,0.7977450406849971,4.050624730719518,7.161553331070079,4.076047919667624,4.892875305796246,Low
MIMAROPA,OCCIDENTAL MINDORO,MAGSAYSAY,7782,0.3856335132356721,0.6078129015677204,0.001670521716782318,36016,0,1,12,0,0,5,100,1.2,0,6848.3,0.6895399640195323,13,0.13882718791648155,4.628116165510152,7.811129316373636,4.876306166657742,5.5904451298204085,High
MIMAROPA,OCCIDENTAL MINDORO,MAMBURAO,9912,0.6522397094430993,0.3393866020984665,0.004539951573849879,42975,1,1,7,0,0,1,100,1.2,0,6848.3,0.8219330104923326,9,0.02326934264107039,4.335653753026635,7.987718966709427,4.477410336659318,5.237170706479788,Low
MIMAROPA,OCCIDENTAL MINDORO,PALUAN,3481,0.37920137891410516,0.6173513358230394,0.002585463947141626,16025,0,1,5,0,0,17,100,1.2,0,6848.3,0.6878770468256248,6,1.060842433697348,4.603562194771618,7.001821389798903,4.797769196372343,5.560785626639407,High
MIMAROPA,OCCIDENTAL MINDORO,RIZAL,8426,0.48979349632091146,0.502492285782103,8.307619273676715e-4,38263,0,1,11,0,0,1,100,1.2,0,6848.3,0.7410396392119629,12,0.026134908397146068,4.54106337526703,7.871625608299697,4.751771224595758,5.485291363180178,High
MIMAROPA,OCCIDENTAL MINDORO,SABLAYAN,18473,0.5164835164835165,0.47718291560656095,0.0015157256536566881,83169,2,3,20,0,0,14,100,1.2,0,6848.3,0.755074974286797,25,0.1683319506065962,4.502192388891896,8.647810958177322,4.635588741370536,5.438337892545278,High
MIMAROPA,OCCIDENTAL MINDORO,SAN JOSE,32761,0.5795000152620494,0.4116785201916913,0.0026555965935105767,143430,4,2,31,0,0,6,100,1.2,0,6848.3,0.785339275357895,37,0.041832252666806104,4.378071487439334,9.192709645095837,4.445925831478113,5.288408404127195,Low
MIMAROPA,OCCIDENTAL MINDORO,SANTA CRUZ,8888,0.45398289828982896,0.5318406840684068,0.009338433843384338,37484,0,1,11,0,0,1,100,1.2,0,6848.3,0.7199032403240324,12,0.02667804930103511,4.217371737173718,7.85106433833737,4.449165152046283,5.094294189161992,Low
MIMAROPA,ORIENTAL MINDORO,BACO,8248,0.5818380213385063,0.4060378273520854,0.005940834141610087,37215,0,1,27,0,0,7,100,1.2,0,6848.3,0.7848569350145489,28,0.18809619776971653,4.512002909796315,7.8438648831185604,4.602088810661939,5.450188325172667,Low
MIMAROPA,ORIENTAL MINDORO,BANSUD,9144,0.5664916885389326,0.4259623797025372,0.005030621172353456,40992,0,1,13,0,0,6,100,1.2,0,6848.3,0.7794728783902012,14,0.14637002341920374,4.482939632545932,7.9404937696494065,4.636641214617533,5.415081890729246,High
MIMAROPA,ORIENTAL MINDORO,BONGABONG,16450,0.5032218844984803,0.488936170212766,0.005167173252279635,72073,1,1,36,0,0,127,100,1.2,0,6848.3,0.7476899696048632,38,1.762102312932721,4.381337386018237,8.504642790578774,4.3283909061384165,5.2923533843636426,Low
MIMAROPA,ORIENTAL MINDORO,BULALACAO,8485,0.22133176193282264,0.7681791396582204,0.005185621685327047,39107,0,1,15,0,0,17,100,1.2,0,6848.3,0.6054213317619328,16,0.4347047843097143,4.608956982911019,7.893435483953094,4.903029163467069,5.567302158636829,High
MIMAROPA,ORIENTAL MINDORO,CALAPAN,30324,0.7728861627753595,0.222398100514444,0.003396649518533175,133893,7,3,60,0,0,9,100,1.2,0,6848.3,0.8840852130325815,70,0.0672178530617732,4.415413533834586,9.123910756821225,4.2538306162563995,5.333515020716379,Low
MIMAROPA,ORIENTAL MINDORO,GLORIA,10314,0.5952103936397131,0.4000387822377351,0.0031025790188093853,45073,0,1,27,0,0,27,100,1.2,0,6848.3,0.7952297847585806,28,0.5990282430723493,4.370079503587357,8.035368005297427,4.412907613574086,5.278754638835856,Low
MIMAROPA,ORIENTAL MINDORO,MANSALAY,11219,0.348515910508958,0.6432837151261254,0.004634994206257242,54533,0,1,17,0,0,4,100,1.2,0,6848.3,0.6701577680720208,18,0.07335008160196578,4.860771904804349,8.225834457654406,5.114810545062372,5.87147721677509,High
MIMAROPA,ORIENTAL MINDORO,NAUJAN,23221,0.6413160501270402,0.34778863959347145,0.006502734593686749,102998,0,3,68,0,0,201,100,1.2,0,6848.3,0.8152103699237759,71,1.951494203770947,4.435554024374489,8.861612056921746,4.169709676790685,5.357843344212248,Low
MIMAROPA,ORIENTAL MINDORO,PINAMALAYAN,19281,0.6709714226440537,0.30963124319278046,0.01535190083501893,86172,4,1,37,0,0,36,100,1.2,0,6848.3,0.825787044240444,42,0.4177691129369169,4.469270266065038,8.68327545847915,4.443409324908605,5.398570238787506,Low
MIMAROPA,ORIENTAL MINDORO,POLA,8169,0.5283388419635207,0.46223527971599954,0.003550006120700208,34701,0,1,22,0,0,24,100,1.2,0,6848.3,0.7594564818215204,23,0.6916227198063456,4.247888358428204,7.773949892199399,4.337603359062958,5.131156162926195,Low
MIMAROPA,ORIENTAL MINDORO,PUERTO GALERA,8292,0.6400144717800289,0.3282682103232031,0.027978774722624215,36606,0,1,13,0,0,2,100,1.2,0,6848.3,0.8041485769416304,14,0.05463585204611266,4.414616497829233,7.827371662740701,4.55186933210183,5.332552256192959,Low
MIMAROPA,ORIENTAL MINDORO,ROXAS,11628,0.6027691778465772,0.38407292741658067,0.007739938080495356,53201,0,1,20,0,0,3,100,1.2,0,6848.3,0.7948056415548675,21,0.056389917482754084,4.575249398004816,8.20111232894184,4.6944876623511265,5.526585720860009,High
MIMAROPA,ORIENTAL MINDORO,SAN TEODORO,4039,0.5486506561029958,0.4436741767764298,0.004704134686803664,17904,0,1,8,0,0,36,100,1.2,0,6848.3,0.7704877444912107,9,2.0107238605898123,4.432780391185937,7.112600007399328,4.447409735807055,5.354492986616126,Low
MIMAROPA,ORIENTAL MINDORO,SOCORRO,9054,0.6298873426110007,0.36227081952728074,0.004417936823503424,39099,1,1,26,0,0,64,100,1.2,0,6848.3,0.811022752374641,28,1.6368705081971404,4.318422796554009,7.893230972426095,4.252239444130087,5.216356899468547,Low
MIMAROPA,ORIENTAL MINDORO,VICTORIA,11120,0.6610611510791367,0.33057553956834534,0.0034172661870503595,50492,2,1,32,0,0,16,100,1.2,0,6848.3,0.8263489208633094,35,0.31688188227838077,4.540647482014388,8.14886476290967,4.550468838256878,5.484788992814869,Low
MIMAROPA,PALAWAN,ABORLAN,8267,0.3615580016934801,0.6294907463408733,0.004354663118422644,35091,0,1,18,0,0,5,100,1.2,0,6848.3,0.6763033748639168,19,0.14248667749565416,4.244707874682472,7.785121400580227,4.482456917210529,5.127314357917215,Low
MIMAROPA,PALAWAN,AGUTAYA,3044,0.3603810775295664,0.6369908015768725,9.855453350854138e-4,12545,0,1,7,0,0,11,100,1.2,0,6848.3,0.6788764783180026,8,0.8768433638899961,4.121222076215506,6.757246031917014,4.333147275928693,4.978152030103099,Low
MIMAROPA,PALAWAN,ARACELI,3206,0.24578914535246413,0.7495321272613849,0.002495321272613849,14909,0,1,12,0,0,20,100,1.2,0,6848.3,0.6205552089831565,13,1.3414715943389899,4.650343106674985,6.929704576023419,4.859425246992604,5.617293741770072,High
MIMAROPA,PALAWAN,BALABAC,8411,0.0263940078468672,0.9715848293900844,5.944596361907026e-4,40142,0,1,9,0,0,9,100,1.2,0,6848.3,0.5121864225419094,10,0.2242040755318619,4.772559743193437,7.919547550531967,5.202119937544085,5.7649230094836446,High
MIMAROPA,PALAWAN,BATARAZA,17923,0.230430173520058,0.7571277129944763,0.0017854153880488759,75468,1,1,22,0,0,10,100,1.2,0,6848.3,0.6089940300172962,24,0.13250649281814808,4.2106790157897676,8.550662910799108,4.497254983118217,5.086209843322755,Low
MIMAROPA,PALAWAN,BROOKE'S POINT,15383,0.2818695963076123,0.710459598257817,0.003120327634401612,66374,3,1,19,0,0,9,100,1.2,0,6848.3,0.6370993954365208,23,0.13559526320547202,4.314763050120263,8.42228609896129,4.576834475358343,5.211936178186875,Low
MIMAROPA,PALAWAN,BUSUANGA,5032,0.2253577106518283,0.7615262321144675,0.005763116057233704,22046,0,1,13,0,0,31,100,1.2,0,6848.3,0.6061208267090621,14,1.4061507756509117,4.381160572337043,7.320553944039768,4.59501656202816,5.292139805631483,Low
MIMAROPA,PALAWAN,CAGAYANCILLO,1100,0.43636363636363634,0.5618181818181818,0,6285,0,1,0,0,0,21,100,1.2,0,6848.3,0.7172727272727273,1,3.3412887828162288,5.713636363636364,6.067246826647928,5.693012113947594,6.901678661545609,High
MIMAROPA,PALAWAN,CORON,11463,0.2662479281165489,0.7163918694931519,0.004710808688824915,51803,0,1,20,0,0,3,100,1.2,0,6848.3,0.6244438628631248,21,0.05791170395536938,4.519148564948094,8.174490602193119,4.808609280523456,5.458819783764899,High
MIMAROPA,PALAWAN,CULION,4640,0.2209051724137931,0.7657327586206897,0.005172413793103448,20139,1,1,10,0,0,19,100,1.2,0,6848.3,0.603771551724138,12,0.9434430706589205,4.340301724137931,7.230143662828613,4.6058338962461365,5.242785135014735,Low
MIMAROPA,PALAWAN,CUYO,5015,0.5904287138584248,0.4061814556331007,0.001794616151545364,22360,1,1,16,0,0,26,100,1.2,0,6848.3,0.7935194416749751,18,1.1627906976744187,4.458624127617148,7.334687119191786,4.491373865959048,5.3857104377995935,Low
MIMAROPA,PALAWAN,DUMARAN,5757,0.21938509640437728,0.7707139134966128,6.94806322737537e-4,23734,0,1,16,0,0,16,100,1.2,0,6848.3,0.6047420531526837,17,0.6741383668998062,4.122633315963175,7.394284314679693,4.391941278952565,4.9798567103860085,Low
MIMAROPA,PALAWAN,EL NIDO,9465,0.313365029054411,0.6760697305863709,0.001162176439513999,41606,0,1,16,0,0,19,100,1.2,0,6848.3,0.6513998943475965,17,0.45666490410037014,4.395773903856313,7.955355977439997,4.638010516612161,5.309791702234936,High
MIMAROPA,PALAWAN,KALAYAAN,31,0.22580645161290322,0.7741935483870968,0,184,0,0,0,0,0,1,100,1.2,0,6848.3,0.6129032258064516,0,5.434782608695652,5.935483870967742,2.6102962376896492,5.834766537596372,7.169655149725826,High
MIMAROPA,PALAWAN,LINAPACAN,3359,0.13486156594224472,0.858886573384936,2.9770765108663293e-4,15668,0,1,9,0,0,14,100,1.2,0,6848.3,0.5643048526347128,10,0.8935409752361502,4.664483477225365,6.979312542270678,4.981720865339037,5.634374334142912,High
MIMAROPA,PALAWAN,MAGSAYSAY,2731,0.5686561699011351,0.429879165140974,0.0014646649578908824,12196,0,1,11,0,0,19,100,1.2,0,6848.3,0.7835957524716222,12,1.5578878320760905,4.4657634566093005,6.729065144585219,4.496240601253063,5.394334254827307,Low
MIMAROPA,PALAWAN,NARRA,16897,0.37030242054802626,0.6208794460555128,0.0014795525832988104,73212,0,1,23,0,0,23,100,1.2,0,6848.3,0.6807421435757827,24,0.3141561492651478,4.3328401491389,8.520319487456195,4.531351771264251,5.233772067035807,Low
MIMAROPA,PALAWAN,PUERTO PRINCESA,61665,0.47571555987999675,0.5022784399578367,0.002967647774264169,255116,4,1,58,0,0,1,100,1.2,0,6848.3,0.7268547798589151,63,0.00391978550933693,4.13712803048731,9.768536319271911,4.165761897917454,4.997365325840275,Low
MIMAROPA,PALAWAN,QUEZON,13912,0.17330362277170788,0.8169925244393329,0.0010063254744105809,60980,0,1,14,0,0,38,100,1.2,0,6848.3,0.5817998849913744,15,0.6231551328304362,4.383266244968373,8.337546079105275,4.687971394871972,5.2946833129432775,High
MIMAROPA,PALAWAN,RIZAL,12731,0.12410651166444113,0.869845259602545,7.854842510407667e-4,50096,0,1,11,0,0,15,100,1.2,0,6848.3,0.5590291414657136,12,0.29942510380070264,3.9349619040138246,8.140993304594868,4.303164136329471,4.753162588324551,Low
MIMAROPA,PALAWAN,ROXAS,15321,0.27406827230598524,0.7204490568500751,0.002153906402976307,65358,0,1,26,0,0,39,100,1.2,0,6848.3,0.6342928007310228,27,0.5967134857247773,4.265909535931075,8.406863954303606,4.473810708817755,5.152924502440952,Low
MIMAROPA,PALAWAN,SAN VICENTE,6707,0.3068435962427315,0.6824213508274937,0.0056657223796034,31232,0,1,10,0,0,19,100,1.2,0,6848.3,0.6480542716564783,11,0.6083504098360656,4.656627404204563,7.668671307551182,4.911905032666532,5.624884739761951,High
MIMAROPA,PALAWAN,SOFRONIO ESPAÑOLA,7673,0.18558582040922716,0.8098527303531865,9.122898475172683e-4,32876,0,1,11,0,0,10,100,1.2,0,6848.3,0.5905121855858204,12,0.3041732570872369,4.2846344324253876,7.719947640579998,4.620885104230249,5.175542885962334,Low
MIMAROPA,PALAWAN,TAYTAY,15993,0.23447758394297505,0.7495779403489027,0.0015006565372350403,75165,1,1,27,0,0,23,100,1.2,0,6848.3,0.6092665541174264,29,0.3059934810084481,4.699868692552992,8.546640662217948,4.951136338494862,5.6771172337637505,High
MIMAROPA,ROMBLON,ALCANTARA,3666,0.5335515548281505,0.43180578286961263,0.031096563011456628,16351,0,1,11,0,0,3,100,1.2,0,6848.3,0.7494544462629569,12,0.1834750168185432,4.460174577195854,7.021942296709309,4.648252592861866,5.387583273957186,High
MIMAROPA,ROMBLON,BANTON,1419,0.6321353065539113,0.36504580690627203,0.0021141649048625794,5536,0,1,10,0,0,1,100,1.2,0,6848.3,0.8146582100070473,11,0.180635838150289,3.901338971106413,5.940666708909109,4.028251120836527,4.712548404323878,Low
MIMAROPA,ROMBLON,CAJIDIOCAN,4951,0.4623308422540901,0.5326196727933751,0.004847505554433448,21861,0,1,13,0,0,9,100,1.2,0,6848.3,0.7286406786507776,14,0.41169205434335115,4.415471621894567,7.312132592322713,4.596115103645641,5.33358518708654,Low
MIMAROPA,ROMBLON,CALATRAVA,2299,0.4619399739016964,0.5328403653762506,0.0034797738147020443,10275,0,1,6,0,0,12,100,1.2,0,6848.3,0.7283601565898217,7,1.1678832116788322,4.469334493257938,6.557894387992321,4.609510056409379,5.398647820806822,Low
MIMAROPA,ROMBLON,CONCEPCION,1047,0.4565425023877746,0.5434574976122254,0,4037,0,1,8,0,0,8,100,1.2,0,6848.3,0.7282712511938874,9,1.9816695566014366,3.8557784145176695,5.625872517441584,3.915084825433644,4.65751439424618,Low
MIMAROPA,ROMBLON,CORCUERA,2467,0.30320226996351846,0.6915281718686664,0.00526955816781516,10283,0,1,12,0,0,25,100,1.2,0,6848.3,0.6489663558978517,13,2.431197121462608,4.168220510741792,6.558671569999493,4.2509907005927206,5.034922897559857,Low
MIMAROPA,ROMBLON,FERROL,1653,0.41984271022383546,0.5771324863883848,0.0018148820326678765,6964,0,1,5,0,0,6,100,1.2,0,6848.3,0.7084089534180278,6,0.8615738081562321,4.2129461584996974,6.169609017008813,4.404433515632443,5.088948395353015,Low
MIMAROPA,ROMBLON,LOOC,5363,0.5618124184225247,0.42233824352041766,0.002051090807383927,22262,0,1,11,0,0,34,100,1.2,0,6848.3,0.7729815401827336,12,1.5272661935136107,4.151034868543726,7.330297532390559,4.194936350236546,5.014163827066988,Low
MIMAROPA,ROMBLON,MAGDIWANG,3066,0.4178082191780822,0.5636007827788649,0.016960208741030658,14142,0,1,8,0,0,1,100,1.2,0,6848.3,0.6996086105675147,9,0.07071135624381275,4.612524461839531,6.876941668497918,4.87223379848444,5.571611427135805,High
MIMAROPA,ROMBLON,ODIONGAN,11388,0.5714787495609414,0.4261503336845803,3.5124692658939234e-4,45367,4,1,22,0,0,23,100,1.2,0,6848.3,0.7845539164032315,27,0.5069764366169242,3.9837548296452407,8.04186747777023,4.049417296962036,4.812101077271441,Low
MIMAROPA,ROMBLON,ROMBLON,8910,0.5701459034792368,0.42166105499438833,0.005499438832772166,38758,0,1,27,0,0,23,100,1.2,0,6848.3,0.7809764309764309,28,0.5934258733680788,4.349943883277216,7.88447455133239,4.4075133831353055,5.254432198241644,Low
MIMAROPA,ROMBLON,SAN AGUSTIN,5258,0.5629516926588056,0.4235450741726892,0.012171928489920122,22598,0,1,15,0,0,3,100,1.2,0,6848.3,0.7747242297451502,16,0.13275511107177626,4.297831875237733,7.34526800551548,4.449663180649623,5.191484486660731,Low
MIMAROPA,ROMBLON,SAN ANDRES,3544,0.5792889390519187,0.417607223476298,0.001128668171557562,15589,0,1,12,0,0,13,100,1.2,0,6848.3,0.7880925507900677,13,0.8339213548014626,4.398702031602709,6.974262381503771,4.485832254007772,5.313328678601545,Low
MIMAROPA,ROMBLON,SAN FERNANDO,4978,0.42567296102852553,0.5632784250703093,0.00944154278826838,23271,0,1,11,0,0,34,100,1.2,0,6848.3,0.7073121735636803,12,1.461045937003137,4.674768983527521,7.374595876738837,4.790291226457536,5.646798516371338,High
MIMAROPA,ROMBLON,SAN JOSE,2391,0.40317858636553744,0.5943120033458804,0.001672940192388122,10881,0,1,5,0,0,15,100,1.2,0,6848.3,0.7003345880384777,6,1.3785497656465397,4.550815558343789,6.615119751738359,4.703994379436496,5.497071327735275,High
MIMAROPA,ROMBLON,SANTA FE,3691,0.39501490111081006,0.6006502302898943,2.70929287455974e-4,16098,0,1,10,0,0,60,100,1.2,0,6848.3,0.6953400162557573,11,3.727171077152441,4.36141966946627,7.006362300046255,4.289257058615817,5.268294156480624,Low
MIMAROPA,ROMBLON,SANTA MARIA,1880,0.45053191489361705,0.5164893617021277,0.03297872340425532,8508,0,1,5,0,0,19,100,1.2,0,6848.3,0.7087765957446809,6,2.233192289609779,4.525531914893617,6.369482162258423,4.593492287369134,5.466530430243661,Low
REGION IX,CITY OF ISABELA (NOT A PROVINCE),ISABELA,20127,0.4016992100163959,0.5943260297113331,0.0015899041089084314,112788,4,3,25,0,2,0,45.3,0.1,0,301.4,0.6988622248720624,34,0,5.60381576986138,5.832046158901613,5.773241029760849,2.6988069123476555,High
REGION IX,ZAMBOANGA DEL NORTE,BACUNGAN,5552,0.2119956772334294,0.7725144092219021,0.0016210374639769453,26221,0,1,18,0,2,4,45.3,0.1,0,301.4,0.5982528818443804,21,0.15254948323862552,4.722802593659942,4.382730324526092,5.029576090358611,2.2745095143872263,High
REGION IX,ZAMBOANGA DEL NORTE,BALIGUIAN,5172,0.14095127610208816,0.8590487238979119,0,22588,0,1,8,0,0,3,45.3,0.1,0,301.4,0.5704756380510441,9,0.1328138834779529,4.367362722351121,4.235595540360583,4.7503637281917666,2.1033290864417986,High
REGION IX,ZAMBOANGA DEL NORTE,DAPITAN,17953,0.3240126998273269,0.6620063499136635,0.009079262518799086,82418,1,3,21,0,1,3,45.3,0.1,0,301.4,0.6550158747841586,26,0.03639981557426775,4.590764774689467,5.519419916435139,4.831864611245526,2.210919883113955,High
REGION IX,ZAMBOANGA DEL NORTE,DIPOLOG,29503,0.4608344914076535,0.5296071585940413,0.0038640138291021254,130759,5,2,25,0,1,2,45.3,0.1,0,301.4,0.7256380707046741,33,0.015295314280470177,4.4320577568382875,5.979489089193527,4.577239357460528,2.1344863216970276,Low
REGION IX,ZAMBOANGA DEL NORTE,GODOD,3791,0.0883671854391981,0.9060933790556581,0.0010551305724083356,17424,0,1,12,0,1,4,45.3,0.1,0,301.4,0.5414138749670272,14,0.2295684113865932,4.596148773410709,3.9803050109764326,4.980041640139341,2.2135128257733316,High
REGION IX,ZAMBOANGA DEL NORTE,GUTALAC,7562,0.1891034117958212,0.8083840253901085,6.612007405448294e-4,34654,0,1,9,0,1,3,45.3,0.1,0,301.4,0.5932954244908755,11,0.0865700929185664,4.5826500925681035,4.658538520988979,4.939244466873204,2.207011838827699,High
REGION IX,ZAMBOANGA DEL NORTE,JOSE DALMAN,6103,0.1661477961658201,0.8304112731443553,8.192692118630182e-4,27388,0,1,13,0,2,1,45.3,0.1,0,301.4,0.5813534327379977,16,0.0365123411713159,4.487629034900868,4.42574227854973,4.841182346121771,2.161249540818165,High
REGION IX,ZAMBOANGA DEL NORTE,KALAWIT,4821,0.2526446795270691,0.7454884878655881,0.0012445550715619166,23633,0,1,6,0,1,2,45.3,0.1,0,301.4,0.6253889234598631,8,0.08462742774933356,4.90209500103713,4.280180699524994,5.238405654990761,2.3608570333337626,High
REGION IX,ZAMBOANGA DEL NORTE,KATIPUNAN,9718,0.21876929409343487,0.7757769088289772,0.002263840296357275,45577,0,1,13,0,1,11,45.3,0.1,0,301.4,0.6066577485079234,15,0.2413498036290234,4.6899567812307055,4.930253926306078,5.003751681073477,2.2586909169767884,High
REGION IX,ZAMBOANGA DEL NORTE,LA LIBERTAD,1868,0.3222698072805139,0.6723768736616702,5.353319057815846e-4,8406,0,1,4,0,1,16,45.3,0.1,0,301.4,0.658458244111349,6,1.9034023316678563,4.5,3.2712439614059137,4.6475859596185,2.1672074180027634,High
REGION IX,ZAMBOANGA DEL NORTE,LABASON,9050,0.2972375690607735,0.6998895027624309,0.0018784530386740331,41357,0,1,11,0,1,1,45.3,0.1,0,301.4,0.6471823204419889,13,0.024179703556834395,4.569834254143647,4.833829338370323,4.870380180815901,2.200839709916275,High
REGION IX,ZAMBOANGA DEL NORTE,LILOY,9344,0.3727525684931507,0.617722602739726,0.0021404109589041095,39812,1,1,9,0,1,2,45.3,0.1,0,301.4,0.6816138698630136,12,0.05023610971566362,4.26070205479452,4.796064722882747,4.528363689109905,2.051961133122289,Low
REGION IX,ZAMBOANGA DEL NORTE,MANUKAN,7771,0.2679191867198559,0.7203706086732724,0.003989190580362888,36526,0,1,15,0,3,2,45.3,0.1,0,301.4,0.6281044910564921,19,0.05475551661829929,4.70029597220435,4.710663702800872,4.993815222072146,2.2636702883932838,High
REGION IX,ZAMBOANGA DEL NORTE,MUTIA,2683,0.2500931792769288,0.7431979127841968,0.005218039508013418,12675,0,1,5,0,1,4,45.3,0.1,0,301.4,0.6216921356690273,7,0.3155818540433925,4.724189340290719,3.669062514215332,5.047285667953517,2.2751773738505836,High
REGION IX,ZAMBOANGA DEL NORTE,PIÑAN,4609,0.26795400303753525,0.7242351920156216,0.002169668040789759,20161,0,1,9,0,1,3,45.3,0.1,0,301.4,0.630071599045346,11,0.14880214275085563,4.3742677370362335,4.123667333374253,4.6884436490763655,2.1066545528966856,High
REGION IX,ZAMBOANGA DEL NORTE,POLANCO,9109,0.3616203754528488,0.6348666154352838,0.001317378416950269,39347,0,1,12,0,1,17,45.3,0.1,0,301.4,0.6790536831704908,14,0.43205326962665513,4.319574047645186,4.7844137188563165,4.547723197247738,2.0803139819264156,Low
REGION IX,ZAMBOANGA DEL NORTE,PRES. MANUEL A. ROXAS,8319,0.21168409664623153,0.7783387426373363,0.00516889049164563,39323,0,1,17,0,1,3,45.3,0.1,0,301.4,0.6008534679648997,19,0.07629122905170002,4.72689025123212,4.78380867694753,5.0457338062616515,2.2764781370122655,High
REGION IX,ZAMBOANGA DEL NORTE,RIZAL,3501,0.2967723507569266,0.6986575264210225,0.001713796058269066,14021,0,1,6,0,1,1,45.3,0.1,0,301.4,0.6461011139674379,8,0.07132158904500392,4.004855755498429,3.767536163273589,4.321597896316249,1.928745133632724,Low
REGION IX,ZAMBOANGA DEL NORTE,SALUG,7225,0.24096885813148788,0.7516955017301038,5.536332179930796e-4,32204,0,1,9,0,1,8,45.3,0.1,0,301.4,0.6168166089965398,11,0.24841634579555333,4.457301038062284,4.585937008524575,4.775832231408414,2.1466435275466664,High
REGION IX,ZAMBOANGA DEL NORTE,SERGIO OSMEÑA SR.,6513,0.1704283740211884,0.8102257024412713,0,30220,0,1,10,0,1,1,45.3,0.1,0,301.4,0.575541225241824,12,0.03309066843150232,4.639950867495777,4.523019341087293,5.015197602397847,2.2346079864900457,High
REGION IX,ZAMBOANGA DEL NORTE,SIAYAN,7253,0.09127257686474562,0.904177581690335,0.0016544877981524886,34966,0,1,23,0,2,1,45.3,0.1,0,301.4,0.5433613677099132,26,0.028599210661785734,4.820901695849993,4.667416926752043,5.174271378942886,2.321754203712935,High
REGION IX,ZAMBOANGA DEL NORTE,SIBUCO,7222,0.20160620326779286,0.7823317640542786,0.013985045693713652,34620,0,1,7,0,0,18,45.3,0.1,0,301.4,0.5927720852949322,8,0.5199306759098786,4.793685959567987,4.657566222132393,5.123558422806916,2.3086470602558746,High
REGION IX,ZAMBOANGA DEL NORTE,SIBUTAD,4308,0.24071494893221912,0.7551067780872794,0.0018570102135561746,17645,0,1,7,0,2,4,45.3,0.1,0,301.4,0.6182683379758589,10,0.22669311419665628,4.0958681522748375,3.9926749121176597,4.418730213756342,1.972576853949178,Low
REGION IX,ZAMBOANGA DEL NORTE,SINDANGAN,22155,0.29618596253667345,0.6888287068381855,0.009930038366057324,99435,1,1,52,0,2,35,45.3,0.1,0,301.4,0.6406003159557663,56,0.3519887363604365,4.488151658767772,5.706434039482358,4.598612514586138,2.161501237333983,Low
REGION IX,ZAMBOANGA DEL NORTE,SIOCON,10608,0.2129524886877828,0.7845022624434389,2.828054298642534e-4,46907,1,1,7,0,1,6,45.3,0.1,0,301.4,0.6052036199095022,10,0.12791267827829533,4.421851432880844,4.95881277197311,4.766745884780175,2.1295709392545588,High
REGION IX,ZAMBOANGA DEL NORTE,SIRAWAI,5854,0.15425350187905706,0.8332763922104544,0,28799,0,1,5,0,0,2,45.3,0.1,0,301.4,0.5708916979842842,6,0.06944685579360395,4.919542193372053,4.475391571446447,5.319514998847912,2.3692596299229995,High
REGION IX,ZAMBOANGA DEL NORTE,TAMPILISAN,5654,0.28263176512203747,0.7049876193845065,0.011142553944110364,24307,0,1,4,0,1,21,45.3,0.1,0,301.4,0.6351255748142908,6,0.8639486567655409,4.299080297134772,4.307917191365232,4.563451588449504,2.070444157897778,Low
REGION IX,ZAMBOANGA DEL SUR,AURORA,10980,0.37285974499089253,0.6238615664845173,0.0026411657559198545,50755,0,1,12,0,2,1,45.3,0.1,0,301.4,0.6847905282331512,15,0.01970249236528421,4.622495446265938,5.037123529363227,4.878073473044656,2.226201426851452,High
REGION IX,ZAMBOANGA DEL SUR,BAYOG,6908,0.24102489866821078,0.7578170237405906,2.8951939779965256e-4,33591,0,1,10,0,1,4,45.3,0.1,0,301.4,0.619933410538506,12,0.11907951534637254,4.862623045744065,4.627683498799534,5.185765762406364,2.341847274597273,High
REGION IX,ZAMBOANGA DEL SUR,DIMATALING,6501,0.2067374250115367,0.7754191662821105,0.014766958929395477,30081,0,1,7,0,1,1,45.3,0.1,0,301.4,0.5944470081525919,9,0.033243575679000034,4.6271342870327645,4.518459291121913,4.9951342028084955,2.22843550021163,High
REGION IX,ZAMBOANGA DEL SUR,DINAS,7679,0.20575595780700612,0.7909884099492122,0.0011720276077614273,35504,0,1,8,0,1,2,45.3,0.1,0,301.4,0.6012501627816123,10,0.05633168093735917,4.62351868732908,4.682543734623893,4.9787673599904645,2.226694221434218,High
REGION IX,ZAMBOANGA DEL SUR,DUMALINAO,7064,0.24646092865232164,0.7497168742921857,4.246885617214043e-4,32013,0,1,7,0,0,7,45.3,0.1,0,301.4,0.6213193657984145,8,0.21866116890013432,4.531851642129105,4.580049230421965,4.860224829862859,2.1825472213578223,High
REGION IX,ZAMBOANGA DEL SUR,DUMINGAG,9817,0.27523683406335947,0.721503514311908,0.0015279616990934095,47485,0,1,11,0,1,51,45.3,0.1,0,301.4,0.6359885912193135,13,1.074023375802885,4.83701741876337,4.970974257348101,5.054488711788295,2.329515562433901,High
REGION IX,ZAMBOANGA DEL SUR,GUIPOS,4302,0.302417480241748,0.696652719665272,0,20729,0,1,4,0,0,4,45.3,0.1,0,301.4,0.650743840074384,5,0.1929663756090501,4.818456531845653,4.15100738568483,5.131343034985883,2.3205766086977264,High
REGION IX,ZAMBOANGA DEL SUR,JOSEFINA,2499,0.2781112444977991,0.7214885954381752,4.0016006402561027e-4,11799,0,1,7,0,1,4,45.3,0.1,0,301.4,0.6388555422168867,9,0.3390117806593779,4.721488595438175,3.599337195324944,5.0175282989587835,2.2738766906775694,High
REGION IX,ZAMBOANGA DEL SUR,KUMALARANG,5923,0.1931453655242276,0.79908829984805,0,28469,0,1,8,0,1,4,45.3,0.1,0,301.4,0.5926895154482525,10,0.14050370578524007,4.806516967752828,4.463998653106867,5.162745295085607,2.3148264949489064,High
REGION IX,ZAMBOANGA DEL SUR,LABANGAN,8428,0.4085192216421452,0.5875652586616041,0.0026103464641670624,41790,0,1,7,0,1,4,45.3,0.1,0,301.4,0.7023018509729473,9,0.0957166786312515,4.958471760797342,4.844162283001381,5.213038955485804,2.388008173768272,High
REGION IX,ZAMBOANGA DEL SUR,LAKEWOOD,4094,0.2215437225207621,0.7723497801660967,2.442598925256473e-4,20374,0,1,4,0,0,2,45.3,0.1,0,301.4,0.6077186126038104,5,0.09816432708353784,4.976551050317537,4.134007645464023,5.340974857156852,2.3967151894039134,High
REGION IX,ZAMBOANGA DEL SUR,LAPUYAN,5215,0.15589645254074785,0.8419942473633749,7.670182166826462e-4,27264,0,1,7,0,3,9,45.3,0.1,0,301.4,0.5768935762224353,11,0.3301056338028169,5.227996164908917,4.421258886222134,5.579097749293938,2.5178115710845783,High
REGION IX,ZAMBOANGA DEL SUR,MAHAYAG,9718,0.3935995060712081,0.6052685737806133,1.0290183165260341e-4,46516,1,1,8,0,0,1,45.3,0.1,0,301.4,0.6962337929615148,10,0.02149797918995614,4.7865816011525,4.950501210279715,5.050001708713233,2.305225589531832,High
REGION IX,ZAMBOANGA DEL SUR,MARGOSATUBIG,8794,0.2366386172390266,0.7586991130316124,0.0010234250625426426,37873,1,1,6,0,1,2,45.3,0.1,0,301.4,0.6159881737548328,9,0.05280806907295435,4.306686377075279,4.74655771941735,4.651410931616898,2.074107258535331,High
REGION IX,ZAMBOANGA DEL SUR,MIDSALIP,6774,0.2202539120165338,0.7754650132860939,0.002952465308532625,32075,0,1,7,0,0,9,45.3,0.1,0,301.4,0.6079864186595807,8,0.2805923616523772,4.735016238559197,4.5819642489977035,5.071160783060261,2.2803916259042296,High
REGION IX,ZAMBOANGA DEL SUR,MOLAVE,11401,0.4016314358389615,0.5940706955530216,0.0036838873783001493,52006,2,1,9,0,2,9,45.3,0.1,0,301.4,0.6986667836154723,14,0.17305695496673462,4.561529690378037,5.061316304409496,4.79335280756702,2.19684021831714,High
REGION IX,ZAMBOANGA DEL SUR,PAGADIAN,40665,0.4010820115578507,0.5951309479896717,0.0019918849133161195,199060,9,5,26,0,7,2,45.3,0.1,0,301.4,0.6986474855526865,47,0.010047221943132723,4.895118652403787,6.398870936376639,5.0133293774548315,2.3574972123318174,High
REGION IX,ZAMBOANGA DEL SUR,PITOGO,5853,0.2530326328378609,0.7307363745087989,0.014693319665128993,27057,0,1,5,0,1,6,45.3,0.1,0,301.4,0.6184008200922604,7,0.22175407473112319,4.6227575602255255,4.413729435450811,4.957645951309043,2.22632766136647,High
REGION IX,ZAMBOANGA DEL SUR,RAMON MAGSAYSAY,5968,0.3140080428954424,0.6814678284182306,6.702412868632708e-4,26606,0,1,7,0,1,14,45.3,0.1,0,301.4,0.6547419571045576,9,0.5261970983988574,4.458109919571045,4.39712569300265,4.7215326551208365,2.147033086214683,High
REGION IX,ZAMBOANGA DEL SUR,SAN MIGUEL,4205,0.19690844233055885,0.8014268727705113,0,19205,0,1,5,0,1,2,45.3,0.1,0,301.4,0.5976218787158145,7,0.10413954699297058,4.5671819262782405,4.075893296425527,4.933377944848359,2.1995623444440784,High
REGION IX,ZAMBOANGA DEL SUR,SAN PABLO,5792,0.19457872928176795,0.8035220994475138,0,26106,0,1,8,0,1,2,45.3,0.1,0,301.4,0.5963397790055249,10,0.07661074082586379,4.50725138121547,4.378389904780888,4.865558844561525,2.1706996951496373,High
REGION IX,ZAMBOANGA DEL SUR,SOMINOT,4144,0.2249034749034749,0.7709942084942085,7.239382239382239e-4,18537,0,1,5,0,1,6,45.3,0.1,0,301.4,0.6104005791505791,7,0.3236769703835572,4.473214285714286,4.0411029676209,4.806912385337507,2.154307373847985,High
REGION IX,ZAMBOANGA DEL SUR,TABINA,5613,0.29841439515410656,0.6978442900409763,0.0016034206306787815,25061,0,1,4,0,0,20,45.3,0.1,0,301.4,0.6473365401745947,5,0.79805275128686,4.464813825048993,4.33806057515295,4.726786052097087,2.1502616981438822,High
REGION IX,ZAMBOANGA DEL SUR,TAMBULIG,7686,0.27049180327868855,0.719880301847515,0.0037730939370283633,36160,0,1,5,0,5,1,45.3,0.1,0,301.4,0.630431954202446,11,0.02765486725663717,4.704657819411918,4.700683981424983,5.029410809011421,2.2657709611987142,High
REGION IX,ZAMBOANGA DEL SUR,TIGBAO,4591,0.21128294489218036,0.7876279677630146,0,20979,0,1,4,0,1,69,45.3,0.1,0,301.4,0.6050969287736876,6,3.289003289003289,4.5695926813330425,4.162807949112376,4.646194075257365,2.2007233680524685,High
REGION IX,ZAMBOANGA DEL SUR,TUKURAN,8465,0.2793857058476078,0.7177790903721205,0.0015357353809805079,39820,0,1,7,0,1,3,45.3,0.1,0,301.4,0.638275251033668,9,0.07533902561526871,4.704075605434141,4.796263987224573,5.024494642177916,2.265490565987269,High
REGION IX,ZAMBOANGA DEL SUR,VINCENZO A. SAGUN,4898,0.21845651286239282,0.7790935075541037,0.0010208248264597796,23759,0,1,6,0,1,7,45.3,0.1,0,301.4,0.6080032666394446,8,0.2946251946630751,4.850755410371581,4.285424664617686,5.185593222785323,2.33613180183874,High
REGION IX,ZAMBOANGA DEL SUR,ZAMBOANGA,185621,0.42224748277403956,0.5626895663744943,0.006518658987937787,861799,12,17,87,0,17,47,45.3,0.1,0,301.4,0.7035922659612868,133,0.05453707883160691,4.642788262103965,7.863006684432983,4.417574821813862,2.2359744804106376,Low
REGION IX,ZAMBOANGA SIBUGAY,ALICIA,7630,0.12608125819134994,0.8711664482306685,0.001310615989515072,36013,0,1,10,0,0,17,45.3,0.1,0,301.4,0.5616644823066842,11,0.47205175908699637,4.719921363040629,4.696647529852222,5.073531991284612,2.2731219089714143,High
REGION IX,ZAMBOANGA SIBUGAY,BUUG,8116,0.32343518974864466,0.6704041399704288,0,36634,1,1,7,0,1,2,45.3,0.1,0,301.4,0.658637259733859,10,0.054594092919146145,4.513799901429276,4.7135896084166315,4.811820627251701,2.1738534732794816,High
REGION IX,ZAMBOANGA SIBUGAY,DIPLAHAN,7605,0.2984878369493754,0.6892833662064431,0.007232084155161078,32428,0,1,6,0,0,1,45.3,0.1,0,301.4,0.643129520052597,7,0.030837547798199083,4.264036817882972,4.592798167214326,4.591359832133015,2.0535671605228614,Low
REGION IX,ZAMBOANGA SIBUGAY,IMELDA,6507,0.23589980021515292,0.7513447057015522,0.004149377593360996,28018,0,1,5,0,1,4,45.3,0.1,0,301.4,0.611572153065929,7,0.1427653651224213,4.305824496695866,4.448215394979974,4.654638649652935,2.0736921755238438,High
REGION IX,ZAMBOANGA SIBUGAY,IPIL,17616,0.3209014532243415,0.674216621253406,0.0018732970027247955,74656,4,1,14,0,2,6,45.3,0.1,0,301.4,0.6580097638510445,21,0.0803686240891556,4.237965485921889,5.420923596325042,4.49156818156372,2.0410111640732453,Low
REGION IX,ZAMBOANGA SIBUGAY,KABASALAN,9473,0.24532882930433864,0.7486540694605721,0.00337802174601499,44336,1,1,7,0,0,1,45.3,0.1,0,301.4,0.6196558640346247,9,0.02255503428365211,4.6802491291037684,4.902849914905839,5.024038521340495,2.254015695709924,High
REGION IX,ZAMBOANGA SIBUGAY,MABUHAY,6783,0.06250921421200059,0.9351319475158485,4.422821760283061e-4,36870,0,1,6,0,0,22,45.3,0.1,0,301.4,0.5300751879699248,7,0.5966910767561703,5.435647943387881,4.719953616211842,5.825221062130921,2.6178170099025957,High
REGION IX,ZAMBOANGA SIBUGAY,MALANGAS,7962,0.2873649836724441,0.680482290881688,6.279829188646069e-4,33380,0,1,7,0,0,1,45.3,0.1,0,301.4,0.6276061291132882,8,0.02995805871779509,4.192413966340116,4.621444045480589,4.531451168776294,2.019073477153486,Low
REGION IX,ZAMBOANGA SIBUGAY,NAGA,8433,0.2351476342938456,0.7622435669394048,0.001304399383374837,38547,0,1,8,0,1,1,45.3,0.1,0,301.4,0.6162694177635479,10,0.02594235608477962,4.570971184631803,4.764045728906193,4.913937890907636,2.2013872575135385,High
REGION IX,ZAMBOANGA SIBUGAY,OLUTANGA,6523,0.1335275180131841,0.8565077418365783,0.0055189330062854515,33671,0,1,7,0,1,7,45.3,0.1,0,301.4,0.5617813889314732,9,0.20789403344124022,5.161888701517706,4.63003902695177,5.5468807659997825,2.48597410774085,High
REGION IX,ZAMBOANGA SIBUGAY,PAYAO,6921,0.13740788903337667,0.858690940615518,0.0018783412801618264,31686,0,1,8,0,1,14,45.3,0.1,0,301.4,0.5667533593411357,10,0.4418355109512087,4.578240138708279,4.569887922948324,4.93335385964035,2.2048879977792404,High
REGION IX,ZAMBOANGA SIBUGAY,ROSELLER LIM,10443,0.16202240735420856,0.8301254428803984,5.745475438092502e-4,43646,0,1,10,0,1,4,45.3,0.1,0,301.4,0.5770851287944078,12,0.09164642808046557,4.179450349516422,4.887281948027018,4.547930958808612,2.0128301779213853,Low
REGION IX,ZAMBOANGA SIBUGAY,SIAY,9128,0.1864592462751972,0.8033523225241017,0.003615249780893953,41572,0,1,8,0,1,6,45.3,0.1,0,301.4,0.588135407537248,10,0.14432791301837775,4.554338299737073,4.838973361102198,4.914814796365185,2.193376832729839,High
REGION IX,ZAMBOANGA SIBUGAY,TALUSAN,5101,0.10194079592236817,0.8955106841795726,5.88119976475201e-4,29969,0,1,4,0,1,3,45.3,0.1,0,301.4,0.5496961380121544,6,0.10010344022156227,5.875122524995099,4.514769818305796,6.2935416884040976,2.8294686928543342,High
REGION IX,ZAMBOANGA SIBUGAY,TITAY,11087,0.3089203571750699,0.6824208532515559,0.0032470460900153333,49673,1,1,10,0,1,1,45.3,0.1,0,301.4,0.6501307838008479,13,0.020131661063354338,4.480292234148101,5.015716330407332,4.778271423957444,2.1577161254813197,High
REGION IX,ZAMBOANGA SIBUGAY,TUNGAWAN,9418,0.1995115735825016,0.7945423656827352,0.0013803355277128902,42030,0,1,8,0,1,34,45.3,0.1,0,301.4,0.5967827564238692,10,0.8089459909588389,4.462730940751752,4.849843891172664,4.754874600585577,2.1492585776328106,High
REGION V,ALBAY,BACACAY,14348,0.5514357401728464,0.4473097295790354,0.001115137998327293,68906,0,1,11,0,1,72,93.3,0.2,0,10914.1,0.775090604962364,13,1.0449017502104316,4.802481182046278,8.925535165108757,4.883861209037668,3.8593267229277,High
REGION V,ALBAY,CAMALIG,14763,0.65880918512497455,0.3361782835467046,0.004402899139741245,66904,0,1,9,0,3,24,93.3,0.2,0,10914.1,0.8268983268983269,13,0.3587229463111324,4.531870216080742,8.896054642558056,4.623062426832152,3.6418607729574233,Low
REGION V,ALBAY,LIGAO,22491,0.5915699613178604,0.40264994886843625,0.005113156373660575,111399,2,1,15,0,1,25,93.3,0.2,0,10914.1,0.7928949357520786,19,0.22441853158466413,4.953047885820995,9.405859543942666,5.067009483505097,3.9803237828710585,High
REGION V,ALBAY,TABACO,27533,0.702611411760433,0.2649184614825845,0.0204481894453928,133868,6,1,18,0,5,11,93.3,0.2,0,10914.1,0.8350706425017252,30,0.08217049630979771,4.862092761413576,9.589581629220135,4.903870170333341,3.9072312440548633,High
REGION V,ALBAY,DARAGA,27551,0.773547239664622,0.21904831040615586,0.007005190374215092,126595,1,1,20,0,4,1,93.3,0.2,0,10914.1,0.8830713948676999,26,0.007899206129783957,4.594933033283728,9.533724335681859,4.610938300949251,3.6925387467857114,Low
REGION V,ALBAY,GUINOBATAN,17882,0.6198971032323006,0.3724415613466055,0.006766580919360251,82361,1,1,15,0,3,16,93.3,0.2,0,10914.1,0.8061178839056033,20,0.19426670390111825,4.6058047198299965,9.103882212238554,4.705329930811443,3.70127535372301,High
REGION V,ALBAY,JOVELLAR,3811,0.3293098924166885,0.6657045394909472,0.004460771451062713,17308,0,1,6,0,0,1,93.3,0.2,0,10914.1,0.6621621621621621,7,0.05777675063554426,4.541590133823144,7.544356998749203,4.847756364504586,3.6496718058102218,High
REGION V,ALBAY,LEGAZPI,41437,0.7558220913676184,0.23027728841373651,0.012838767285276444,196639,8,1,27,0,7,40,93.3,0.2,0,10914.1,0.8709607355744866,43,0.20341844700186637,4.745493158288486,9.97407510277344,4.689946493624406,3.81353051995714,High
REGION V,ALBAY,LIBON,15461,0.4303731970765151,0.5643231356315892,0.00413944764245521,75172,0,1,13,0,1,9,93.3,0.2,0,10914.1,0.7125347648923097,15,0.1197254296812643,4.862039971541297,9.012559647145416,5.0812886628437735,3.9071888215326163,High
REGION V,ALBAY,MALILIPOT,8059,0.6788683459486289,0.3097158456384167,0.010174959672415933,37785,0,1,9,0,3,13,93.3,0.2,0,10914.1,0.8337262687678373,13,0.34405187243615193,4.68854696612483,8.324813602981592,4.77417165879931,3.76776793331593,High
REGION V,ALBAY,MALINAO,9748,0.6446450553959787,0.34991793188346326,0.0038982355354944603,45301,0,1,5,0,0,23,93.3,0.2,0,10914.1,0.8196040213377104,6,0.5077150614776715,4.647209684037751,8.506190289490444,4.7595142081428845,3.734548838567934,High
REGION V,ALBAY,MANITO,5056,0.5045490506329114,0.45806962025316456,0.036787974683544306,24707,0,1,4,0,1,2,93.3,0.2,0,10914.1,0.7335838607594938,6,0.08094871898652203,4.8866693037974684,7.900116322447654,5.123259484657348,3.926981223947321,High
REGION V,ALBAY,OAS,14036,0.4650897691650043,0.5248646337988031,0.009261897976631519,67960,2,1,10,0,1,4,93.3,0.2,0,10914.1,0.7275220860644058,14,0.05885815185403178,4.841835280706754,8.911713055616001,5.055443852877192,3.8909521096517343,High
REGION V,ALBAY,PIO DURAN,9452,0.37240795598815063,0.6252644942869234,0.0016927634363097758,46693,0,1,10,0,2,3,93.3,0.2,0,10914.1,0.6850402031316123,13,0.06424945923371811,4.940012695725772,8.536449414362707,5.199472504240165,3.9698485606752896,High
REGION V,ALBAY,POLANGUI,18188,0.597701781394326,0.393116340444249,0.004123597976687926,88221,0,1,11,0,3,17,93.3,0.2,0,10914.1,0.7942599516164505,15,0.19269788372382993,4.850505828018473,9.172607829659182,4.9814919859597815,3.8979198568794846,High
REGION V,ALBAY,RAPU RAPU,7395,0.3235970250169033,0.668289384719405,0.00784313725490196,36920,2,1,7,0,0,8,93.3,0.2,0,10914.1,0.6577417173766058,10,0.21668472372697725,4.992562542258282,8.301660493937385,5.277280934662702,4.0120781955912665,High
REGION V,ALBAY,SANTO DOMINGO,7415,0.6033715441672286,0.39002022926500335,0.006203641267700607,34967,0,1,4,0,1,4,93.3,0.2,0,10914.1,0.7983816587997303,6,0.11439357108130523,4.7157113958192856,8.247325701080936,4.8845349570343,3.7895975679274776,High
REGION V,ALBAY,TIWI,10975,0.6488382687927107,0.34651480637813215,0.003917995444191344,53120,0,1,11,0,2,77,93.3,0.2,0,10914.1,0.8220956719817767,14,1.4495481927710845,4.840091116173121,8.665384922206046,4.83420940283146,3.8895504798402527,High
REGION V,CAMARINES NORTE,BASUD,9078,0.534699272967614,0.4576999339061467,0.0039656311962987445,41017,0,1,10,0,1,28,93.3,0.2,0,10914.1,0.7635492399206874,12,0.6826437818465514,4.518285966071822,8.406868916887897,4.647579417863393,3.63094432017332,High
REGION V,CAMARINES NORTE,CAPALONGA,7091,0.31264983782259204,0.684106614017769,0.0021153574954167254,32215,0,1,8,0,1,38,93.3,0.2,0,10914.1,0.6547031448314765,10,1.1795747322675771,4.543082780989987,8.165375501894584,4.744352985605376,3.6508713134981305,High
REGION V,CAMARINES NORTE,DAET,22803,0.7666096566241284,0.2272069464544139,0.0037275797044248565,104799,5,3,14,0,3,196,93.3,0.2,0,10914.1,0.8802131298513354,25,1.8702468535005106,4.595842652282594,9.344790602327501,4.451328674813841,3.69326972662237,Low
REGION V,CAMARINES NORTE,JOSE PANGANIBAN,13381,0.5031761452806218,0.48725805246244674,0.007622748673492265,59639,0,2,6,0,1,76,93.3,0.2,0,10914.1,0.7468051715118452,9,1.274333909019266,4.456991256258875,8.78112228889367,4.561602133388747,3.58168721689938,Low
REGION V,CAMARINES NORTE,LABO,22201,0.5007882527814063,0.4928156389351831,0.0027025809648214046,101082,1,3,30,0,8,2,93.3,0.2,0,10914.1,0.7471960722489979,42,0.019785916384717356,4.55303815143462,9.308681655703705,4.6415719322884605,3.658871558733292,High
REGION V,CAMARINES NORTE,MERCEDES,10866,0.4295969077857537,0.5645131603165838,0.003865267807840972,50841,0,1,7,0,2,42,93.3,0.2,0,10914.1,0.7118534879440457,10,0.8261049153242462,4.678906681391497,8.621542263076995,4.854815808179423,3.7600208944254763,High
REGION V,CAMARINES NORTE,PARACALE,13096,0.49404398289554063,0.5006108735491753,0.003970678069639585,59149,0,1,10,0,0,23,93.3,0.2,0,10914.1,0.7443494196701284,11,0.38884850124262454,4.516569945021381,8.772873523011842,4.695375395734832,3.6295653067746136,High
REGION V,CAMARINES NORTE,SAN LORENZO RUIZ,3154,0.4879518072289157,0.5076093849080533,0.004121750158528852,14063,0,1,4,0,1,28,93.3,0.2,0,10914.1,0.7417564996829423,6,1.991040318566451,4.4587824984147115,7.336857489329627,4.515606362078372,3.5831266788060914,Low
REGION V,CAMARINES NORTE,SAN VICENTE,2394,0.6282372598162071,0.3680033416875522,0.0029239766081871343,10396,0,1,9,0,1,20,93.3,0.2,0,10914.1,0.8122389306599833,11,1.923816852635629,4.342522974101922,7.034961006204549,4.315416023055533,3.4896992457840557,Low
REGION V,CAMARINES NORTE,SANTA ELENA,9182,0.4922674798518841,0.4852973208451318,0.006861250272271836,40786,0,0,8,1,2,54,93.3,0.2,0,10914.1,0.73491614027445,11,1.3239837199038886,4.4419516445218905,8.401222452108321,4.546172619498525,3.569601219416248,Low
REGION V,CAMARINES NORTE,TALISAY,5801,0.676779865540424,0.31925530081020514,0.0012066885019824168,25841,0,1,14,0,0,1,93.3,0.2,0,10914.1,0.8364075159455266,15,0.038698192794396506,4.454576797103948,7.944975828153434,4.5571226968470695,3.5797469309545096,Low
REGION V,CAMARINES NORTE,VINZONS,9632,0.4742524916943522,0.5203488372093024,0.004568106312292359,43485,0,1,16,0,1,16,93.3,0.2,0,10914.1,0.7344269102990033,18,0.3679429688398298,4.514638704318937,8.465285677908422,4.677975990122971,3.6280133404953476,High
REGION V,CAMARINES SUR,BAAO,11390,0.6161545215100965,0.3746268656716418,0.006321334503950834,58849,1,1,9,0,2,6,93.3,0.2,0,10914.1,0.8034679543459174,13,0.10195585311560094,5.1667251975417035,8.767789469644669,5.30439413502783,4.152037221809659,High
REGION V,CAMARINES SUR,BALATAN,5801,0.30408550249956906,0.6816066195483538,0.004826754007929667,30922,0,1,4,0,2,17,93.3,0.2,0,10914.1,0.644888812273746,7,0.5497703900135825,5.33046026547147,8.124423113135418,5.609773957854253,4.2836165240886706,High
REGION V,CAMARINES SUR,BATO,9720,0.4232510288065844,0.5741769547325103,8.230452674897119e-4,52137,0,1,8,0,2,24,93.3,0.2,0,10914.1,0.7103395061728395,11,0.4603256804188964,5.363888888888889,8.646709537944853,5.570272569639176,4.310480133705265,High
REGION V,CAMARINES SUR,BOMBON,3441,0.5408311537343795,0.44696309212438246,0.0017436791630340018,16512,0,1,3,0,1,26,93.3,0.2,0,10914.1,0.7643126997965708,5,1.574612403100775,4.798605056669572,7.497301071267559,4.874177467763956,3.85621182592328,High
REGION V,CAMARINES SUR,BUHI,16266,0.5265584655108816,0.4643428009344645,0.0043649329890569286,77143,0,2,15,0,2,1,93.3,0.2,0,10914.1,0.7587298659781139,19,0.01296293895752045,4.742591909504488,9.038438554539054,4.909671778861683,3.811199044509864,High
REGION V,CAMARINES SUR,BULA,13482,0.4325767690253672,0.559190031152648,0.0035603026257231864,69430,0,2,11,0,0,30,93.3,0.2,0,10914.1,0.7121717846016912,13,0.43208987469393634,5.14982940216585,8.933109955518201,5.349163083196251,4.138459574729454,High
REGION V,CAMARINES SUR,CABUSAO,3897,0.4896073903002309,0.4996150885296382,0.007698229407236336,18397,1,1,9,0,0,23,93.3,0.2,0,10914.1,0.73941493456505,11,1.2502038375822144,4.720810880164229,7.605344464713039,4.827079336269732,3.7936955696602417,High
REGION V,CAMARINES SUR,CALABANGA,17035,0.5148811270912826,0.479424713824479,0.0035808629292632815,83033,0,3,18,0,2,12,93.3,0.2,0,10914.1,0.7545934840035221,23,0.14452085315476978,4.874258878778984,9.112007407247344,5.018103617609716,3.917008069841943,High
REGION V,CAMARINES SUR,CAMALIGAN,4737,0.6151572725353599,0.3736542115262825,0.006122018154950391,24109,0,1,4,0,0,7,93.3,0.2,0,10914.1,0.8019843782985011,5,0.2903480028205234,5.0895081275068605,7.875624127738065,5.242781116701973,4.089984734656618,High
REGION V,CAMARINES SUR,CANAMAN,6968,0.5790757749712974,0.4088691159586682,0.009328358208955223,34210,0,1,5,0,1,1,93.3,0.2,0,10914.1,0.7835103329506314,7,0.029231218941829874,4.909586681974742,8.225444737095572,5.097036405672295,3.9453978812264037,High
REGION V,CAMARINES SUR,CARAMOAN,9878,0.36343389350070865,0.6330228791253291,0.003138287102652359,47605,0,2,10,0,0,2,93.3,0.2,0,10914.1,0.6799453330633731,12,0.042012393656128556,4.819295403927921,8.555789193131803,5.089740085097259,3.8728388166503476,High
REGION V,CAMARINES SUR,DEL GALLEGO,5243,0.514972344077818,0.46862483311081443,0.002860957467098989,25397,0,1,12,0,0,6,93.3,0.2,0,10914.1,0.7492847606332252,13,0.23624837579241645,4.843982452794202,7.927650703518703,5.02369031929349,3.892677600768032,High
REGION V,CAMARINES SUR,GAINZA,2206,0.5870353581142339,0.371713508612874,0.011786038077969175,11262,0,1,8,0,0,3,93.3,0.2,0,10914.1,0.7728921124206709,9,0.2663825253063399,5.105167724388033,7.114906403215362,5.27404494483939,4.102568959023747,High
REGION V,CAMARINES SUR,GARCHITORENA,5094,0.19454259913623873,0.790341578327444,9.815469179426776e-4,27010,0,1,6,0,0,1,93.3,0.2,0,10914.1,0.5897133882999608,7,0.037023324694557574,5.3023164507263445,7.989205277793344,5.6828397186411355,4.260999844873551,High
REGION V,CAMARINES SUR,GOA,12791,0.5256039402705027,0.4618090845125479,0.010632475959659136,63308,1,2,20,0,3,23,93.3,0.2,0,10914.1,0.7565084825267767,26,0.3633032160232514,4.949417559221327,8.840815367663673,5.059999097927919,3.977406412468561,High
REGION V,CAMARINES SUR,IRIGA,21717,0.6745406824146981,0.31703273932863657,0.004880968826265138,111757,3,0,14,0,3,3,93.3,0.2,0,10914.1,0.8330570520790164,20,0.026843956083287848,5.146060689782198,9.40906780105504,5.233712789181297,4.135430995988192,High
REGION V,CAMARINES SUR,LAGONOY,11176,0.48792054402290624,0.5088582677165354,0.0018790264853256978,55465,0,2,37,0,0,23,93.3,0.2,0,10914.1,0.742349677881174,39,0.41467592175245654,4.962866857551897,8.708576317069683,5.032396751178519,3.988214416598976,High
REGION V,CAMARINES SUR,LIBMANAN,23343,0.4296362935355353,0.5569978151908495,0.00436961830098959,108716,1,3,43,0,1,3,93.3,0.2,0,10914.1,0.7081352011309601,48,0.027594834247028955,4.657327678533179,9.381482200173824,4.760882020744681,3.74267977027978,High
REGION V,CAMARINES SUR,LUPI,6996,0.46297884505431675,0.5304459691252144,0.002001143510577473,32167,0,1,22,0,0,23,93.3,0.2,0,10914.1,0.7282018296169239,23,0.7150184972176454,4.597913093196112,8.163884825901908,4.716820662431216,3.6949335557229723,High
REGION V,CAMARINES SUR,MAGARAO,5317,0.5642279480910288,0.4256159488433327,0.007711115290577393,25694,0,1,4,0,0,1,93.3,0.2,0,10914.1,0.7770359225126952,5,0.038919592122674554,4.832424299416965,7.939272979711041,5.0332318451952665,3.883389341531697,High
REGION V,CAMARINES SUR,MILAOR,6154,0.5866103347416315,0.402502437439064,0.004224894377640559,31150,0,1,5,0,0,20,93.3,0.2,0,10914.1,0.7878615534611635,6,0.6420545746388443,5.061748456288592,8.131767285559368,5.193693535127736,4.067676757406678,High
REGION V,CAMARINES SUR,MINALABAC,10263,0.4246321738283153,0.5615317158725519,0.007600116924875768,52390,0,1,13,0,1,2,93.3,0.2,0,10914.1,0.7053980317645913,15,0.038175224279442636,5.104745201208224,8.651549553409936,5.338418208123868,4.102229414747136,High
REGION V,CAMARINES SUR,NABUA,16509,0.6169967896298988,0.3704645950693561,0.004664122599794052,83874,1,2,14,0,3,6,93.3,0.2,0,10914.1,0.8022290871645769,20,0.07153587524143358,5.08050154461203,9.122083854520803,5.194939315849236,4.0827469455366465,High
REGION V,CAMARINES SUR,NAGA,41280,0.7434835271317829,0.24353197674418606,0.008018410852713178,196003,7,0,27,0,3,23,93.3,0.2,0,10914.1,0.865249515503876,37,0.1173451426763876,4.74813468992248,9.970835658824747,4.729375109012878,3.815653283844825,High
REGION V,CAMARINES SUR,OCAMPO,9267,0.4910974425380382,0.4847307650803928,0.016294377900075537,45934,0,1,10,0,2,23,93.3,0.2,0,10914.1,0.7334628250782347,13,0.5007184220838594,4.956728175245495,8.520063979159044,5.1285662678681545,3.9832813039493664,High
REGION V,CAMARINES SUR,PAMPLONA,7567,0.5083917008061319,0.47125677282939077,0.007929166116030131,36390,0,1,17,0,0,23,93.3,0.2,0,10914.1,0.7440200872208274,18,0.6320417697169551,4.809039249372274,8.2872047094237,4.939047939399254,3.8645968579938392,High
REGION V,CAMARINES SUR,PASACAO,9838,0.3819882089855662,0.611404757064444,0.0017279934946127261,49035,0,1,18,0,1,5,93.3,0.2,0,10914.1,0.6876905875177881,20,0.10196798205363515,4.984244765196178,8.585380112479047,5.210434385239825,4.005393938417883,High
REGION V,CAMARINES SUR,PILI,18062,0.608958033440372,0.3709445244159008,0.011239065441257889,89545,1,2,16,0,3,8,93.3,0.2,0,10914.1,0.7944302956483225,22,0.08934055502819811,4.957645886391319,9.187502556523107,5.070507925886232,3.984018786724364,High
REGION V,CAMARINES SUR,PRESENTACION,4038,0.39499752352649825,0.5913818722139673,0.007181773155027241,20996,0,1,6,0,1,19,93.3,0.2,0,10914.1,0.6906884596334819,8,0.9049342731948943,5.199603764239723,7.737427179937644,5.3972922734602875,4.178458799793888,High
REGION V,CAMARINES SUR,RAGAY,12453,0.4490484220669718,0.5315988115313579,0.008351401268770577,58214,0,1,28,0,0,12,93.3,0.2,0,10914.1,0.7148478278326508,29,0.20613598103548975,4.674696860194331,8.756942202096363,4.829372047766711,3.756637835787848,High
REGION V,CAMARINES SUR,SAGÑAY,6947,0.4230603138045199,0.5367784655246869,0.027205988196343747,34546,0,0,16,1,0,3,93.3,0.2,0,10914.1,0.6914495465668633,17,0.0868407340936722,4.972794011803656,8.235215903162285,5.208221323114965,3.9961919869910614,High
REGION V,CAMARINES SUR,SAN FERNANDO,7214,0.519683947879124,0.47130579428888275,0.005406154699196007,35258,0,1,5,0,0,3,93.3,0.2,0,10914.1,0.7553368450235654,6,0.085087072437461,4.887441086775714,8.255611233307317,5.1019421846158,3.927601437241103,High
REGION V,CAMARINES SUR,SAN JOSE,8597,0.5833430266371991,0.4077003605909038,0.006281260904966849,40623,0,1,27,0,0,4,93.3,0.2,0,10914.1,0.7871932069326509,28,0.09846638603746645,4.725252995230894,8.397218876685548,4.8211072387867375,3.7972653022074905,High
REGION V,CAMARINES SUR,SIPOCOT,13472,0.48626781472684083,0.5067547505938242,0.0031175771971496437,64855,0,1,25,0,1,3,93.3,0.2,0,10914.1,0.739645190023753,27,0.046257034924061365,4.814058788598575,8.864954221307311,4.966087577043562,3.8686306149495704,High
REGION V,CAMARINES SUR,SIRUMA,3762,0.2642211589580011,0.7216905901116427,0.013556618819776715,17764,0,1,4,0,0,1,93.3,0.2,0,10914.1,0.6250664540138224,5,0.056293627561360055,4.721956406166933,7.570348532107664,5.0731362384089795,3.794616126961032,High
REGION V,CAMARINES SUR,TIGAON,11444,0.5216707444949319,0.4605907025515554,0.007514854945823139,55272,0,1,9,0,0,23,93.3,0.2,0,10914.1,0.7519660957707096,10,0.4161238963670575,4.82977979727368,8.70509115378602,5.002403354865315,3.88126419051006,High
REGION V,CAMARINES SUR,TINAMBAC,13277,0.3156586578293289,0.6794456579046472,0.0027867741206597874,67572,0,2,12,0,1,2,93.3,0.2,0,10914.1,0.6553814867816525,15,0.0295980583673711,5.089402726519545,8.905988228901302,5.3738880017486546,4.089900033263411,High
REGION V,CATANDUANES,BAGAMANOC,2408,0.4227574750830565,0.5577242524916943,0.011627906976744186,11551,0,1,4,0,1,0,93.3,0.2,0,10914.1,0.7016196013289037,6,0,4.796926910299003,7.140223851228566,5.072675027853277,3.8548632490340813,High
REGION V,CATANDUANES,BARAS,2798,0.5110793423874196,0.47748391708363114,0.008577555396711936,12848,0,1,4,0,1,0,93.3,0.2,0,10914.1,0.7498213009292352,6,0,4.591851322373124,7.246559981859203,4.81940837394013,3.6900622499877453,High
REGION V,CATANDUANES,BATO,4517,0.5547930042063316,0.4219614788576489,0.012176223156962585,21279,0,1,4,0,0,0,93.3,0.2,0,10914.1,0.765773743635156,5,0,4.710870046491034,7.750810106279544,4.926416130948218,3.7857070063345666,High
REGION V,CATANDUANES,CARAMORAN,5865,0.39948849104859335,0.5919863597612959,0.00443307757885763,30056,0,1,10,0,1,0,93.3,0.2,0,10914.1,0.6954816709292413,12,0,5.12463768115942,8.096026051514526,5.383273005831439,4.118215230526689,High
REGION V,CATANDUANES,GIGMOTO,1744,0.4466743119266055,0.5086009174311926,0.040711009174311925,8368,0,1,2,0,0,0,93.3,0.2,0,10914.1,0.7009747706422018,3,0,4.798165137614679,6.818168177478516,5.086199032039252,3.855858302130033,High
REGION V,CATANDUANES,PANDAN,4192,0.42962786259541985,0.5224236641221374,0.04079198473282443,20516,1,1,6,0,1,0,93.3,0.2,0,10914.1,0.6908396946564885,9,0,4.894083969465649,7.714310511342339,5.1689962506073766,3.9329397308669862,High
REGION V,CATANDUANES,PANGANIBAN,2007,0.5281514698555058,0.46038863976083705,0.004484304932735426,9287,0,1,3,0,0,0,93.3,0.2,0,10914.1,0.7583457897359243,4,0,4.627304434479322,6.922260607194413,4.8540866684694874,3.7185527609914977,High
REGION V,CATANDUANES,SAN ANDRES,7646,0.5711483128433168,0.41995814805126863,0.004315982212921789,36779,1,1,7,0,0,0,93.3,0.2,0,10914.1,0.7811273868689511,9,0,4.810227569971227,8.297835065579934,4.994910511355916,3.8655518055030744,High
REGION V,CATANDUANES,SAN MIGUEL,3029,0.5090789039286894,0.464839881148894,0.00957411687025421,15006,0,1,4,0,1,0,93.3,0.2,0,10914.1,0.7414988445031364,6,0,4.954110267414989,7.401719459023945,5.190005291355809,3.981177524410114,High
REGION V,CATANDUANES,VIGA,4318,0.41500694766095414,0.5694766095414544,0.008800370541917554,21624,1,1,7,0,0,6,93.3,0.2,0,10914.1,0.6997452524316814,9,0.27746947835738067,5.0078740157480315,7.7668863776273644,5.248967621217643,4.024382664170404,High
REGION V,CATANDUANES,VIRAC,14958,0.6605161117796496,0.3249097472924188,0.007287070463965771,73650,2,1,12,0,1,0,93.3,0.2,0,10914.1,0.822970985425859,16,0,4.923786602486963,8.99210748732767,5.039458018471316,3.9568090936016107,High
REGION V,MASBATE,AROROY,17039,0.38699454193321203,0.6046716356593697,0.0025823111684958036,86168,0,1,32,0,0,9,93.3,0.2,0,10914.1,0.6893303597628968,33,0.10444712654349643,5.0571042901578735,9.149064152966398,5.230904207156104,4.063944654401048,High
REGION V,MASBATE,BALENO,5341,0.3385133870061786,0.6571803033139861,0.0011233851338700617,26096,0,1,24,0,0,3,93.3,0.2,0,10914.1,0.6671035386631716,25,0.11496014714898835,4.885976408912189,7.954792032734831,5.112067993976112,3.9264244059931066,High
REGION V,MASBATE,BALUD,7843,0.3872242764248374,0.5812826724467678,0.027412979727145226,38124,0,1,8,0,0,0,93.3,0.2,0,10914.1,0.6778656126482213,9,0,4.860895065663649,8.333743253920161,5.148843372087901,3.9062687625711434,High
REGION V,MASBATE,BATUAN,3587,0.23752439364371342,0.7568999163646501,0.002230275996654586,15086,0,1,2,0,0,15,93.3,0.2,0,10914.1,0.6159743518260385,3,0.9942993503910911,4.205742960691386,7.407033263464806,4.489542286740551,3.3797813219218815,Low
REGION V,MASBATE,CATAINGAN,10764,0.35590858416945376,0.6082311408398365,0.013563730955035302,50327,1,1,17,0,0,8,93.3,0.2,0,10914.1,0.660024154589372,19,0.15896039899060146,4.675492382014121,8.611382700048589,4.928123834792997,3.7572771258759103,High
REGION V,MASBATE,CAWAYAN,15039,0.3062038699381608,0.6764412527428686,0.007779772591262717,67033,0,1,15,0,0,3,93.3,0.2,0,10914.1,0.6444244963095951,16,0.04475407635045425,4.457277744530886,8.897980658418623,4.747467060188984,3.5819174420271973,High
REGION V,MASBATE,MASBATE,19083,0.41612953938060054,0.5670492060996699,0.008384425928837185,95389,5,1,30,0,0,0,93.3,0.2,0,10914.1,0.6996541424304354,36,0,4.998637530786564,9.25071826408956,5.159830639170863,4.016960123219911,High
REGION V,MASBATE,CLAVERIA,9159,0.24216617534665358,0.7448411398624304,0.004694835680751174,43693,0,1,22,0,1,42,93.3,0.2,0,10914.1,0.6145867452778688,24,0.9612523745222348,4.770498962768861,8.470056530246943,4.977047946375744,3.8336254595938004,High
REGION V,MASBATE,DIMASALANG,5386,0.30430746379502416,0.6761975492016339,0.01708132194578537,26192,1,1,11,0,0,7,93.3,0.2,0,10914.1,0.6424062383958411,13,0.26725717776420277,4.862978091347939,7.958462721071521,5.146782790235502,3.907942704932017,High
REGION V,MASBATE,ESPERANZA,4062,0.3993106843919252,0.49556868537666177,0.013293943870014771,18568,0,1,9,0,0,1,93.3,0.2,0,10914.1,0.647095027080256,10,0.05385609651012495,4.571147218119153,7.614591941543493,4.881066553205032,3.6734242039876177,High
REGION V,MASBATE,MANDAON,8724,0.35385144429160936,0.63491517652453,0.006648326455754241,41262,0,1,8,0,0,0,93.3,0.2,0,10914.1,0.6713090325538744,9,0,4.72971114167813,8.412822955491764,5.024223936166886,3.8008479177485697,High
REGION V,MASBATE,MILAGROS,11439,0.36218200891686336,0.6189352216102806,0.015385960311216015,57473,0,1,20,0,0,7,93.3,0.2,0,10914.1,0.6716496197220037,21,0.12179632175108311,5.024302823673398,8.744133627671292,5.26087753587097,4.037585034996811,High
REGION V,MASBATE,MOBO,7721,0.3472348141432457,0.6455122393472348,0.0060872943919181455,38813,0,1,24,0,0,23,93.3,0.2,0,10914.1,0.669990933816863,25,0.5925849586478756,5.026939515606787,8.351650225655765,5.207289900983255,4.039703909647835,High
REGION V,MASBATE,MONREAL,5256,0.20471841704718416,0.7688356164383562,0.0243531202435312,26614,0,1,11,0,0,21,93.3,0.2,0,10914.1,0.5891362252663622,12,0.7890583903208838,5.063546423135464,7.974440548749324,5.357652995012628,4.069121623349103,High
REGION V,MASBATE,PALANAS,5843,0.302926578812254,0.6927947971932227,0.001198014718466541,26222,0,1,25,0,0,0,93.3,0.2,0,10914.1,0.6493239774088653,26,0,4.487763135375663,7.9596070534470975,4.738067803497046,3.6064158375619844,High
REGION V,MASBATE,PIO V. CORPUZ,5269,0.4000759157335358,0.503700892009869,0.004554944012146517,23236,0,1,18,0,0,18,93.3,0.2,0,10914.1,0.6519263617384703,19,0.7746600103288002,4.409944961093187,7.838755985917494,4.615303532353703,3.543880296421178,Low
REGION V,MASBATE,PLACER,11934,0.3015753309870957,0.6897938662644545,0.004860063683593096,55826,0,1,11,0,0,2,93.3,0.2,0,10914.1,0.646472264119323,12,0.03582560097445635,4.6778950896597955,8.71506276853416,4.982384377153108,3.759207968178635,High
REGION V,MASBATE,SAN FERNANDO,5397,0.26477672781174727,0.7307763572355012,0.0038910505836575876,23057,0,1,3,0,0,2,93.3,0.2,0,10914.1,0.6301649064294979,4,0.08674155354122393,4.272188252733,7.831025656759365,4.619452349735942,3.4331774897502103,Low
REGION V,MASBATE,SAN JACINTO,7060,0.30056657223796035,0.6974504249291785,0.0015580736543909348,30372,0,1,7,0,0,8,93.3,0.2,0,10914.1,0.6492917847025497,8,0.26340050046095087,4.301983002832861,8.106481703895394,4.5987185623182,3.457120878782784,Low
REGION V,MASBATE,SAN PASCUAL,9819,0.26367247173846625,0.708422446277625,0.023423973928098585,46674,0,1,22,0,1,3,93.3,0.2,0,10914.1,0.6178836948772788,24,0.0642756138321121,4.753437213565536,8.536042498172247,5.0372495843871175,3.8199144501917344,High
REGION V,MASBATE,USON,11534,0.2881914340211548,0.6552800416160915,0.022021848448066587,56168,0,1,16,0,0,30,93.3,0.2,0,10914.1,0.6158314548292005,17,0.5341119498646917,4.86977631350789,8.72116925840506,5.140702751252754,3.9134058310653126,High
REGION V,SORSOGON,BARCELONA,4788,0.5885547201336675,0.40810359231411864,0.001670843776106934,20990,0,1,6,0,1,23,93.3,0.2,0,10914.1,0.7926065162907268,8,1.095759885659838,4.383876357560568,7.737141495065892,4.462509529950538,3.5229312797714183,Low
REGION V,SORSOGON,BULAN,20598,0.3388193028449364,0.6580250509758229,0.0018933877075444218,100076,0,1,18,0,2,7,93.3,0.2,0,10914.1,0.6678318283328478,21,0.06994684040129502,4.858529954364501,9.298680395490646,5.103634298089035,3.9043681331061864,High
REGION V,SORSOGON,BULUSAN,5285,0.5038789025543993,0.4881740775780511,0.00586565752128666,22884,1,1,7,0,1,7,93.3,0.2,0,10914.1,0.7479659413434248,10,0.30589057857018004,4.329990539262062,7.823497225100931,4.516425685962104,3.479628043243662,Low
REGION V,SORSOGON,CASIGURAN,7088,0.6566027088036117,0.3346501128668172,0.00268058690744921,32842,0,1,10,0,1,1,93.3,0.2,0,10914.1,0.8239277652370203,12,0.030448815541075452,4.633465011286682,8.184646075101643,4.7609286226459515,3.723503468302996,High
REGION V,SORSOGON,CASTILLA,12266,0.36833523561063103,0.6277515082341432,0.0019566280776129137,57827,1,1,9,0,1,1,93.3,0.2,0,10914.1,0.6822109897277027,12,0.01729296003596936,4.714413826838415,8.750273174239496,4.984832248877326,3.7885548272163976,High
REGION V,SORSOGON,SORSOGON,35207,0.6694123327747323,0.3143408981168518,0.0074701053767716645,168110,3,3,65,0,2,23,93.3,0.2,0,10914.1,0.8265827818331583,73,0.13681518053655345,4.774902718209447,9.817331976335426,4.6529681767731015,3.8371643659234342,High
REGION V,SORSOGON,DONSOL,10252,0.2516582130316036,0.7431720639875147,0.003999219664455716,49711,1,1,10,0,1,23,93.3,0.2,0,10914.1,0.6232442450253609,13,0.46267425720665445,4.8489075302380025,8.599069479760535,5.134388691086063,3.896635447195918,High
REGION V,SORSOGON,GUBAT,13454,0.5859967295971459,0.40263118775085477,0.007135424409097666,59534,1,1,12,0,2,23,93.3,0.2,0,10914.1,0.7873123234725733,16,0.3863338596432291,4.42500371636688,8.779360415241728,4.541617488512845,3.5559816778610585,Low
REGION V,SORSOGON,IROSIN,11395,0.5028521281263713,0.4867924528301887,0.006494076349275998,56662,1,1,9,0,1,8,93.3,0.2,0,10914.1,0.7462483545414655,12,0.1411880978433518,4.972531812198333,8.72992442880513,5.167784329454585,3.9959812805030586,High
REGION V,SORSOGON,JUBAN,6636,0.5292344786015672,0.466998191681736,0.0037673297166968055,32320,0,1,9,0,1,23,93.3,0.2,0,10914.1,0.7627335744424353,11,0.7116336633663366,4.87040385774563,8.168628629236283,5.001776741336772,3.913910132520066,High
REGION V,SORSOGON,MAGALLANES,7470,0.3024096385542169,0.6921017402945113,0.004685408299866131,37038,0,1,12,0,1,23,93.3,0.2,0,10914.1,0.6484605087014725,14,0.6209838544197851,4.958232931726908,8.30485070650182,5.2003602324163065,3.9844905428157107,High
REGION V,SORSOGON,MATNOG,8347,0.23828920570264767,0.7594345273751049,0.0017970528333533006,41101,0,1,10,0,1,17,93.3,0.2,0,10914.1,0.6180064693902001,12,0.41361524050509724,4.9240445669102675,8.408914297654839,5.223041323939417,3.9570163966507397,High
REGION V,SORSOGON,PILAR,14960,0.32279411764705884,0.6654411764705882,0.003676470588235294,74564,0,1,9,0,1,3,93.3,0.2,0,10914.1,0.6555147058823529,11,0.04023389303148973,4.984224598930481,9.004439636689986,5.283195542625144,4.005377732584865,High
REGION V,SORSOGON,PRIETO DIAZ,4773,0.5719673161533627,0.42321391158600463,0.003771213073538655,22442,0,1,7,0,1,1,93.3,0.2,0,10914.1,0.783574271946365,9,0.04455930843953302,4.7018646553530274,7.804001334316558,4.880049642820518,3.7784701749234917,High
REGION V,SORSOGON,SANTA MAGDALENA,3587,0.36018957345971564,0.6328408140507388,0.0013939224979091162,16848,0,1,3,0,1,2,93.3,0.2,0,10914.1,0.676609980485085,5,0.11870845204178539,4.696961248954558,7.517434577316381,4.990987048510019,3.7745297435860965,High
REGION VI,AKLAN,ALTAVAS,5950,0.4472268907563025,0.5342857142857143,0.016134453781512605,24619,0,1,6,0,0,18,20.2,0.6,0.1,1127.8,0.7143697478991596,7,0.7311426134286526,4.1376470588235295,5.630585833268268,4.330942149653016,3.65628398785005,Low
REGION VI,AKLAN,BALETE,6974,0.28735302552337255,0.7027530828792659,0.008316604531115572,28920,0,1,9,0,1,14,20.2,0.6,0.1,1127.8,0.6387295669630055,11,0.48409405255878285,4.146831086894179,5.791067203170787,4.422404604346123,3.66439957003995,Low
REGION VI,AKLAN,BANGA,9243,0.5514443362544629,0.44044141512495943,0.006707778859677594,39505,0,1,10,0,0,4,20.2,0.6,0.1,1127.8,0.7716650438169426,11,0.1012530059486141,4.274045223412312,6.102142232779224,4.451095727640893,3.77681394559369,Low
REGION VI,AKLAN,BATAN,7929,0.4716862151595409,0.5184764787488965,0.00870223231176693,32032,0,1,9,0,0,1,20.2,0.6,0.1,1127.8,0.7309244545339891,10,0.03121878121878122,4.039853701601715,5.892972390179755,4.267804410059744,3.569867654836406,Low
REGION VI,AKLAN,BURUANGA,4219,0.5103105001185115,0.4854230860393458,0.002133206921071344,19003,0,1,5,0,0,1,20.2,0.6,0.1,1127.8,0.7530220431381844,6,0.052623270009998425,4.504147902346528,5.372723549589614,4.723590951871138,3.9801470787942277,High
REGION VI,AKLAN,IBAJAY,10931,0.5959198609459336,0.39502332814930013,0.006678254505534718,49564,0,2,11,0,0,3,20.2,0.6,0.1,1127.8,0.7934315250205837,13,0.060527802437252844,4.534260360442778,6.32852543187045,4.685442281129827,4.006756332026046,High
REGION VI,AKLAN,KALIBO,17784,0.6270242914979757,0.3675775978407557,0.0038236617183985606,80605,5,2,17,0,0,1,20.2,0.6,0.1,1127.8,0.8108130904183535,24,0.012406178276781837,4.532444894287,6.814133839952101,4.627813856166605,4.005152072469471,Low
REGION VI,AKLAN,LEZO,3491,0.5932397593812662,0.4001718705242051,0.00429676310512747,15224,0,1,5,0,0,12,20.2,0.6,0.1,1127.8,0.7933256946433687,6,0.788229111928534,4.360928100830708,5.152151291420084,4.473983751937459,3.8535890955779775,Low
REGION VI,AKLAN,LIBACAO,6556,0.2600671140939597,0.7332214765100671,0.0036607687614399025,28241,0,1,7,0,0,28,20.2,0.6,0.1,1127.8,0.6266778523489933,8,0.9914663078502886,4.307657107992679,5.767382070766593,4.561388139204655,3.806515511156318,Low
REGION VI,AKLAN,MADALAG,4239,0.2870960132106629,0.7103090351497995,9.436187780136825e-4,18389,0,1,8,0,0,1,20.2,0.6,0.1,1127.8,0.6422505307855626,9,0.05438033607047691,4.338051427223402,5.3400343124797836,4.656431773658383,3.8333738345331057,High
REGION VI,AKLAN,MAKATO,6538,0.4103701437748547,0.5532272866319976,0.03456714591618232,27262,1,1,7,0,1,1,20.2,0.6,0.1,1127.8,0.6869837870908535,10,0.03668109456386178,4.169776690119303,5.73221335948459,4.441161442559708,3.684675741610619,Low
REGION VI,AKLAN,MALAY,12618,0.44674274845458867,0.5477096211760977,0.002060548422887938,52973,1,2,8,0,0,19,20.2,0.6,0.1,1127.8,0.7205975590426374,11,0.3586732863911804,4.198208907909335,6.394928161897381,4.403238334785777,3.7098002293126515,Low
REGION VI,AKLAN,MALINAO,5411,0.4640547033819996,0.530770652374792,0.003326557013491037,23194,0,1,9,0,0,2,20.2,0.6,0.1,1127.8,0.7294400295693957,10,0.08622919720617402,4.286453520606172,5.571181277836813,4.510916219112867,3.7877786938434594,Low
REGION VI,AKLAN,NABAS,7829,0.5936901264529314,0.3953250734448844,0.009452037297228254,36435,0,1,7,0,0,10,20.2,0.6,0.1,1127.8,0.7913526631753736,8,0.2744613695622341,4.6538510665474515,6.021433398762919,4.807323912251911,4.112434167184497,High
REGION VI,AKLAN,NEW WASHINGTON,10820,0.5870609981515712,0.3935304990757856,0.018484288354898338,45007,0,1,8,0,0,26,20.2,0.6,0.1,1127.8,0.783826247689464,9,0.5776879152131891,4.159611829944547,6.232259383829252,4.289509612982082,3.6756934347663366,Low
REGION VI,AKLAN,NUMANCIA,7332,0.6417075831969449,0.35488270594653576,0.003000545553737043,31934,0,1,6,0,0,23,20.2,0.6,0.1,1127.8,0.8191489361702128,7,0.720235485689234,4.3554282596835785,5.8899167261060015,4.444949618938962,3.8487290916104846,Low
REGION VI,AKLAN,TANGALAN,4920,0.4867886178861789,0.509349593495935,0.002845528455284553,21916,0,1,5,0,0,3,20.2,0.6,0.1,1127.8,0.7414634146341463,6,0.13688629311918235,4.454471544715447,5.514726532707867,4.6779201127146415,3.9362499390916263,High
REGION VI,ANTIQUE,ANINI Y,4611,0.37714161787031014,0.6196052916937758,0.0030362177401865105,21201,0,1,4,0,0,2,20.2,0.6,0.1,1127.8,0.6869442637171981,5,0.09433517286920429,4.597918022121015,5.481693721013948,4.8835948268086975,4.063008227315611,High
REGION VI,ANTIQUE,BARBAZA,5439,0.4783967641110498,0.5157198014340871,0.001654715940430226,22704,0,1,7,0,0,2,20.2,0.6,0.1,1127.8,0.7362566648280934,8,0.08809020436927414,4.174296745725317,5.549910911427836,4.399555653819924,3.688669945732312,Low
REGION VI,ANTIQUE,BELISON,3051,0.6509341199606686,0.344149459193707,9.832841691248771e-4,13539,0,1,3,0,1,31,20.2,0.6,0.1,1127.8,0.8230088495575221,5,2.2896816603885073,4.43756145526057,5.035572527171101,4.38997415898317,3.921307125355223,Low
REGION VI,ANTIQUE,BUGASONG,7341,0.4239204468056123,0.5635472006538619,0.0028606456885982836,33642,1,1,7,0,0,12,20.2,0.6,0.1,1127.8,0.7056940471325432,9,0.3566969859104691,4.582754393134451,5.941880238939661,4.810601611591603,4.0496086953900825,High
REGION VI,ANTIQUE,CALUYA,7978,0.4211581850087741,0.5574078716470293,0.01328653797944347,35496,0,1,6,0,0,3,20.2,0.6,0.1,1127.8,0.6998621208322888,7,0.08451656524678837,4.449235397342693,5.995387741307796,4.715145381310264,3.9316229514523116,High
REGION VI,ANTIQUE,CULASI,9472,0.5240709459459459,0.46568834459459457,0.003800675675675676,41228,1,1,16,0,1,2,20.2,0.6,0.1,1127.8,0.7569151182432432,19,0.04851072086931212,4.352618243243243,6.144739086093062,4.518031092498327,3.846245985156423,Low
REGION VI,ANTIQUE,HAMTIC,10501,0.4424340538996286,0.535377583087325,0.0023807256451766497,48592,0,1,11,0,0,46,20.2,0.6,0.1,1127.8,0.7101228454432911,12,0.9466578860717814,4.627368822016951,6.3087552749275515,4.786168852416059,4.089032797937036,High
REGION VI,ANTIQUE,LAUA AN,5944,0.40393674293405113,0.5783983849259757,0.01278600269179004,26072,0,1,7,0,0,15,20.2,0.6,0.1,1127.8,0.693135935397039,8,0.5753298557839828,4.386271870794078,5.687729377079465,4.610908331180032,3.875984437421169,Low
REGION VI,ANTIQUE,LIBERTAD,3633,0.5015139003578309,0.4962840627580512,0.0013762730525736307,16429,0,1,10,0,0,18,20.2,0.6,0.1,1127.8,0.7496559317368565,11,1.0956235924280235,4.5221579961464355,5.227901688709149,4.6318299172848265,3.9960619252381395,High
REGION VI,ANTIQUE,PANDAN,7760,0.577061855670103,0.4106958762886598,0.005154639175257732,34333,0,1,9,0,0,20,20.2,0.6,0.1,1127.8,0.782409793814433,10,0.582529927475024,4.424355670103092,5.962159068152384,4.5513170054934236,3.909637666812279,Low
REGION VI,ANTIQUE,PATNONGON,8540,0.40058548009367684,0.5933255269320843,0.00117096018735363,37176,0,1,5,0,0,1,20.2,0.6,0.1,1127.8,0.6972482435597189,6,0.02689907467183129,4.353161592505855,6.041518578926781,4.630755503702914,3.846726122582466,High
REGION VI,ANTIQUE,SAN JOSE,13488,0.5565688018979834,0.43142052194543296,0.004596678529062871,62534,2,1,18,0,1,55,20.2,0.6,0.1,1127.8,0.7722790628706999,22,0.8795215402820865,4.636269276393832,6.560600856427146,4.700057003024528,4.0968977966573545,High
REGION VI,ANTIQUE,SAN REMIGIO,6579,0.27192582459340325,0.722906216750266,0.0013679890560875513,31935,0,1,8,0,0,4,20.2,0.6,0.1,1127.8,0.6333789329685362,9,0.12525442304681386,4.854081167350661,5.889947953550808,5.175023197097542,4.289370020108728,High
REGION VI,ANTIQUE,SEBASTE,3983,0.5621390911373336,0.4250564900828521,0.009791614361034396,17907,0,1,6,0,4,1,20.2,0.6,0.1,1127.8,0.7746673361787597,11,0.05584408331937231,4.495857393924178,5.3136024275392915,4.673904737580519,3.972821066506367,High
REGION VI,ANTIQUE,SIBALOM,13186,0.4792203852570909,0.5155467920521766,0.0011375701501592599,60306,1,1,12,0,0,4,20.2,0.6,0.1,1127.8,0.7369937812831792,14,0.06632839186813916,4.573487031700288,6.524374325858303,4.776714303709747,4.041419474622909,High
REGION VI,ANTIQUE,TIBIAO,6233,0.4726455960211776,0.4829135247874218,0.04026953313011391,26748,0,1,6,0,0,1,20.2,0.6,0.1,1127.8,0.7141023584148884,7,0.03738597278301181,4.291352478742179,5.713241529737675,4.547226612256381,3.792107719962696,Low
REGION VI,ANTIQUE,TOBIAS FORNIER,6863,0.36529214629170914,0.6320850939822236,4.371266210112196e-4,33046,0,1,7,0,0,20,20.2,0.6,0.1,1127.8,0.6813346932828209,8,0.6052169702838468,4.8150954393122545,5.924052862386109,5.048872737179173,4.254919790025054,High
REGION VI,ANTIQUE,VALDERRAMA,4151,0.37075403517224764,0.6203324500120453,0.001445434834979523,19124,0,1,7,0,0,2,20.2,0.6,0.1,1127.8,0.6809202601782702,8,0.10458063166701527,4.6070826306914,5.379041411289518,4.8861799200537375,4.071106649219275,High
REGION VI,CAPIZ,CUARTERO,6428,0.4387056627255756,0.5563161169881767,0.003266957062850031,27408,0,1,19,0,0,1,20.2,0.6,0.1,1127.8,0.716863721219664,20,0.036485697606538234,4.263845675171126,5.737537251116483,4.4664580678203105,3.7678009862021864,Low
REGION VI,CAPIZ,DAO,7720,0.5409326424870466,0.4466321243523316,0.008160621761658032,32496,0,1,15,0,0,16,20.2,0.6,0.1,1127.8,0.7642487046632125,16,0.4923682914820286,4.209326424870467,5.90731459959417,4.339194101588801,3.719624363336589,Low
REGION VI,CAPIZ,DUMALAG,7028,0.4674160500853728,0.5229083665338645,0.004695503699487763,29466,0,1,16,0,0,7,20.2,0.6,0.1,1127.8,0.728870233352305,17,0.2375619357904025,4.192657939669892,5.809714257110075,4.376886372131204,3.7048950462454635,Low
REGION VI,CAPIZ,DUMARAO,10988,0.3811430651619949,0.6102111394248271,0.004550418638514743,46157,1,1,11,0,0,28,20.2,0.6,0.1,1127.8,0.6862486348744085,13,0.6066252139437138,4.2006734619585,6.257441020072497,4.4099884356472945,3.711978063569427,Low
REGION VI,CAPIZ,IVISAN,6622,0.5190274841437632,0.4571126547870734,0.015856236786469344,29055,0,1,15,0,0,57,20.2,0.6,0.1,1127.8,0.7475838115372999,16,1.9617965926690757,4.387647236484446,5.795710197974682,4.402205424665422,3.8771997966530307,Low
REGION VI,CAPIZ,JAMINDAN,8540,0.31475409836065577,0.673536299765808,0.006088992974238876,36677,0,1,25,0,0,30,20.2,0.6,0.1,1127.8,0.6515222482435598,26,0.8179513046323309,4.294730679156909,6.02803739477675,4.469187127556864,3.7950929093489645,Low
REGION VI,CAPIZ,MA AYON,9245,0.4449972958355868,0.5400757166035695,0.008436992969172526,38416,0,1,28,0,0,6,20.2,0.6,0.1,1127.8,0.7150351541373715,29,0.15618492294877137,4.155327203893997,6.074252467849066,4.314032692181455,3.6719072709394474,Low
REGION VI,CAPIZ,MAMBUSAO,9661,0.4905289307525101,0.48959735017078976,0.017389504192112618,39644,1,1,23,0,1,1,20.2,0.6,0.1,1127.8,0.735327605837905,26,0.025224498032489155,4.1035089535244795,6.10564675199207,4.265359290324535,3.626117420715166,Low
REGION VI,CAPIZ,PANAY,10938,0.4543792283781313,0.5295300786249771,0.010056683123057231,46114,0,1,19,0,0,66,20.2,0.6,0.1,1127.8,0.7191442676906199,20,1.4312356334301948,4.215944413969647,6.2565107696010225,4.291071488505852,3.725472432838675,Low
REGION VI,CAPIZ,PANITAN,9558,0.5868382506800586,0.38867964009206946,0.02186649926762921,40289,0,1,26,0,0,25,20.2,0.6,0.1,1127.8,0.7811780707260934,27,0.6205167663630272,4.215212387528772,6.1217499130210715,4.273862105755051,3.72482556844536,Low
REGION VI,CAPIZ,PILAR,10678,0.4287319722794531,0.5592807641880502,0.009552350627458326,45287,0,1,23,0,0,8,20.2,0.6,0.1,1127.8,0.7083723543734781,24,0.17665113608761895,4.241150028095149,6.2384492168869965,4.424152003579165,3.747745691533969,Low
REGION VI,CAPIZ,PONTEVEDRA,11150,0.50152466367713,0.4669058295964126,0.02466367713004484,46428,1,1,17,0,0,27,20.2,0.6,0.1,1127.8,0.7349775784753363,19,0.5815456190230034,4.163946188340807,6.263283932246635,4.303438792936553,3.6795235452075,Low
REGION VI,CAPIZ,PRESIDENT ROXAS,6883,0.5430771465930554,0.42888275461281417,0.018451256719453725,29676,0,1,17,0,2,7,20.2,0.6,0.1,1127.8,0.7575185238994625,20,0.23588084647526622,4.311492081941014,5.816794621775039,4.455550751753916,3.8099043342342123,Low
REGION VI,CAPIZ,ROXAS,37291,0.5616636721997265,0.415220830763455,0.014158912338097664,167003,5,1,47,0,1,1,20.2,0.6,0.1,1127.8,0.769274087581454,54,0.005987916384735603,4.478372797725993,7.5420166543262175,4.499198430520047,3.9573705826432928,Low
REGION VI,CAPIZ,SAPI AN,6106,0.37078283655420896,0.6130036030134294,0.01326564035375041,25821,0,1,10,0,0,4,20.2,0.6,0.1,1127.8,0.6772846380609236,11,0.15491266798342435,4.22879135276777,5.678088476263052,4.495360907145437,3.7368247922721114,Low
REGION VI,CAPIZ,SIGMA,7373,0.41719788417197884,0.5621863556218636,0.015326190153261901,30134,0,1,19,0,1,74,20.2,0.6,0.1,1127.8,0.6982910619829106,21,2.455697882790204,4.0870744608707446,5.83206483602172,4.087118568203857,3.6115948740880555,Low
REGION VI,CAPIZ,TAPAZ,12094,0.2616173309078882,0.7309409624607244,0.004051595832644287,51313,0,1,48,0,0,19,20.2,0.6,0.1,1127.8,0.6270878121382504,49,0.37027653810925104,4.242847693070944,6.3631439675176305,4.392481726657305,3.7492458545927048,Low
REGION VI,GUIMARAS,BUENAVISTA,12077,0.5690154839778091,0.42783803924815766,0.0015732383870166431,50437,0,1,26,0,0,2,20.2,0.6,0.1,1127.8,0.782934503601888,27,0.03965342903027539,4.176285501366233,6.345954810118238,4.2853661185688345,3.6904273347271324,Low
REGION VI,GUIMARAS,JORDAN,8304,0.45183044315992293,0.5384152215799615,0.004094412331406551,36096,1,1,14,0,0,1,20.2,0.6,0.1,1127.8,0.7210380539499037,16,0.027703900709219857,4.3468208092485545,6.012108389111287,4.561639185133407,3.841123009517359,Low
REGION VI,GUIMARAS,NUEVA VALENCIA,9157,0.41290815769356776,0.5758436169050999,0.008845691820465218,39810,0,1,22,0,0,18,20.2,0.6,0.1,1127.8,0.7008299661461177,23,0.452147701582517,4.347493720650868,6.109815976753448,4.517175075206085,3.841717636161571,Low
REGION VI,GUIMARAS,SAN LORENZO,5991,0.42063094641962945,0.5733600400600901,5.00751126690035e-4,26112,0,1,12,0,0,7,20.2,0.6,0.1,1127.8,0.7073109664496745,13,0.2680759803921569,4.358537806710065,5.68925722547134,4.577137323748521,3.851476882043253,Low
REGION VI,GUIMARAS,SIBUNAG,4968,0.3830515297906602,0.6000402576489533,0.004629629629629629,22158,0,1,13,0,0,19,20.2,0.6,0.1,1127.8,0.6830716586151369,14,0.8574781117429371,4.4601449275362315,5.525664191716784,4.646144597716418,3.941263295346927,High
REGION VI,ILOILO,AJUY,12162,0.43339911198815984,0.5450583785561586,0.017349120210491696,52268,0,1,31,0,0,19,20.2,0.6,0.1,1127.8,0.7059283012662392,32,0.3635111349200275,4.297648413089952,6.381552666319385,4.435199230956893,3.7976712017234777,Low
REGION VI,ILOILO,ALIMODIAN,8057,0.412808737743577,0.575152041702867,0.001241156758098548,38408,1,1,8,0,0,6,20.2,0.6,0.1,1127.8,0.7003847585950105,10,0.15621745469693815,4.767034876504902,6.074044678950054,5.014317779104836,4.212450467789159,High
REGION VI,ILOILO,ANILAO,6509,0.4100476263634967,0.5811952680903365,0.005223536641573206,28684,0,1,5,0,0,20,20.2,0.6,0.1,1127.8,0.7006452604086649,6,0.6972528238739367,4.406821324320172,5.782898414551577,4.620790685000203,3.8941432211014493,Low
REGION VI,ILOILO,BADIANGAN,5878,0.41833957128274923,0.5784280367471929,0.001701258931609391,27005,0,1,9,0,0,22,20.2,0.6,0.1,1127.8,0.7075535896563456,10,0.814663951120163,4.59424974481116,5.722772435226903,4.775196358135922,4.059766707823895,High
REGION VI,ILOILO,BALASAN,8083,0.4300383520969937,0.5256711616973896,0.04033156006433255,33088,1,1,6,0,0,17,20.2,0.6,0.1,1127.8,0.6928739329456886,8,0.5137814313346228,4.093529630087839,5.92531961638516,4.323979258999137,3.617299065748626,Low
REGION VI,ILOILO,BANATE,7664,0.44780793319415446,0.5404488517745303,0.00587160751565762,32532,0,1,7,0,0,1,20.2,0.6,0.1,1127.8,0.7180323590814196,8,0.03073896471166851,4.244780793319415,5.908418805672169,4.493450333356264,3.7509540629983302,Low
REGION VI,ILOILO,BAROTAC NUEVO,11935,0.5049853372434018,0.48529534981147887,0.002932551319648094,54146,1,1,10,0,0,1,20.2,0.6,0.1,1127.8,0.7476330121491412,12,0.018468584937022126,4.536740678676162,6.416793734872457,4.741398152385283,4.008948096502951,High
REGION VI,ILOILO,BAROTAC VIEJO,11076,0.3902130733116649,0.5928132899963886,0.011375947995666305,45808,1,1,24,1,0,2,20.2,0.6,0.1,1127.8,0.6866197183098592,27,0.04366049598323437,4.135789093535572,6.249865738194633,4.340815029168497,3.6546421733995267,Low
REGION VI,ILOILO,BATAD,5143,0.42757145634843474,0.5452070775811783,0.01633287964223216,21298,0,1,5,0,0,1,20.2,0.6,0.1,1127.8,0.7001749951390239,6,0.046952765517889,4.141162745479292,5.486239585313973,4.413973438942092,3.6593906686865294,Low
REGION VI,ILOILO,BINGAWAN,3429,0.3904928550597842,0.5984251968503937,0.007874015748031496,15199,0,1,5,0,0,1,20.2,0.6,0.1,1127.8,0.6897054534849811,6,0.06579380222383051,4.432487605715952,5.150517316218075,4.71404223375608,3.9168235542378684,High
REGION VI,ILOILO,CABATUAN,12689,0.4840412956103712,0.5135156434707226,4.728505004334463e-4,58442,1,1,11,0,0,2,20.2,0.6,0.1,1127.8,0.7407991173457324,13,0.0342219636562746,4.605721491055244,6.493024330253905,4.811914686867411,4.069903861019569,High
REGION VI,ILOILO,CALINOG,13069,0.36621011554059224,0.6207054862652077,0.007422144004897085,60413,1,1,15,0,0,9,20.2,0.6,0.1,1127.8,0.6765628586731961,17,0.14897455845596147,4.62261840997781,6.52614443946927,4.867181522664075,4.084835036449052,High
REGION VI,ILOILO,CARLES,15249,0.41897829365860056,0.5344612761492556,0.028067414256672567,68160,0,1,13,0,1,33,20.2,0.6,0.1,1127.8,0.6862089317332284,15,0.4841549295774648,4.4698012984458,6.646631524763546,4.682411338114149,3.9497962692413786,High
REGION VI,ILOILO,PASSI,19027,0.4411625584695433,0.5360277500394177,0.007620749461291848,80544,1,1,36,0,1,5,20.2,0.6,0.1,1127.8,0.7091764334892521,39,0.06207787048073103,4.233142376622694,6.813377608256043,4.3673213537437885,3.7406696293559287,Low
REGION VI,ILOILO,CONCEPCION,10044,0.41019514137793706,0.53952608522501,0.02618478693747511,43159,0,1,16,0,0,1,20.2,0.6,0.1,1127.8,0.67995818399044206,17,0.023170138325725807,4.296993229788929,6.19041645607527,4.549425414128586,3.797092240739474,Low
REGION VI,ILOILO,DINGLE,10365,0.497346840328027,0.4803666184273999,0.001447178002894356,45335,0,1,4,0,0,21,20.2,0.6,0.1,1127.8,0.737530149541727,5,0.46321826403441047,4.373854317414375,6.239506494715694,4.575893167134722,3.865011509826085,Low
REGION VI,ILOILO,DUEÑAS,7812,0.44610855094726065,0.5346902201740912,0.0017921146953405018,34242,0,1,10,0,0,41,20.2,0.6,0.1,1127.8,0.7134536610343063,11,1.1973599672916302,4.383256528417819,5.959511879606004,4.520067362176021,3.873319892115234,Low
REGION VI,ILOILO,DUMANGAS,15640,0.49251918158567776,0.47538363171355497,0.005370843989769821,69108,1,1,12,0,0,19,20.2,0.6,0.1,1127.8,0.7302109974424552,14,0.2749319905076113,4.418670076726343,6.660426329547546,4.609959919452478,3.9046135205452592,Low
REGION VI,ILOILO,ESTANCIA,11102,0.4588362457214916,0.5,0.03026481715006305,48546,0,1,8,0,0,0,20.2,0.6,0.1,1127.8,0.7088362457214916,9,0,4.372725635020717,6.307809893508332,4.6295007150356575,3.864014135399356,High
REGION VI,ILOILO,GUIMBAL,7446,0.5643298415256514,0.4254633360193392,0.0013430029546065002,33820,1,1,9,0,0,1,20.2,0.6,0.1,1127.8,0.7770615095353209,11,0.02956830277942046,4.5420359924791835,5.947143469179356,4.720112235038415,4.013627367304296,High
REGION VI,ILOILO,IGBARAS,7009,0.37837066628620347,0.6169211014410044,0,32004,0,1,7,0,0,1,20.2,0.6,0.1,1127.8,0.6868312170067057,8,0.03124609423822022,4.566129262376944,5.892100295649034,4.845952769451868,4.034917688999154,High
REGION VI,ILOILO,ILOILO,91487,0.6806322209712855,0.30138708231770633,0.008493009935837879,447992,10,9,70,0,5,5,20.2,0.6,0.1,1127.8,0.8313257621301386,94,0.011160913587742639,4.896783149518511,8.528447566683278,4.699549162226018,4.327104165005601,High
REGION VI,ILOILO,JANIUAY,13792,0.39116879350348027,0.6023781902552204,6.525522041763341e-4,63905,1,1,16,0,1,6,20.2,0.6,0.1,1127.8,0.6923578886310905,19,0.09388936702918395,4.633483178654292,6.582257694952062,4.8594217426156305,4.0944358262648,High
REGION VI,ILOILO,LAMBUNAO,15692,0.3710808055059903,0.6190415498343105,0.0017843487127198571,73640,1,1,15,0,0,4,20.2,0.6,0.1,1127.8,0.6806015804231456,17,0.054318305268875614,4.692837114453225,6.723865372971247,4.94188196041474,4.146884679923001,High
REGION VI,ILOILO,LEGANES,7018,0.48318609290396125,0.5066970646907951,0.0017098888572242804,32480,0,1,4,0,0,27,20.2,0.6,0.1,1127.8,0.7365346252493588,5,0.8312807881773399,4.628099173553719,5.906823449694033,4.798046120540358,4.0896781822802195,High
REGION VI,ILOILO,LEMERY,7773,0.3494146404219735,0.6046571465328702,0.03820918564260903,30851,0,1,5,0,0,2,20.2,0.6,0.1,1127.8,0.6517432136884086,6,0.06482772033321449,3.968995239933102,5.855511753829076,4.288669366995002,3.5072526818531125,Low
REGION VI,ILOILO,LEON,10739,0.40273768507309804,0.5895334761150945,0.0013967780985194153,49875,0,1,9,0,0,1,20.2,0.6,0.1,1127.8,0.6975044231306453,10,0.020050125313283207,4.644287177577056,6.334769414836658,4.906705107501339,4.103982916121537,High
REGION VI,ILOILO,MAASIN,7357,0.3879298627157809,0.6077205382628789,2.718499388337638e-4,36922,0,1,12,0,0,3,20.2,0.6,0.1,1127.8,0.6917901318472204,13,0.0812523698607876,5.0186217208101125,6.034679125116291,5.26955446315958,4.434768354575862,High
REGION VI,ILOILO,MIAGAO,14039,0.48322530094736094,0.5100790654605029,0.002136904337915806,67565,0,1,18,0,0,18,20.2,0.6,0.1,1127.8,0.7382648336776123,19,0.2664101235846962,4.812664719709381,6.637875173709351,4.977208531458107,4.252771854003304,High
REGION VI,ILOILO,MINA,4981,0.46837984340493877,0.5255972696245734,0.0014053402931138326,23546,0,1,8,0,0,4,20.2,0.6,0.1,1127.8,0.7311784782172255,9,0.16988023443472353,4.7271632202369,5.586186708963703,4.946267670791816,4.177217376056291,High
REGION VI,ILOILO,NEW LUCENA,5001,0.47950409918016396,0.5112977404519096,0,23240,0,1,7,0,0,8,20.2,0.6,0.1,1127.8,0.7351529694061187,8,0.34423407917383825,4.647070585882823,5.573155051902848,4.8504323017557605,4.106442509962032,High
REGION VI,ILOILO,OTON,20203,0.5641736375785774,0.42602583774686925,0.004454783942978766,89115,0,1,16,0,0,4,20.2,0.6,0.1,1127.8,0.7771865564520121,17,0.04488582169107333,4.410978567539474,6.914395955799293,4.564304582502199,3.897816821483559,Low
REGION VI,ILOILO,PAVIA,12703,0.7199874045501062,0.25647484846099344,0.0033850271589388335,55603,0,1,13,0,0,3,20.2,0.6,0.1,1127.8,0.8482248287806029,14,0.053953923349459566,4.377155002755255,6.443303975010643,4.470254419589467,3.8679282020400945,Low
REGION VI,ILOILO,POTOTAN,15941,0.530330594065617,0.4516655165924346,0.014553666645756226,75070,1,1,16,0,2,7,20.2,0.6,0.1,1127.8,0.7561633523618343,20,0.09324630345011323,4.709240323693621,6.743075133385454,4.867556205939803,4.161379582567516,High
REGION VI,ILOILO,SAN DIONISIO,8961,0.39247851802254213,0.5407878584979355,0.059479968753487336,38775,0,1,6,0,0,4,20.2,0.6,0.1,1127.8,0.66287244727151,7,0.1031592520954223,4.327084030800134,6.083532829911018,4.628318280960161,3.8236823564150564,High
REGION VI,ILOILO,SAN ENRIQUE,7618,0.4656077710685219,0.5208716198477291,0.005775794171698608,33911,0,1,6,0,0,33,20.2,0.6,0.1,1127.8,0.7260435809923864,7,0.9731355607325056,4.451430821737989,5.949823558449399,4.611351626911226,3.933562965897463,Low
REGION VI,ILOILO,SAN JOAQUIN,11079,0.3817131510064085,0.6070945031139995,0.0018052170773535518,51892,0,1,15,0,0,3,20.2,0.6,0.1,1127.8,0.6852604025634083,16,0.05781237955754259,4.6838162289015255,6.3743452363229816,4.931744563067818,4.138913260676748,High
REGION VI,ILOILO,SAN MIGUEL,6028,0.5082946250829462,0.4852355673523557,0.0016589250165892503,27686,0,1,3,0,0,1,20.2,0.6,0.1,1127.8,0.750912408759124,4,0.03611933829372246,4.592899800928998,5.74759681962684,4.823754222534518,4.058573812893352,High
REGION VI,ILOILO,SAN RAFAEL,3826,0.3878724516466283,0.5747516989022478,0.007318348144276007,16532,0,1,5,0,0,1,20.2,0.6,0.1,1127.8,0.6752483010977521,6,0.06048874909266876,4.320961840041819,5.234118094525643,4.617458405221408,3.818272405367527,Low
REGION VI,ILOILO,SANTA BARBARA,13518,0.5200473442816985,0.46848646249445186,0.0031069684864624943,60215,1,1,15,0,0,3,20.2,0.6,0.1,1127.8,0.7542905755289244,17,0.049821473054886656,4.454431128865217,6.522866432661333,4.630170721554878,3.9362142251160384,High
REGION VI,ILOILO,SARA,13122,0.46921201036427373,0.46654473403444596,0.060128029263831734,52631,1,1,10,0,0,6,20.2,0.6,0.1,1127.8,0.7024843773814967,12,0.11400125401379416,4.010897729004725,6.388461963626656,4.252121614120287,3.544280344596101,Low
REGION VI,ILOILO,TIGBAUAN,13304,0.4896271797955502,0.5026307877330126,0.003307276007215875,62706,0,1,14,0,0,4,20.2,0.6,0.1,1127.8,0.7409425736620565,15,0.06378974898733773,4.713319302465424,6.563343703048149,4.908938613368974,4.164984023583894,High
REGION VI,ILOILO,TUBUNGAN,4840,0.38078512396694214,0.6115702479338843,6.198347107438017e-4,22449,0,1,10,0,0,9,20.2,0.6,0.1,1127.8,0.6865702479338842,11,0.40090872644661235,4.638223140495867,5.538660021675607,4.873401263118372,4.098624353303958,High
REGION VI,ILOILO,ZARRAGA,5848,0.5523255813953488,0.4396374829001368,0.003590971272229822,25605,0,1,4,0,0,7,20.2,0.6,0.1,1127.8,0.7721443228454172,5,0.2733841046670572,4.378419972640219,5.669716857798425,4.562835883434428,3.869046008626725,Low
REGION VII,BOHOL,ALBURQUERQUE,2395,0.5887265135699373,0.40375782881002087,8.350730688935282e-4,10540,0,1,3,0,0,31,87.5,1.3,0.1,494,0.7906054279749477,4,2.941176470588235,4.400835073068894,3.974343318159539,4.330928096965489,4.780759813977878,Low
REGION VII,BOHOL,ALICIA,5095,0.5069676153091266,0.48753680078508344,0.002944062806673209,23517,0,1,5,0,0,19,87.5,1.3,0.1,494,0.7507360157016683,6,0.8079261810605094,4.615701668302257,4.766465720443232,4.769539518245351,5.014175874067033,High
REGION VII,BOHOL,ANDA,3755,0.6085219707057257,0.37123834886817575,0.01544607190412783,16462,0,1,14,0,0,7,87.5,1.3,0.1,494,0.7941411451398135,15,0.42522172275543674,4.3840213049267645,4.4134374587278815,4.493768357054778,4.762494510752283,Low
REGION VII,BOHOL,ANTEQUERA,3478,0.5848188614146062,0.37722829212190917,2.875215641173088e-4,14425,0,1,5,0,0,2,87.5,1.3,0.1,494,0.7734330074755608,6,0.13864818024263434,4.14749856239218,4.283054696307287,4.338696142639213,4.505552724971465,Low
REGION VII,BOHOL,BACLAYON,4358,0.6571821936668196,0.33731069297843047,0.0011473152822395595,20591,0,1,5,0,0,10,87.5,1.3,0.1,494,0.8258375401560348,6,0.48564906998203095,4.7248737953189535,4.634804849429772,4.8325393166378205,5.1327728469101785,High
REGION VII,BOHOL,BALILIHAN,4080,0.6026960784313725,0.38848039215686275,0.004656862745098039,17903,0,1,5,0,0,23,87.5,1.3,0.1,494,0.7969362745098039,6,1.2847008881193096,4.387990196078431,4.496375580587983,4.452783632177132,4.76680603686242,Low
REGION VII,BOHOL,BATUAN,2848,0.5610955056179775,0.43644662921348315,0.0024578651685393258,12767,0,1,4,0,0,51,87.5,1.3,0.1,494,0.7793188202247191,5,3.9946737683089215,4.482794943820225,4.16274620563484,4.325692170959359,4.869795292458907,Low
REGION VII,BOHOL,BIEN UNIDO,5604,0.5271234832262669,0.45663811563169165,0.009814418272662384,27115,0,1,15,0,0,1,87.5,1.3,0.1,494,0.7554425410421127,16,0.03687995574405311,4.838508208422556,4.9076993183461886,5.017987593113247,5.256217335656225,High
REGION VII,BOHOL,BILAR,3758,0.5718467269824374,0.4228312932410857,7.982969664715274e-4,17590,0,1,5,0,0,1,87.5,1.3,0.1,494,0.7832623736029802,6,0.05685048322910744,4.680681213411389,4.478936216570688,4.869414925366283,5.084765112888853,High
REGION VII,BOHOL,BUENAVISTA,5868,0.4238241308793456,0.5715746421267893,0.003237900477164281,27261,0,1,7,0,0,2,87.5,1.3,0.1,494,0.7096114519427403,8,0.07336488023183302,4.645705521472393,4.913029771340015,4.898868374224473,5.0467699643064226,High
REGION VII,BOHOL,CALAPE,7396,0.5292049756625202,0.4649810708491076,0.0031097890751757705,30863,1,1,6,0,0,4,87.5,1.3,0.1,494,0.761695511087074,8,0.12960502867511262,4.172931314223905,5.036272514063106,4.368971739163202,4.533181090019737,Low
REGION VII,BOHOL,CANDIJAY,6762,0.5825199645075422,0.4139307897071872,7.394262052647146e-4,29475,0,1,16,0,0,2,87.5,1.3,0.1,494,0.7894853593611357,17,0.06785411365564038,4.358917480035492,4.990562850402905,4.49768962236426,4.735223468955745,Low
REGION VII,BOHOL,CARMEN,10264,0.5151013250194856,0.47915042868277474,0.0017537022603273578,46306,0,1,25,0,0,4,87.5,1.3,0.1,494,0.754676539360873,26,0.0863818943549432,4.511496492595479,5.4398165989605705,4.64843902241083,4.9009746501729365,High
REGION VII,BOHOL,CATIGBIAN,5117,0.5673246042603087,0.42974399061950364,0.0027359781121751026,22675,1,1,13,0,0,2,87.5,1.3,0.1,494,0.7821965995700606,15,0.08820286659316427,4.431307406683604,4.730321122985252,4.5832969492478055,4.813862828647714,Low
REGION VII,BOHOL,CLARIN,4600,0.4469565217391304,0.5256521739130435,0.025434782608695652,20301,0,1,4,0,0,10,87.5,1.3,0.1,494,0.7097826086956522,5,0.49258657209004486,4.413260869565217,4.620759577509394,4.640247940298999,4.794258331318329,High
REGION VII,BOHOL,CORELLA,1900,0.6031578947368421,0.3815789473684211,0.0015789473684210526,8479,0,1,7,0,0,9,87.5,1.3,0.1,494,0.7939473684210526,8,1.0614459252270316,4.462631578947368,3.761315597397387,4.54260791015126,4.847891221322811,Low
REGION VII,BOHOL,CORTES,3611,0.6532816394350596,0.32262531154804763,0.01883134865688175,16954,0,1,3,0,0,14,87.5,1.3,0.1,494,0.8145942952090834,4,0.8257638315441783,4.695098310717253,4.442534967376059,4.791225664322862,5.100426840331417,High
REGION VII,BOHOL,DAGOHOY,4170,0.5249400479616307,0.47002398081534774,0.003117505995203837,19158,0,1,15,0,0,1,87.5,1.3,0.1,494,0.7599520383693046,16,0.052197515398267044,4.594244604316547,4.563397030924699,4.7678044553658525,4.990866418582872,High
REGION VII,BOHOL,DANAO,3892,0.4578622816032888,0.5331449126413155,0.0025693730729701952,17890,0,1,3,0,0,28,87.5,1.3,0.1,494,0.7244347379239465,4,1.5651201788708777,4.596608427543679,4.49565728331394,4.716502143745904,4.993434311017828,High
REGION VII,BOHOL,DAUIS,9806,0.6626555170303896,0.32745258005302874,0.005608810932082399,45663,0,1,12,0,0,59,87.5,1.3,0.1,494,0.826381807056904,13,1.2920745461314411,4.656638792575974,5.42589451403535,4.664180096492481,5.058647106316854,High
REGION VII,BOHOL,DIMIAO,3219,0.6520658589624106,0.3445169307238273,0.0015532774153463808,14364,0,1,7,0,0,27,87.5,1.3,0.1,494,0.8243243243243243,8,1.8796992481203008,4.462255358807083,4.27887556527993,4.438422575184465,4.847482522042328,Low
REGION VII,BOHOL,DUERO,4000,0.62825,0.36925,0.002,17876,0,0,6,1,0,68,87.5,1.3,0.1,494,0.812875,7,3.80398299395838,4.469,4.494883154957093,4.287717302248193,4.854809429104154,Low
REGION VII,BOHOL,GARCIA HERNANDEZ,4967,0.6746527078719549,0.3217233742701832,2.0132876988121604e-4,24194,0,1,30,0,0,66,87.5,1.3,0.1,494,0.8355143950070465,31,2.727949078283872,4.87094825850614,4.794608657359268,4.670305038076049,5.2914579400479,High
REGION VII,BOHOL,GETAFE,6423,0.4094659816285225,0.5679588977113499,0.018994239451969486,30955,0,1,24,0,0,1,87.5,1.3,0.1,494,0.6934454304841975,25,0.032304958811177516,4.819399034718979,5.039229683220868,5.026280089126193,5.235458464168529,High
REGION VII,BOHOL,GUINDULMAN,7218,0.6334164588528678,0.36353560543086727,0.0013854253255749516,32408,1,1,18,0,0,23,87.5,1.3,0.1,494,0.8151842615683014,20,0.7097013083189336,4.489886395123303,5.08480993831306,4.533654291206263,4.877498949798853,Low
REGION VII,BOHOL,INABANGA,9786,0.4525853259758839,0.535561005518087,0.00797057020232986,45880,0,1,12,0,0,3,87.5,1.3,0.1,494,0.7203658287349275,13,0.06538796861377506,4.688330267729409,5.430614647970498,4.912051622389424,5.093074511194257,High
REGION VII,BOHOL,JAGNA,7485,0.6871075484301937,0.30741482965931866,0.0029392117568470275,33892,2,2,32,0,0,15,87.5,1.3,0.1,494,0.840814963259853,36,0.44258232031157796,4.527989311957247,5.129312554999226,4.507862988427802,4.918891297062626,Low
REGION VII,BOHOL,LILA,2082,0.7050912584053795,0.29442843419788667,4.803073967339097e-4,12257,0,1,5,0,0,2,87.5,1.3,0.1,494,0.8523054755043228,6,0.16317206494248185,5.887127761767531,4.1226271135085435,5.997234443523896,6.395364369695647,High
REGION VII,BOHOL,LOAY,3562,0.5606400898371702,0.4300954519932622,0.007018528916339135,16691,0,1,4,0,0,52,87.5,1.3,0.1,494,0.7756878158338013,5,3.1154514408962912,4.685850645704661,4.4270862059698235,4.61136459791986,5.090380823034409,Low
REGION VII,BOHOL,LOBOC,3475,0.6351079136690647,0.35942446043165466,5.755395683453237e-4,15993,0,1,6,0,0,8,87.5,1.3,0.1,494,0.8148201438848921,7,0.5002188457450135,4.602302158273381,4.384889059025632,4.715760582964697,4.999619582361157,High
REGION VII,BOHOL,LOON,9924,0.5299274486094316,0.46080209592906085,0.006247480854494156,43034,0,2,13,0,0,1,87.5,1.3,0.1,494,0.7603284965739621,15,0.02323744016359158,4.336356307940346,5.36686550715687,4.516111881671817,4.7107145875462235,Low
REGION VII,BOHOL,MABINI,6240,0.4355769230769231,0.5564102564102564,0.004807692307692308,27171,0,1,14,0,0,1,87.5,1.3,0.1,494,0.7137820512820513,15,0.03680394538294505,4.354326923076923,4.909747236146504,4.579364879076319,4.73023660853791,Low
REGION VII,BOHOL,MARIBOJOC,4723,0.5788693626932034,0.41012068600465806,0.008045733643870422,20688,0,1,14,0,0,11,87.5,1.3,0.1,494,0.7839297056955324,15,0.5317092034029389,4.3802667795892445,4.639459065309401,4.49068467724463,4.758415856688644,Low
REGION VII,BOHOL,PANGLAO,7006,0.6133314302026834,0.3795318298601199,0.001855552383671139,33553,0,1,5,0,0,30,87.5,1.3,0.1,494,0.8030973451327434,6,0.8941078294042262,4.7891807022552095,5.119319651666205,4.882952894110065,5.202631378606455,High
REGION VII,BOHOL,PILAR,5961,0.552759604093273,0.44371749706425095,8.387854386847844e-4,27256,0,1,10,0,0,9,87.5,1.3,0.1,494,0.7746183526253985,11,0.3302025242148518,4.572387183358497,4.912847690677396,4.72580444889759,4.967122043249903,High
REGION VII,BOHOL,PRES. CARLOS P. GARCIA,5145,0.4948493683187561,0.4971817298347911,0.004275996112730806,23356,0,1,21,0,0,33,87.5,1.3,0.1,494,0.7434402332361516,22,1.412913170063367,4.53955296404276,4.759654730076474,4.584097750205303,4.93145324093813,Low
REGION VII,BOHOL,SAGBAYAN,5149,0.5292289765002913,0.4608661876092445,0.006991648863857059,22339,0,1,4,0,0,1,87.5,1.3,0.1,494,0.7596620703049136,5,0.044764761179999106,4.338512332491746,4.715524864030561,4.555846425435384,4.713056742015123,Low
REGION VII,BOHOL,SAN ISIDRO,2194,0.581130355515041,0.41750227894257064,4.5578851412944393e-4,8744,0,1,5,0,0,4,87.5,1.3,0.1,494,0.7898814949863263,6,0.4574565416285453,3.9854147675478577,3.7913858606745294,4.1314838454120215,4.3294762122135335,Low
REGION VII,BOHOL,SAN MIGUEL,5393,0.5316150565547932,0.46170962358613016,0.005933617652512517,24135,0,1,18,0,0,2,87.5,1.3,0.1,494,0.7624698683478583,19,0.08286720530350113,4.475245688855924,4.792187284783122,4.631883120389212,4.8615943092001475,High
REGION VII,BOHOL,SEVILLA,2238,0.5857908847184986,0.4119749776586238,0,10661,0,1,3,0,0,10,87.5,1.3,0.1,494,0.7917783735478106,4,0.9379983116030391,4.763628239499553,3.9855446943228485,4.872446505636757,5.174872967972534,High
REGION VII,BOHOL,SIERRA BULLONES,5408,0.6127958579881657,0.3798076923076923,0.006656804733727811,24745,0,1,11,0,0,2,87.5,1.3,0.1,494,0.8026997041420119,12,0.08082440897150939,4.575628698224852,4.816943176800282,4.719459578649189,4.970643398572741,High
REGION VII,BOHOL,SIKATUNA,1515,0.638943894389439,0.36105610561056106,0,6726,0,1,3,0,0,29,87.5,1.3,0.1,494,0.8194719471947195,4,4.311626523936962,4.43960396039604,3.5357458735324987,4.217712207333491,4.822875625065751,Low
REGION VII,BOHOL,TAGBILARAN,21423,0.7536292769453391,0.23390748261214583,0.003080801008262148,105051,9,1,17,0,0,22,87.5,1.3,0.1,494,0.870583018251412,27,0.20942209022284414,4.903654950287074,6.256560948963679,4.909831898735287,5.326988205353983,High
REGION VII,BOHOL,TALIBON,14272,0.5432315022421524,0.44506726457399104,0.005745515695067265,66969,1,1,25,0,0,9,87.5,1.3,0.1,494,0.765765134529148,27,0.134390538906061,4.692334641255606,5.80743481020474,4.810022831197451,5.097424582877551,High
REGION VII,BOHOL,TRINIDAD,6849,0.5622718645057673,0.43188786684187475,0.0036501679077237553,31956,0,1,20,0,0,20,87.5,1.3,0.1,494,0.7782157979267046,21,0.625860558267618,4.665790626368813,5.070852140234469,4.750163927477231,5.0685890192707745,High
REGION VII,BOHOL,TUBIGON,10265,0.5303458353628836,0.45406721870433514,0.009254749147588894,45893,0,2,12,0,0,5,87.5,1.3,0.1,494,0.7573794447150511,14,0.10894907720131611,4.470823185582075,5.43089671487217,4.649727860579808,4.85679001056642,High
REGION VII,BOHOL,UBAY,16509,0.5218971470107214,0.47259070809861287,0.0031497970803803987,73712,1,2,42,0,0,3,87.5,1.3,0.1,494,0.7581925010600279,45,0.04069893640112872,4.464958507480768,5.903095652744816,4.5286040381514185,4.850419033939683,Low
REGION VII,BOHOL,VALENCIA,5580,0.6396057347670251,0.3589605734767025,0.001075268817204301,27126,2,1,35,0,0,4,87.5,1.3,0.1,494,0.8190860215053763,38,0.1474600014746,4.861290322580645,4.9081019190484,4.881592421965466,5.28096623308957,High
REGION VII,CEBU,ALCANTARA,3416,0.474824355971897,0.5023419203747073,0.01405152224824356,15160,0,1,9,0,0,0,87.5,1.3,0.1,494,0.7259953161592506,10,0,4.437939110070258,4.3320829554617095,4.6734664963699775,4.821067047965806,High
REGION VII,CEBU,ALCOY,3383,0.4490097546556311,0.5341412947088383,0.01182382500738989,16979,0,1,8,0,0,22,87.5,1.3,0.1,494,0.7160804020100502,9,1.2957182401790448,5.018918120011824,4.443991134922755,5.151899616021026,5.452202061520496,High
REGION VII,CEBU,ALEGRIA,4969,0.3572147313342725,0.6268866975246529,0.012879855101630106,23300,0,1,10,0,0,14,87.5,1.3,0.1,494,0.6706580800965989,11,0.6008583690987125,4.689072247937211,4.757274773996412,4.922127757206875,5.093880546662828,High
REGION VII,CEBU,ALOGUINSAN,6886,0.5106012198663956,0.4696485623003195,0.015829218704618064,32100,0,1,15,0,0,0,87.5,1.3,0.1,494,0.7454255010165554,16,0,4.661632297415045,5.075320054540338,4.854457519065422,5.064071701165142,High
REGION VII,CEBU,ARGAO,16504,0.5476854095976733,0.44007513330101794,0.007028599127484246,72366,2,2,40,0,0,0,87.5,1.3,0.1,494,0.7677229762481823,44,0,4.384755210857974,5.88471741498618,4.446414480670356,4.763291774890773,Low
REGION VII,CEBU,ASTURIAS,10211,0.4475565566545882,0.539026540005876,0.008520223288610322,47857,0,1,27,0,0,16,87.5,1.3,0.1,494,0.7170698266575262,28,0.33432935620703347,4.686808343942807,5.472621780093627,4.831311639383839,5.091421199502699,High
REGION VII,CEBU,BADIAN,8200,0.4848780487804878,0.5025609756097561,0.006951219512195122,37912,0,1,10,0,0,3,87.5,1.3,0.1,494,0.7361585365853658,11,0.07913061827389745,4.623414634146341,5.240773250099105,4.837872227989698,5.022554701389973,High
REGION VII,CEBU,BALAMBAN,19575,0.5039080459770114,0.4826564495530013,0.007049808429118774,87177,2,3,28,0,0,2,87.5,1.3,0.1,494,0.7452362707535121,33,0.022941830987531116,4.453486590038314,6.07044867468326,4.578392384827155,4.837956744172502,Low
REGION VII,CEBU,BANTAYAN,18354,0.5108423231993026,0.4377792306854092,0.04707420725727362,79084,0,2,25,0,0,0,87.5,1.3,0.1,494,0.7297319385420071,27,0,4.308815517053503,5.973255096831056,4.474622538262425,4.680796196120304,Low
REGION VII,CEBU,BARILI,15679,0.43535939792078576,0.544294916767651,0.016518910644811532,73862,0,2,15,0,0,1,87.5,1.3,0.1,494,0.7075068563046112,17,0.013538761474100349,4.710887173926909,5.905122985741773,4.936607110351748,5.117578758430562,High
REGION VII,CEBU,BOLJOON,3353,0.35908141962421714,0.6251118401431554,0.007754249925439905,16344,0,1,10,0,0,4,87.5,1.3,0.1,494,0.6716373396957949,11,0.2447381302006853,4.874440799284223,4.406331074373928,5.138463626524599,5.295251992386447,High
REGION VII,CEBU,BORBON,8301,0.49981929887965304,0.47319600048186966,0.015660763763402,35526,0,1,17,0,0,30,87.5,1.3,0.1,494,0.7364172991205878,18,0.8444519506840061,4.279725334297073,5.176126026078143,4.397950032964256,4.6491946535961866,Low
REGION VII,CEBU,CARMEN,11207,0.5838315338627643,0.38984563219416435,0.01945212813420184,51325,0,1,10,0,0,0,87.5,1.3,0.1,494,0.7787543499598465,11,0,4.579726956366557,5.5422984996043425,4.758725279836437,4.975095459944244,High
REGION VII,CEBU,CATMON,6932,0.5640507789959608,0.42599538372763995,0.004327755337564916,30471,0,1,19,0,0,7,87.5,1.3,0.1,494,0.7770484708597808,20,0.22972662531587412,4.395701096364686,5.023573460550193,4.520703182011092,4.775182620307619,Low
REGION VII,CEBU,CEBU,204409,0.685640064772099,0.3015669564451663,0.006868582107441453,922611,15,6,77,0,0,28,87.5,1.3,0.1,494,0.8364235429946822,98,0.030348651815337125,4.513553708496201,8.427621789958463,4.293924484760792,4.903209465825773,Low
REGION VII,CEBU,BOGO,19217,0.5342665348389447,0.42238642868293697,0.03585367122859968,78120,1,4,19,0,0,21,87.5,1.3,0.1,494,0.7454597491804131,24,0.26881720430107525,4.06515064786387,5.961022040514741,4.202760436008028,4.4160957028369605,Low
REGION VII,CEBU,CARCAR,26585,0.6305435395899943,0.35433515140116606,0.006582659394395336,119664,2,2,21,0,0,1,87.5,1.3,0.1,494,0.8077111152905774,25,0.008356732183446985,4.501184878690991,6.386568590956894,4.5960856724380035,4.88977283311928,Low
REGION VII,CEBU,NAGA,26011,0.633424320479797,0.3517742493560417,0.005920572065664527,115750,1,1,28,0,0,1,87.5,1.3,0.1,494,0.8093114451578178,30,0.008639308855291577,4.450040367536811,6.353370410899041,4.523856881649079,4.834213008774183,Low
REGION VII,CEBU,TALISAY,49871,0.695494375488761,0.2897876521425277,0.008381624591445931,227645,2,3,22,0,0,33,87.5,1.3,0.1,494,0.8403882015600249,27,0.1449625513409036,4.564676866315093,7.028869054892956,4.606914704349343,4.958746093398997,Low
REGION VII,CEBU,COMPOSTELA,10689,0.6430910281597905,0.33529796987557303,0.005800355505660024,47898,0,1,15,0,0,4,87.5,1.3,0.1,494,0.810740013097577,16,0.08351079377009478,4.481055290485546,5.473474536972467,4.601106059751948,4.867905454595275,Low
REGION VII,CEBU,CONSOLACION,30102,0.7081589263171882,0.2760613912696831,0.005913228356919806,131528,1,1,21,0,0,15,87.5,1.3,0.1,494,0.8461896219520297,23,0.11404415789793809,4.369410670387349,6.480948619401184,4.424133150159,4.746622537978252,Low
REGION VII,CEBU,CORDOVA,13167,0.6470722260195945,0.32999164578111945,0.00911369332421964,59712,0,1,13,0,0,5,87.5,1.3,0.1,494,0.8120680489101542,14,0.0837352625937835,4.534973798131693,5.693103146415662,4.661480437005824,4.926478754958609,High
REGION VII,CEBU,DAANBANTAYAN,19732,0.5220454084735455,0.4425805797689033,0.030559497263328603,84430,0,2,19,0,0,30,87.5,1.3,0.1,494,0.7433356983579972,21,0.3553239369892218,4.278836407865397,6.038506088088523,4.422482338469591,4.648228986014562,Low
REGION VII,CEBU,DALAGUETE,14266,0.5352586569465863,0.4406981634655825,0.01619234543670265,67497,2,2,33,0,0,17,87.5,1.3,0.1,494,0.7556077386793775,37,0.25186304576499696,4.731319220524323,5.8152646287924314,4.809705368039423,5.139774706624122,High
REGION VII,CEBU,DANAO CITY,31111,0.6650702323936871,0.31779756356272704,0.010189322104721803,136471,2,1,34,0,0,55,87.5,1.3,0.1,494,0.8239690141750506,37,0.40301602538268205,4.386583523512584,6.5177854968168365,4.383104229546352,4.765277926046502,Low
REGION VII,CEBU,DUMANJUG,10912,0.4717741935483871,0.5091642228739003,0.012005131964809384,51210,0,1,37,0,0,12,87.5,1.3,0.1,494,0.7263563049853372,38,0.23432923257176333,4.6929985337243405,5.540064159516272,4.798292182866366,5.098145789281024,High
REGION VII,CEBU,GINATILAN,3366,0.39334521687462864,0.5989304812834224,0.00267379679144385,15919,0,1,4,0,0,26,87.5,1.3,0.1,494,0.6928104575163399,5,1.6332684213832527,4.729352346999406,4.380309235788286,4.870847649063162,5.1376380326177165,High
REGION VII,CEBU,LAPU LAPU,98907,0.6937324961832833,0.295540254987008,0.0048126017369852486,408112,3,1,36,0,0,0,87.5,1.3,0.1,494,0.8415026236767873,40,0,4.126219580009504,7.612231467306106,4.129836156133144,4.482436724901392,Low
REGION VII,CEBU,LILOAN,27722,0.6858091046822019,0.3023230647139456,0.004509054180795036,118753,0,1,17,0,0,1,87.5,1.3,0.1,494,0.8369706370391747,18,0.008420839894571085,4.283709689055624,6.378939399981092,4.376581794974642,4.65352297828867,Low
REGION VII,CEBU,MADRIDEJOS,8063,0.5868783331266278,0.38174376782835173,0.0267890363388317,36429,0,1,14,0,0,0,87.5,1.3,0.1,494,0.7777502170408037,15,0,4.5180453925337964,5.201086306033065,4.682449525368733,4.908088917608784,High
REGION VII,CEBU,MALABUYOC,3747,0.28182546036829464,0.7050974112623432,0.0026688017080330933,19373,0,1,13,0,0,19,87.5,1.3,0.1,494,0.6343741659994662,14,0.9807463996283486,5.170269548972511,4.574441272032769,5.393801379156594,5.6166196816652105,High
REGION VII,CEBU,MANDAUE,92557,0.5781194291085493,0.40482081312056356,0.008427239430837214,362654,9,1,27,0,0,29,87.5,1.3,0.1,494,0.780529835668831,37,0.07996602822525052,3.9181693442959475,7.494200998552129,3.9872386419754897,4.25642548165469,Low
REGION VII,CEBU,MEDELLIN,12669,0.5229299865814192,0.4491277922487963,0.02502170652774489,55332,1,1,19,0,0,6,87.5,1.3,0.1,494,0.7474938827058173,21,0.10843634786380395,4.367511247928014,5.617188203393154,4.529128806079512,4.744559138097868,Low
REGION VII,CEBU,MINGLANILLA,30127,0.7666876887841471,0.2167822883128091,0.006771334683174561,132135,0,2,18,0,0,2,87.5,1.3,0.1,494,0.8750788329405517,20,0.015136035115601468,4.385932884123876,6.4855459505794695,4.432322289980771,4.764571116863408,Low
REGION VII,CEBU,MOALBOAL,7226,0.5816495986714642,0.4078328259064489,0.008026570716855799,31130,0,1,15,0,0,19,87.5,1.3,0.1,494,0.7855660116246886,16,0.610343719884356,4.308054248546914,5.0448307092565,4.405923489208704,4.679969207191266,Low
REGION VII,CEBU,OSLOB,5978,0.46604215456674475,0.5210772833723654,0.005352960856473737,27893,0,1,21,0,0,17,87.5,1.3,0.1,494,0.7265807962529274,22,0.609471910515183,4.665941786550686,4.935781868776735,4.799517327758098,5.068753229133442,High
REGION VII,CEBU,PILAR,2987,0.5035152326749247,0.4686976899899565,0.023769668563776363,11308,0,1,11,0,0,1,87.5,1.3,0.1,494,0.7378640776699029,12,0.08843296781039972,3.785738198861734,4.043399137145566,3.993644058448779,4.11256153590372,Low
REGION VII,CEBU,PINAMUNGAHAN,13824,0.5731336805555556,0.4191261574074074,0.005497685185185185,65955,0,1,26,0,0,0,87.5,1.3,0.1,494,0.7826967592592593,27,0,4.771050347222222,5.792223875895808,4.8838744445917985,5.1829358273495405,High
REGION VII,CEBU,PORO,6092,0.48063033486539725,0.5134602757715037,0.003282994090610637,25212,0,1,15,0,0,12,87.5,1.3,0.1,494,0.7373604727511491,16,0.47596382674916704,4.138542350623769,4.835489910865677,4.296664293278294,4.495823322120193,Low
REGION VII,CEBU,RONDA,4811,0.5179796300145499,0.4601953855747246,0.011639991685720224,20360,0,1,14,0,0,20,87.5,1.3,0.1,494,0.7480773228019122,15,0.9823182711198427,4.231968405736853,4.62363309272991,4.337769784500432,4.597314862349999,Low
REGION VII,CEBU,SAMBOAN,4494,0.4023141967067201,0.5943480195816644,0.0013351134846461949,20884,0,1,13,0,0,17,87.5,1.3,0.1,494,0.6994882064975523,14,0.8140203026240184,4.6470850022251895,4.648797866487854,4.820483202301603,5.048268535836059,High
REGION VII,CEBU,SAN FERNANDO,14223,0.6040216550657386,0.38606482457990576,0.003445124094776067,66280,0,2,20,0,0,1,87.5,1.3,0.1,494,0.7970540673556914,22,0.015087507543753771,4.6600576530970965,5.797124415718539,4.776625239276688,5.062361117570991,High
REGION VII,CEBU,SAN FRANCISCO,12212,0.465525712414019,0.5139207337045529,0.013838847035702588,55180,0,1,10,0,0,28,87.5,1.3,0.1,494,0.7224860792662955,11,0.5074302283436027,4.51850638716017,5.6144473817469125,4.708210005802317,4.908589709969242,High
REGION VII,CEBU,SAN REMIGIO,14397,0.5588664305063555,0.40341737862054594,0.03479891644092519,57557,0,2,27,0,0,26,87.5,1.3,0.1,494,0.7605751198166285,29,0.45172611498167037,3.997846773633396,5.656472038149591,4.084429197554897,4.342981475217953,Low
REGION VII,CEBU,SANTA FE,6719,0.5411519571364787,0.4253609168030957,0.02931983926179491,28603,0,1,10,0,0,12,87.5,1.3,0.1,494,0.7538324155380265,11,0.41953641226444777,4.25703229647269,4.96073935278056,4.423217584726929,4.624542522469573,Low
REGION VII,CEBU,SANTANDER,4250,0.4632941176470588,0.4272941176470588,0.0035294117647058825,17857,0,1,9,0,0,10,87.5,1.3,0.1,494,0.6769411764705882,10,0.5600044800358404,4.2016470588235295,4.49383159273363,4.435953095206401,4.564375869085748,Low
REGION VII,CEBU,SIBONGA,11185,0.4445239159588735,0.5358068842199374,0.012695574430040232,48186,0,1,10,0,0,4,87.5,1.3,0.1,494,0.7124273580688422,11,0.08301166313867098,4.308091193562808,5.47944422664267,4.545955292583457,4.680009341675831,Low
REGION VII,CEBU,SOGOD,8416,0.4920389733840304,0.4907319391634981,0.004752851711026616,35108,0,1,17,0,0,2,87.5,1.3,0.1,494,0.7374049429657794,18,0.05696707303178763,4.1715779467680605,5.164357493567487,4.359534554040519,4.53171088615183,Low
REGION VII,CEBU,TABOGON,9530,0.39024134312696745,0.5898216159496328,0.011962224554039873,39013,0,1,20,0,0,40,87.5,1.3,0.1,494,0.6851521511017838,21,1.0252992592212853,4.093704092339979,5.269251013333564,4.235288957987604,4.4471141703858565,Low
REGION VII,CEBU,TABUELAN,6355,0.4229740361919748,0.5647521636506687,0.00975609756097561,25630,0,1,12,0,0,17,87.5,1.3,0.1,494,0.7053501180173092,13,0.6632852126414358,4.033044846577498,4.851803832035853,4.2180293754632885,4.381218202990458,Low
REGION VII,CEBU,TOLEDO,37882,0.5913890502085423,0.3845889868539148,0.019824718863840348,170335,1,1,38,0,0,9,87.5,1.3,0.1,494,0.7836835436354996,40,0.052837056388880733,4.496462699963043,6.739146775016832,4.553065972206342,4.884642988005304,Low
REGION VII,CEBU,TUBURAN,14974,0.32903699746226794,0.6614131160678509,0.004474422332042207,63866,0,2,54,0,0,54,87.5,1.3,0.1,494,0.6597435554961935,56,0.845520308145179,4.265126218779217,5.7601381196968156,4.312127195377713,4.6333351942825445,Low
REGION VII,CEBU,TUDELA,2757,0.465360899528473,0.5310119695321001,7.254261878853826e-4,11296,0,1,5,0,0,1,87.5,1.3,0.1,494,0.730866884294523,6,0.08852691218130312,4.097207109176641,4.042356008654029,4.335447924576407,4.4509196031826646,Low
REGION VII,SIQUIJOR,ENRIQUE VILLANUEVA,1469,0.45200816882232814,0.5432266848196051,0.0020422055820285907,6104,0,1,9,0,0,28,87.5,1.3,0.1,494,0.7236215112321307,10,4.587155963302752,4.155207624234173,3.441674228625845,3.9810664477868674,4.513927311259237,Low
REGION VII,SIQUIJOR,LARENA,3078,0.5077972709551657,0.4889538661468486,0.0016244314489928524,13847,0,1,5,0,0,17,87.5,1.3,0.1,494,0.75227420402859,6,1.2277027514985195,4.498700454840805,4.242736377287866,4.613249362196918,4.887073928591696,Low
REGION VII,SIQUIJOR,LAZI,5001,0.46230753849230155,0.5290941811637673,0.007398520295940812,20490,0,1,10,0,0,12,87.5,1.3,0.1,494,0.7268546290741852,11,0.5856515373352855,4.097180563887223,4.629935576417896,4.2753924523353835,4.4508907662344965,Low
REGION VII,SIQUIJOR,MARIA,3152,0.48635786802030456,0.5101522842639594,0.0028553299492385786,13828,0,1,7,0,0,1,87.5,1.3,0.1,494,0.7414340101522843,8,0.07231703789412786,4.387055837563452,4.2413830387564335,4.608423069778591,4.7657910150390395,Low
REGION VII,SIQUIJOR,SAN JUAN,3572,0.6343784994400896,0.36310190369540873,0.0013997760358342665,14854,0,1,5,0,0,15,87.5,1.3,0.1,494,0.8159294512877939,6,1.0098290022889458,4.1584546472564385,4.311962421648329,4.228921561804275,4.517454650257898,Low
REGION VII,SIQUIJOR,SIQUIJOR,6362,0.6383212826155297,0.34627475636592264,0.005972964476579692,26861,1,1,20,0,0,21,87.5,1.3,0.1,494,0.811458660798491,22,0.7818026134544507,4.222099968563345,4.898357531576402,4.255317601799354,4.58659448153987,Low
REGION VIII,BILIRAN,ALMERIA,4036,0.5485629335976214,0.44226957383548066,0.00817641228939544,16951,0,1,5,0,1,13,59.5,0.9,0.1,16108.7,0.7696977205153618,7,0.7669164061117338,4.199950445986125,7.912699629195784,4.334933080605036,5.039636248808309,Low
REGION VIII,BILIRAN,BILIRAN,3825,0.49673202614379086,0.4826143790849673,0.01803921568627451,16882,0,1,3,0,0,10,59.5,0.9,0.1,16108.7,0.7380392156862745,4,0.5923468783319512,4.41359477124183,7.9086222617983415,4.607586015208556,5.29599396058556,Low
REGION VIII,BILIRAN,CABUCGAYAN,4715,0.5336161187698834,0.46150583244962884,0.004453870625662778,20788,0,1,4,0,1,17,59.5,0.9,0.1,16108.7,0.7643690349946978,6,0.8177794881662498,4.408907741251325,8.116681127507668,4.548562709066095,5.290369864172238,Low
REGION VIII,BILIRAN,CAIBIRAN,4767,0.5053492762743864,0.47681980281099223,0.016152716593245228,22524,0,1,6,0,1,1,59.5,0.9,0.1,16108.7,0.7437591776798825,8,0.04439708755105665,4.724984266834487,8.196863629727115,4.946929253762421,5.6696387951303695,High
REGION VIII,BILIRAN,CULABA,2716,0.4893225331369661,0.5073637702503682,0.0029455081001472753,12325,0,1,4,0,1,5,59.5,0.9,0.1,16108.7,0.7430044182621502,6,0.4056795131845842,4.537923416789396,7.594139907443914,4.735899725550439,5.445179327633297,High
REGION VIII,BILIRAN,KAWAYAN,4607,0.5762969394399826,0.3881050575211634,0.03038853917950944,20291,0,1,6,0,3,74,59.5,0.9,0.1,16108.7,0.7703494682005643,10,3.64693706569415,4.404384632081615,8.092489980100181,4.268417714249564,5.284942460867807,Low
REGION VIII,BILIRAN,MARIPIPI,1661,0.43588199879590606,0.5599036724864539,0.004214328717639976,7159,0,1,5,0,2,21,59.5,0.9,0.1,16108.7,0.715833835039133,8,2.933370582483587,4.310054184226369,7.051243680779112,4.300363302983401,5.171752757681679,Low
REGION VIII,BILIRAN,NAVAL,11778,0.5523858040414332,0.43649176430633385,0.006367804381049415,54692,1,1,10,0,2,3,59.5,0.9,0.1,16108.7,0.7706316861946001,14,0.054852629269362976,4.643572762778061,9.083837606181376,4.814448666534605,5.571950888525453,High
REGION VIII,EASTERN SAMAR,ARTECHE,3494,0.23611906124785345,0.7401259301659988,0.0206067544361763,16026,0,1,4,0,2,3,59.5,0.9,0.1,16108.7,0.6061820263308528,7,0.1871958068139274,4.586720091585575,7.856606331990946,4.937275097889418,5.503731802070027,High
REGION VIII,EASTERN SAMAR,BALANGIGA,3276,0.32814407814407814,0.6141636141636142,0.055860805860805864,14085,0,1,4,0,0,14,59.5,0.9,0.1,16108.7,0.6352258852258852,5,0.9939652112176073,4.299450549450549,7.727557685110507,4.556278301018937,5.159029164183946,Low
REGION VIII,EASTERN SAMAR,BALANGKAYAN,2374,0.42291491154170174,0.56823925863521485,0.006739679865206402,10125,0,1,3,0,0,1,59.5,0.9,0.1,16108.7,0.7070345408593092,4,0.09876543209876543,4.2649536647009265,7.3976271736884485,4.534224973089273,5.117635401783414,Low
REGION VIII,EASTERN SAMAR,CAN AVID,4497,0.4187235935067823,0.5748276628863687,0.00378029797642873,21015,0,1,5,0,1,6,59.5,0.9,0.1,16108.7,0.7061374249499666,7,0.28551034975017847,4.673115410273516,8.127538474281751,4.914912892510722,5.607399925155432,High
REGION VIII,EASTERN SAMAR,BORONGAN,15052,0.4999335636460271,0.4822614934892373,0.01660908849322349,69297,2,2,16,0,1,21,59.5,0.9,0.1,16108.7,0.7410643103906458,21,0.3030434217931512,4.603840021259633,9.320497856569338,4.7547806338193235,5.524274477340135,High
REGION VIII,EASTERN SAMAR,DOLORES,9416,0.2906754460492778,0.6747026338147833,0.02824978759558199,42866,1,1,8,0,0,3,59.5,0.9,0.1,16108.7,0.6280267629566695,10,0.06998553632249335,4.552463891248938,8.84023043881129,4.880125536655078,5.462626843527493,High
REGION VIII,EASTERN SAMAR,GENERAL MACARTHUR,2965,0.37268128161888703,0.6178752107925801,0.005733558178752108,14550,1,1,6,0,0,2,59.5,0.9,0.1,16108.7,0.6816188870151771,8,0.1374570446735395,4.90725126475548,7.760024198868219,5.182935532158597,5.888345987393071,High
REGION VIII,EASTERN SAMAR,GIPORLOS,3209,0.28513555624805237,0.6780928638205048,0.030539108756622,13308,0,1,3,0,0,3,59.5,0.9,0.1,16108.7,0.6241819881583048,4,0.22542831379621278,4.147086319725771,7.670838361702468,4.487862437315463,4.976203127301394,Low
REGION VIII,EASTERN SAMAR,GUIUAN,12394,0.34903985799580445,0.6291754074552203,0.020251734710343715,52991,3,2,11,0,0,3,59.5,0.9,0.1,16108.7,0.6636275617234146,16,0.056613387178954915,4.275536549943521,9.05224589039274,4.545473191515232,5.130334097344578,Low
REGION VIII,EASTERN SAMAR,HERNANI,2052,0.2831384015594542,0.678849902534113,0.03508771929824561,8573,0,1,4,0,0,1,59.5,0.9,0.1,16108.7,0.6225633528265107,5,0.11664528169835531,4.177875243664717,7.231348204336188,4.526104346956762,5.013147605370845,Low
REGION VIII,EASTERN SAMAR,JIPAPAD,1721,0.12783265543288785,0.8535735037768739,0.007553747821034283,7885,0,1,4,0,0,3,59.5,0.9,0.1,16108.7,0.5546194073213249,5,0.3804692454026633,4.5816385822196395,7.147755825435525,4.97411034299971,5.497634358986216,High
REGION VIII,EASTERN SAMAR,LAWAAN,3007,0.40006651147322914,0.5334220152976389,0.05952776854007316,12742,0,1,3,0,0,10,59.5,0.9,0.1,16108.7,0.6667775191220486,4,0.7848061528802386,4.237445959428001,7.627397336833412,4.485386813490033,5.084628148388922,Low
REGION VIII,EASTERN SAMAR,LLORENTE,4698,0.4278416347381865,0.5504469987228607,0.009578544061302681,20149,1,1,5,0,0,4,59.5,0.9,0.1,16108.7,0.7030651340996168,7,0.19852101841282446,4.28884631758195,8.085469356798752,4.541524032445821,5.146304854218138,Low
REGION VIII,EASTERN SAMAR,MASLOG,1062,0.1064030131826742,0.8870056497175142,0.004708097928436911,5407,0,1,3,0,0,7,59.5,0.9,0.1,16108.7,0.5499058380414312,4,1.294618087664139,5.0913370998116765,6.770848457716909,5.410279898544558,6.109235652443281,High
REGION VIII,EASTERN SAMAR,MAYDOLONG,3224,0.4913151364764268,0.47766749379652607,0.026364764267990073,14743,0,1,5,0,1,1,59.5,0.9,0.1,16108.7,0.7301488833746899,7,0.06782880010852609,4.572890818858561,7.7731960165125455,4.81019047963095,5.487137676728305,High
REGION VIII,EASTERN SAMAR,MERCEDES,1527,0.31303208906352326,0.6463654223968566,0.03929273084479371,6070,0,1,2,0,0,9,59.5,0.9,0.1,16108.7,0.6362148002619515,3,1.4827018121911038,3.975114603798297,6.886387393107655,4.194760030691987,4.76984952753782,Low
REGION VIII,EASTERN SAMAR,ORAS,8455,0.2930810171496156,0.6350088704908339,0.06824364281490243,36540,1,1,6,0,1,7,59.5,0.9,0.1,16108.7,0.6105854523950325,9,0.19157088122605365,4.321703134240095,8.680584085242597,4.659762103919688,5.185730653731817,High
REGION VIII,EASTERN SAMAR,QUINAPONDAN,3377,0.3097423748889547,0.6793011548711875,0.009771986970684038,14779,0,1,5,0,0,2,59.5,0.9,0.1,16108.7,0.6493929523245484,6,0.13532715339332838,4.376369558779982,7.775633851693964,4.692254699650421,5.251326402597676,High
REGION VIII,EASTERN SAMAR,SALCEDO,5201,0.3993462795616228,0.570082676408383,0.027686983272447608,22532,0,1,8,0,0,1,59.5,0.9,0.1,16108.7,0.6843876177658142,9,0.04438132433871826,4.332243799269372,8.197218645544966,4.60967074665759,5.198378688095855,Low
REGION VIII,EASTERN SAMAR,SAN JULIAN,3363,0.4272970561998216,0.5420755278025572,0.028843294677371394,14498,0,1,3,0,0,8,59.5,0.9,0.1,16108.7,0.6983348201011002,4,0.5518002483101117,4.311031816830211,7.756445443663727,4.548353562270221,5.172925845976815,Low
REGION VIII,EASTERN SAMAR,SAN POLICARPO,3263,0.34293594851363773,0.6264174072939013,0.026049647563591787,14687,0,1,4,0,4,1,59.5,0.9,0.1,16108.7,0.6561446521605884,9,0.06808742425274053,4.5010726325467365,7.769391976133565,4.804570817007175,5.40096105638112,High
REGION VIII,EASTERN SAMAR,SULAT,3650,0.46794520547945206,0.5216438356164383,0.0073972602739726025,15377,0,1,5,0,0,7,59.5,0.9,0.1,16108.7,0.7287671232876712,6,0.4552253365415881,4.212876712328767,7.81528315654969,4.420662926835294,5.05514683191159,Low
REGION VIII,EASTERN SAMAR,TAFT,4376,0.4053930530164534,0.5788391224862889,0.013254113345521023,18915,0,1,5,0,1,8,59.5,0.9,0.1,16108.7,0.6948126142595978,7,0.42294475284166005,4.322440585009141,8.022290047817437,4.563209943107699,5.18661554122637,Low
REGION VIII,LEYTE,ABUYOG,13294,0.4944335790582218,0.48503084098089366,0.016323153302241614,59571,1,2,17,0,0,0,59.5,0.9,0.1,16108.7,0.7369489995486687,20,0,4.481044080036106,9.169279743464267,4.667190996788633,5.376928244436828,High
REGION VIII,LEYTE,ALANGALANG,12709,0.3865764418915729,0.5639310724683295,0.046895900542922336,55235,0,1,7,1,1,0,59.5,0.9,0.1,16108.7,0.6685419781257377,10,0,4.346132661893146,9.093715854415981,4.639589549516274,5.215044316996403,High
REGION VIII,LEYTE,ALBUERA,11009,0.482150967390317,0.41347988009810155,0.09583068398582978,46332,0,1,10,0,1,0,59.5,0.9,0.1,16108.7,0.6888909074393678,12,0,4.208556635480062,8.917973503517318,4.4738649183871555,5.049963052682676,Low
REGION VIII,LEYTE,BABATNGON,6047,0.36960476269224407,0.53431453613362,0.09293864726310568,27797,0,1,6,0,0,0,59.5,0.9,0.1,16108.7,0.636762030759054,7,0,4.596824871837275,8.407158057625077,4.93366620279838,5.515856806280822,High
REGION VIII,LEYTE,BARUGO,6869,0.658611151550444,0.3230455670403261,0.016450720628912504,32745,0,1,7,0,0,0,59.5,0.9,0.1,16108.7,0.8201339350706071,8,0,4.7670694424224775,8.570946497841456,4.916664197332394,5.720137956765336,High
REGION VIII,LEYTE,BATO,8517,0.4287894798638018,0.5575907009510391,0.007162146295644006,38356,0,2,8,0,0,0,59.5,0.9,0.1,16108.7,0.7075848303393213,10,0,4.503463660913467,8.729079461761126,4.757841232683746,5.403830117191211,High
REGION VIII,LEYTE,BURAUEN,12521,0.3788036099353087,0.5814232090088651,0.036259084737640765,52732,1,1,11,0,0,0,59.5,0.9,0.1,16108.7,0.6695152144397413,13,0,4.211484705694433,9.047346859764197,4.49229056835312,5.053476524801258,Low
REGION VIII,LEYTE,CALUBIAN,7796,0.32952796305797843,0.6504617752693689,0.012698819907644945,31228,0,1,4,0,1,0,59.5,0.9,0.1,16108.7,0.6547588506926629,6,0,4.0056439199589535,8.523520554567261,4.328391117819802,4.806482495081905,Low
REGION VIII,LEYTE,CAPOOCAN,7292,0.45707624794295115,0.4965715852989578,0.02605595172792101,33617,0,1,5,0,0,0,59.5,0.9,0.1,16108.7,0.70536204059243,6,0,4.610120680197476,8.597223194209068,4.882272058422521,5.531810813031858,High
REGION VIII,LEYTE,CARIGARA,11230,0.5556544968833482,0.4302760463045414,0.012288512911843278,51345,1,1,8,0,1,0,59.5,0.9,0.1,16108.7,0.7707925200356189,11,0,4.572128227960819,9.020695118062411,4.759436221016773,5.48622262290072,High
REGION VIII,LEYTE,BAYBAY,25848,0.5955973382853605,0.38502011761064686,0.010871247291860106,109432,1,3,20,0,1,4,59.5,0.9,0.1,16108.7,0.788107397090684,25,0.03655237955990935,4.233673785205819,9.777366742391914,4.345985243586973,5.080101812616294,Low
REGION VIII,LEYTE,DAGAMI,8374,0.3331741103415333,0.6287317888703129,0.026749462622402676,35147,0,1,6,0,0,0,59.5,0.9,0.1,16108.7,0.6475400047766897,7,0,4.19715786959637,8.641722532207138,4.523244682987298,5.036285359462739,Low
REGION VIII,LEYTE,DULAG,11776,0.3858695652173913,0.5655570652173914,0.024456521739130436,47300,1,1,8,0,0,0,59.5,0.9,0.1,16108.7,0.6686480978260869,10,0,4.016644021739131,8.938648190445868,4.309979282895513,4.8196818202608345,Low
REGION VIII,LEYTE,HILONGOS,14365,0.5113818308388444,0.47859380438565957,0.003759136790810999,63431,2,2,14,0,0,0,59.5,0.9,0.1,16108.7,0.7506787330316742,18,0,4.415663069961712,9.23205722548158,4.59586863214675,5.298475769201193,Low
REGION VIII,LEYTE,HINDANG,4989,0.606534375626378,0.38184004810583283,0.007817197835237523,20924,0,1,5,0,1,0,59.5,0.9,0.1,16108.7,0.7974543996792944,7,0,4.194026859089998,8.123200115588112,4.3701474253366595,5.0325283736967785,Low
REGION VIII,LEYTE,INOPACAN,4900,0.63,0.3622448979591837,4.0816326530612246e-4,20550,0,1,5,0,1,0,59.5,0.9,0.1,16108.7,0.8111224489795918,7,0,4.1938775510204085,8.105169628583727,4.356328264918072,5.0323492148306395,Low
REGION VIII,LEYTE,ISABEL,11137,0.4837927628625303,0.48846188381072103,0.022357906078836313,46915,1,1,6,0,4,0,59.5,0.9,0.1,16108.7,0.7280237047678908,12,0,4.212534793930143,8.930476425510184,4.438711529800912,5.054736554605227,Low
REGION VIII,LEYTE,JARO,9654,0.4468614045991299,0.4408535322146261,0.10648435881499896,43199,0,1,9,0,0,0,59.5,0.9,0.1,16108.7,0.6672881707064429,10,0,4.474725502382432,8.847967698619097,4.769411622609275,5.369346409033317,High
REGION VIII,LEYTE,JAVIER,5986,0.5028399599064484,0.4847978616772469,0.004677581022385567,25379,0,1,4,0,1,0,59.5,0.9,0.1,16108.7,0.7452388907450718,6,0,4.239726027397261,8.31617328816592,4.47197245047906,5.087364064761128,Low
REGION VIII,LEYTE,JULITA,3806,0.27824487651077245,0.6421439831844457,0.07225433526011561,15114,0,1,3,0,0,0,59.5,0.9,0.1,16108.7,0.5993168681029952,4,0,3.9710982658959537,7.798038758285334,4.356996999334156,4.765030213038656,Low
REGION VIII,LEYTE,KANANGA,12784,0.45173654568210264,0.484590112640801,0.048576345431789736,56575,0,1,9,0,1,0,59.5,0.9,0.1,16108.7,0.6940316020025031,11,0,4.425453692115144,9.117683574088499,4.689532302049816,5.310223806454816,High
REGION VIII,LEYTE,LA PAZ,4957,0.3052249344361509,0.6378858180351019,0.03530361105507363,19998,0,1,5,0,1,1,59.5,0.9,0.1,16108.7,0.6241678434537019,7,0.05000500050005001,4.0342949364535,8.077949291476404,4.379206793507173,4.840861639109454,Low
REGION VIII,LEYTE,LEYTE,9011,0.28742647874819666,0.6753967373210521,0.027632893130618133,40639,0,1,10,0,1,0,59.5,0.9,0.1,16108.7,0.6251248474087228,12,0,4.5099323049606035,8.786887598929765,4.838993539307883,5.411592021394567,High
REGION VIII,LEYTE,MACARTHUR,5077,0.44593263738428207,0.5064014181603309,0.043529643490250146,21211,0,1,5,0,1,3,59.5,0.9,0.1,16108.7,0.6991333464644476,7,0.1414360473339305,4.177860941500886,8.136819192195563,4.439602141920163,5.013130443810439,Low
REGION VIII,LEYTE,MAHAPLAG,6184,0.5646830530401035,0.42706985769728334,0.00129366106080207,27823,0,1,6,0,1,0,59.5,0.9,0.1,16108.7,0.7782179818887451,8,0,4.499191461836999,8.408092764556237,4.690685884555449,5.398703787820237,High
REGION VIII,LEYTE,MATAG OB,4526,0.38444542642509943,0.5850640742377375,0.023199292973928413,18373,0,1,5,0,1,0,59.5,0.9,0.1,16108.7,0.6769774635439683,7,0,4.059434379142731,7.993226663262904,4.356018884179486,4.8710271489841155,Low
REGION VIII,LEYTE,MATALOM,7496,0.47491995731056563,0.5153415154749199,0.004935965848452508,33121,0,1,9,0,0,0,59.5,0.9,0.1,16108.7,0.7325907150480255,10,0,4.418489861259339,8.582361589826963,4.64784687653372,5.301867713957338,High
REGION VIII,LEYTE,MAYORGA,4224,0.3643465909090909,0.5887784090909091,0.044270833333333336,17161,0,1,3,0,1,0,59.5,0.9,0.1,16108.7,0.6587357954545454,5,0,4.062736742424242,7.925007687914111,4.3853381948202,4.874989745665737,Low
REGION VIII,LEYTE,MERIDA,7802,0.3807997949243784,0.5853627275057678,0.026018969495001282,29863,0,1,5,0,1,0,59.5,0.9,0.1,16108.7,0.6734811586772622,7,0,3.827608305562676,8.478834766273769,4.127737676276438,4.592852656485162,Low
REGION VIII,LEYTE,ORMOC CITY,49332,0.5332846833698208,0.40638936187464525,0.04988648341847077,215031,4,7,33,0,6,3,59.5,0.9,0.1,16108.7,0.7364793643071434,50,0.01395147676381545,4.35885429335928,10.452817739052058,4.427614757759033,5.230309353073668,Low
REGION VIII,LEYTE,PALO,15584,0.510202772073922,0.4635523613963039,0.009561088295687884,70052,2,1,8,0,0,0,59.5,0.9,0.1,16108.7,0.7419789527720739,11,0,4.495123203285421,9.331333099411932,4.711275827403055,5.393822172303642,High
REGION VIII,LEYTE,PALOMPON,14431,0.43455062019264085,0.5348208717344606,0.021758713879842007,58108,1,1,9,0,1,0,59.5,0.9,0.1,16108.7,0.7019610560598711,12,0,4.02660938257917,9.144416836255232,4.278870161199033,4.831639531278571,Low
REGION VIII,LEYTE,PASTRANA,4325,0.2760693641618497,0.7165317919075145,0.004624277456647399,18002,0,1,3,0,1,0,59.5,0.9,0.1,16108.7,0.6343352601156069,5,0,4.162312138728324,7.9728342909116465,4.50931890912352,4.994473006993997,Low
REGION VIII,LEYTE,SAN ISIDRO,7861,0.30110672942373745,0.6558961964126702,0.03689098079124793,31641,0,1,9,0,1,0,59.5,0.9,0.1,16108.7,0.6290548276300725,11,0,4.02506042488233,8.536656580197146,4.354057706490044,4.829780894264337,Low
REGION VIII,LEYTE,SAN MIGUEL,4281,0.4076150432142023,0.5741649147395468,0.01401541695865452,19420,0,1,4,0,1,0,59.5,0.9,0.1,16108.7,0.6946975005839757,6,0,4.53632328895118,8.048629721443127,4.819084347837403,5.4432592901566865,High
REGION VIII,LEYTE,SANTA FE,4720,0.2783898305084746,0.6273305084745763,0.0836864406779661,20439,0,1,3,0,1,0,59.5,0.9,0.1,16108.7,0.5920550847457627,5,0,4.3302966101694915,8.099755168058401,4.719596248022246,5.196042202249832,High
REGION VIII,LEYTE,TABANGO,8183,0.27178296468287916,0.6434070634241721,0.06941219601613101,34195,0,1,9,0,0,0,59.5,0.9,0.1,16108.7,0.5934864963949652,10,0,4.178785286569718,8.614267616751064,4.547249711099852,5.014239590924245,Low
REGION VIII,LEYTE,TABONTABON,2774,0.617519826964672,0.3637346791636626,0.015501081470800288,11204,0,1,2,0,0,0,59.5,0.9,0.1,16108.7,0.7993871665465033,3,0,4.038932948810382,7.498831409876016,4.228622513653894,4.846426917913755,Low
REGION VIII,LEYTE,TACLOBAN,49541,0.565471024000323,0.38555943561898226,0.04263135584667245,242089,7,6,24,0,0,0,59.5,0.9,0.1,16108.7,0.7582507418098141,37,0,4.886639349225893,10.5713377359978,4.985476869594348,5.863613182090677,High
REGION VIII,LEYTE,TANAUAN,13370,0.4257292445774121,0.5365744203440539,0.033507853403141365,55021,0,1,6,0,1,0,59.5,0.9,0.1,16108.7,0.6940164547494391,8,0,4.11525804038893,9.0898344116855,4.3910221644114,4.93801149805576,Low
REGION VIII,LEYTE,TOLOSA,5032,0.40262321144674085,0.5423290937996821,0.04888712241653418,20978,0,1,3,0,0,0,59.5,0.9,0.1,16108.7,0.6737877583465819,4,0,4.168918918918919,8.125776796189799,4.480379535917326,5.002400664561541,Low
REGION VIII,LEYTE,TUNGA,1590,0.6584905660377358,0.3220125786163522,0.018238993710691823,7584,0,1,1,0,0,0,59.5,0.9,0.1,16108.7,0.8194968553459119,2,0,4.769811320754717,7.108865589799296,4.94324325080047,5.723428012114961,High
REGION VIII,LEYTE,VILLABA,10463,0.3775207875370353,0.5990633661473764,0.01749020357450062,41891,0,1,8,0,0,0,59.5,0.9,0.1,16108.7,0.6770524706107235,9,0,4.00372742043391,8.817225844538264,4.292537217154723,4.804182834502228,Low
REGION VIII,NORTHERN SAMAR,ALLEN,5513,0.420279339742427,0.5681117358969708,0.009976419372392527,25469,1,1,2,0,0,4,59.5,0.9,0.1,16108.7,0.7043352076909124,4,0.15705367309277946,4.6198077271902775,8.319712390005762,4.886635953684238,5.543434567596744,High
REGION VIII,NORTHERN SAMAR,BIRI,2262,0.28558797524314766,0.6989389920424404,0.011052166224580018,11767,0,1,5,0,1,0,59.5,0.9,0.1,16108.7,0.6350574712643678,7,0,5.202033598585323,7.547833061974558,5.540493556541549,6.242063431011236,High
REGION VIII,NORTHERN SAMAR,BOBON,4817,0.3176250778492838,0.655387170438032,0.02262819182063525,23668,0,1,4,0,1,4,59.5,0.9,0.1,16108.7,0.6453186630682998,6,0.1690045631232043,4.913431596429313,8.246392829894296,5.230413674880992,5.895761937636692,High
REGION VIII,NORTHERN SAMAR,CAPUL,2486,0.37851971037811744,0.6194690265486725,8.045052292839903e-4,12679,0,1,10,0,1,1,59.5,0.9,0.1,16108.7,0.6882542236524537,12,0.07887057338906854,5.100160901045856,7.6224432141449325,5.358893277780354,6.1198235746399705,High
REGION VIII,NORTHERN SAMAR,CATARMAN,18490,0.42525689561925367,0.5665224445646295,0.0049756625202812335,94037,2,2,22,0,0,26,59.5,0.9,0.1,16108.7,0.7085181179015685,26,0.27648691472505504,5.085830178474851,9.6257609983168,5.2522771859523205,6.1026277458154965,High
REGION VIII,NORTHERN SAMAR,CATUBIG,6442,0.35873952188761254,0.6254268860602298,0.01164234709717479,33025,0,1,7,0,0,0,59.5,0.9,0.1,16108.7,0.6714529649177274,8,0,5.126513505122633,8.57945946263567,5.424790081481908,6.151444790286155,High
REGION VIII,NORTHERN SAMAR,GAMAY,5148,0.40559440559440557,0.5835275835275835,0.005827505827505828,23511,0,1,5,0,1,3,59.5,0.9,0.1,16108.7,0.6973581973581973,7,0.12759984688018372,4.567016317016317,8.239739052734514,4.831785529927871,5.480088700125222,High
REGION VIII,NORTHERN SAMAR,LAOANG,12186,0.3293943870014771,0.6626456589528967,0.006482849171180043,61359,0,1,15,0,0,0,59.5,0.9,0.1,16108.7,0.6607172164779255,16,0,5.035204332840965,9.198849688511826,5.313150191993369,6.04188039889693,High
REGION VIII,NORTHERN SAMAR,LAPINIG,2468,0.27350081037277146,0.71069692058346845,0.01053484602917342,13020,0,1,4,0,1,0,59.5,0.9,0.1,16108.7,0.6288492706645057,6,0,5.275526742301459,7.648969953124207,5.62409606513032,6.330249878892946,High
REGION VIII,NORTHERN SAMAR,LAS NAVAS,7118,0.156785613936499,0.8271986513065468,0.013908401236302333,37947,0,1,7,0,0,0,59.5,0.9,0.1,16108.7,0.5703849395897724,8,0,5.331132340545097,8.718360685835167,5.730490832354648,6.396972568160179,High
REGION VIII,NORTHERN SAMAR,LAVEZARES,6074,0.35199209746460325,0.6356601909779388,0.010701350016463615,28770,0,1,7,0,1,6,59.5,0.9,0.1,16108.7,0.6698221929535726,9,0.20855057351407716,4.736582153440896,8.441555583196314,5.01385560443345,5.683555418791272,High
REGION VIII,NORTHERN SAMAR,LOPE DE VEGA,2808,0.25961538461538464,0.7382478632478633,0.0010683760683760685,14687,0,1,6,0,1,35,59.5,0.9,0.1,16108.7,0.6287393162393162,8,2.3830598488459183,5.230413105413105,7.769391976133565,5.357309667373746,6.276116783109542,High
REGION VIII,NORTHERN SAMAR,MAPANAS,2781,0.3718087019057893,0.6166846458108594,0.005034160373966199,14025,0,1,7,0,1,1,59.5,0.9,0.1,16108.7,0.680151024811219,9,0.07130124777183601,5.0431499460625675,7.72329061976109,5.322348527663421,6.0514145591032404,High
REGION VIII,NORTHERN SAMAR,MONDRAGON,7567,0.3142592837319942,0.6716003700277521,0.0010572221488040175,38726,0,1,4,0,2,18,59.5,0.9,0.1,16108.7,0.6500594687458703,7,0.4648040076434437,5.117748116823048,8.73867815555486,5.399583054324588,6.140926959378963,High
REGION VIII,NORTHERN SAMAR,PALAPAG,6900,0.4494202898550725,0.5479710144927536,0.0014492753623188406,34286,0,1,9,0,0,6,59.5,0.9,0.1,16108.7,0.7234057971014494,10,0.17499854167881934,4.9689855072463764,8.616924808065066,5.191815008337419,5.96242260573679,High
REGION VIII,NORTHERN SAMAR,PAMBUJAN,5965,0.2732606873428332,0.7243922883487007,5.029337803855825e-4,33062,1,1,7,0,0,0,59.5,0.9,0.1,16108.7,0.6354568315171836,9,0,5.542665549036044,8.580578988547703,5.873047320164797,6.650797092770111,High
REGION VIII,NORTHERN SAMAR,ROSARIO,2038,0.30765456329735036,0.68351324828263,0.004906771344455349,10520,0,1,5,0,1,0,59.5,0.9,0.1,16108.7,0.6494111874386654,7,0,5.1619234543670265,7.435874762186827,5.486018500318977,6.193934163928898,High
REGION VIII,NORTHERN SAMAR,SAN ANTONIO,1873,0.4858515750133476,0.5093432995194874,0.004805125467164976,9058,0,1,3,0,1,0,59.5,0.9,0.1,16108.7,0.7405232247730913,5,0,4.836091831286706,7.2863400776686555,5.0768419876030935,5.802959822730907,High
REGION VIII,NORTHERN SAMAR,SAN ISIDRO,5545,0.4999098286744815,0.4950405770964833,0.004147880973850316,26650,0,1,6,0,0,0,59.5,0.9,0.1,16108.7,0.7474301172227231,7,0,4.806131650135257,8.365028716111528,5.032300681698542,5.767009775964047,High
REGION VIII,NORTHERN SAMAR,SAN JOSE,3804,0.2996845425867508,0.6729758149316509,0.026025236593059938,17561,0,1,4,0,0,5,59.5,0.9,0.1,16108.7,0.6361724500525763,5,0.2847218267752406,4.6164563617245005,7.9480406185152574,4.936053784197322,5.539413171844212,High
REGION VIII,NORTHERN SAMAR,SAN ROQUE,5048,0.3813391442155309,0.6148969889064976,0.0019809825673534074,30580,0,1,5,0,1,0,59.5,0.9,0.1,16108.7,0.6887876386687797,7,0,6.05784469096672,8.502555838134247,6.34266995379615,7.268974738362355,High
REGION VIII,NORTHERN SAMAR,SAN VICENTE,1641,0.360146252285192,0.5923217550274223,0.04143814747105423,7856,0,1,3,0,1,0,59.5,0.9,0.1,16108.7,0.6563071297989032,5,0,4.787324801950031,7.14407407986118,5.112276826640826,5.744442920697769,High
REGION VIII,NORTHERN SAMAR,SILVINO LOBOS,2725,0.1489908256880734,0.8422018348623853,0.005504587155963303,15299,0,1,4,0,1,0,59.5,0.9,0.1,16108.7,0.570091743119266,6,0,5.614311926605504,7.810199794097282,6.0216548999637025,6.736767555074002,High
REGION VIII,NORTHERN SAMAR,VICTORIA,3210,0.43457943925233644,0.5566978193146418,0.0071651090342679125,14817,0,1,3,0,0,0,59.5,0.9,0.1,16108.7,0.7129283489096574,4,0,4.615887850467289,7.778200690953513,4.888173119292097,5.538730999524195,High
REGION VIII,SAMAR (WESTERN SAMAR),ALMAGRO,2093,0.45914954610606784,0.48399426660296224,0.04921165790731008,8942,0,1,2,0,1,4,59.5,0.9,0.1,16108.7,0.7011466794075489,4,0.44732721986132856,4.272336359292881,7.2734598942555095,4.516180233406949,5.126494100417596,Low
REGION VIII,SAMAR (WESTERN SAMAR),BASEY,12623,0.2806781272280757,0.6890596530143389,0.025271330111700862,55480,1,0,9,1,1,3,59.5,0.9,0.1,16108.7,0.6252079537352452,12,0.05407354001441961,4.395151707201141,9.098141143312821,4.719304841691546,5.273863619936569,High
REGION VIII,SAMAR (WESTERN SAMAR),CALBAYOG,37807,0.3545110693786865,0.6322638664797524,0.012034808368820588,183851,4,6,23,0,0,3,59.5,0.9,0.1,16108.7,0.6706430026185627,33,0.016317561503608902,4.862882534980295,10.296166077844164,5.063399067632036,5.835106726176954,High
REGION VIII,SAMAR (WESTERN SAMAR),CALBIGA,5092,0.25255302435192456,0.7411626080125687,0.005106048703849175,22982,0,1,5,1,0,8,59.5,0.9,0.1,16108.7,0.6231343283582089,7,0.3480985118788617,4.5133542812254515,8.21698803248926,4.832543023459845,5.415698144990232,High
REGION VIII,SAMAR (WESTERN SAMAR),CATBALOGAN,20602,0.5324725754781089,0.435297543927774,0.027473060867876906,103879,2,1,12,0,1,6,59.5,0.9,0.1,16108.7,0.7501213474419959,16,0.05775950865911301,5.042180370837783,9.725293182956065,5.225587603034816,6.050251139079215,High
REGION VIII,SAMAR (WESTERN SAMAR),DARAM,8656,0.356862292051756,0.6384011090573013,0.0031192236598890943,42879,0,1,11,0,1,12,59.5,0.9,0.1,16108.7,0.6760628465804066,13,0.27985727279087663,4.953673752310536,8.840533619594378,5.202778488171379,5.944049609150299,High
REGION VIII,SAMAR (WESTERN SAMAR),GANDARA,7107,0.25904038272126073,0.7380047840157591,0.002532714225411566,34434,0,1,12,0,1,8,59.5,0.9,0.1,16108.7,0.6280427747291403,14,0.23232851251669862,4.845082313212326,8.62123137081271,5.142562499655086,5.813747749681311,High
REGION VIII,SAMAR (WESTERN SAMAR),HINABANGAN,2781,0.2686084142394822,0.7055016181229773,0.022653721682847898,13673,0,1,3,0,1,3,59.5,0.9,0.1,16108.7,0.6213592233009708,5,0.2194105170774519,4.916576770945703,7.697883642896551,5.256827740537662,5.899535919188492,High
REGION VIII,SAMAR (WESTERN SAMAR),JIABONG,3883,0.3054339428277105,0.6917331959824877,0.0018027298480556271,18342,0,1,5,0,1,1,59.5,0.9,0.1,16108.7,0.6513005408189544,7,0.05451968160505943,4.723667267576616,7.991538550583987,5.041032341528604,5.66805849143751,High
REGION VIII,SAMAR (WESTERN SAMAR),MARABUT,3973,0.23231814749559526,0.7493078278379058,0.01661213189025925,16962,0,1,6,0,1,1,59.5,0.9,0.1,16108.7,0.6069720614145482,8,0.05895531187359981,4.269317895796627,7.913348110602673,4.626714234088628,5.122872162909747,Low
REGION VIII,SAMAR (WESTERN SAMAR),MATUGUINAO,1441,0.08743927827897294,0.9104788341429563,0.002081887578070784,7288,0,1,2,0,1,4,59.5,0.9,0.1,16108.7,0.5426786953504511,4,0.5488474204171241,5.057598889659959,7.069087199863849,5.450773205171966,6.068752244594266,High
REGION VIII,SAMAR (WESTERN SAMAR),MOTIONG,3040,0.29473684210526313,0.7006578947368421,6.578947368421052e-4,15156,0,1,2,0,3,23,59.5,0.9,0.1,16108.7,0.6450657894736842,6,1.5175508049617312,4.985526315789474,7.800812647164169,5.181609401691221,5.9822703776070645,High
REGION VIII,SAMAR (WESTERN SAMAR),PAGSANGHAN,1814,0.3743109151047409,0.6245865490628445,0.0011025358324145535,7945,0,1,2,0,1,3,59.5,0.9,0.1,16108.7,0.6866041896361632,4,0.3775959723096287,4.379823594266814,7.155330464444563,4.644460417440872,5.255470994937031,High
REGION VIII,SAMAR (WESTERN SAMAR),PARANAS,6294,0.3236415633937083,0.6723863997457896,0.0034953924372418178,30557,0,1,8,0,1,3,59.5,0.9,0.1,16108.7,0.6598347632666031,10,0.09817717707890172,4.854941213854465,8.50180358233165,5.148229242701948,5.825577716174608,High
REGION VIII,SAMAR (WESTERN SAMAR),PINABACDAO,3668,0.2734460196292257,0.715103598691385,0.007360959651035987,18252,0,1,4,0,1,0,59.5,0.9,0.1,16108.7,0.6309978189749181,6,0,4.9760087241003275,7.986621369721901,5.3224632637604365,5.970849957129527,High
REGION VIII,SAMAR (WESTERN SAMAR),SAN JORGE,3450,0.2565217391304348,0.7356521739130435,0.00463768115942029,17184,0,1,2,0,1,0,59.5,0.9,0.1,16108.7,0.6243478260869566,4,0,4.980869565217391,7.926346554852486,5.34175017145129,5.9766826143021055,High
REGION VIII,SAMAR (WESTERN SAMAR),SAN JOSE DE BUAN,1648,0.05461165048543689,0.9441747572815534,0,7769,0,1,1,0,1,0,59.5,0.9,0.1,16108.7,0.5266990291262136,3,0,4.714199029126213,7.132946806161437,5.176540142929643,5.656697291270825,High
REGION VIII,SAMAR (WESTERN SAMAR),SAN SEBASTIAN,1672,0.39952153110047844,0.5801435406698564,0.014952153110047847,8057,0,1,2,0,0,2,59.5,0.9,0.1,16108.7,0.6895933014354066,3,0.24823135161970955,4.81877990430622,7.169318090833801,5.095937761545601,5.782186764603291,High
REGION VIII,SAMAR (WESTERN SAMAR),SANTA MARGARITA,5611,0.2801639636428444,0.7089645339511673,0.008198182142220638,26348,0,1,3,0,0,1,59.5,0.9,0.1,16108.7,0.6346462306184281,4,0.037953544861090024,4.695776153983247,8.353634605427603,5.0429926350735945,5.634591175836416,High
REGION VIII,SAMAR (WESTERN SAMAR),SANTA RITA,8828,0.24467603081105574,0.7223606705935659,0.030131400090620753,41591,0,1,9,0,2,0,59.5,0.9,0.1,16108.7,0.6058563661078387,12,0,4.711259628454916,8.81003970420915,5.059591659313607,5.653170223424821,High
REGION VIII,SAMAR (WESTERN SAMAR),SANTO NIÑO,2720,0.40808823529411764,0.5878676470588236,0.004044117647058824,12863,0,1,3,0,1,0,59.5,0.9,0.1,16108.7,0.7020220588235294,5,0,4.729044117647059,7.6368441057922976,5.008330490315821,5.674510321969298,High
REGION VIII,SAMAR (WESTERN SAMAR),TAGAPUL AN,1873,0.404164442071543,0.591030432461292,0.002135611318739989,8473,0,1,3,0,1,2,59.5,0.9,0.1,16108.7,0.699679658302189,5,0.2360439041661749,4.523758675920982,7.219623651235453,4.784147609458473,5.42818266482656,High
REGION VIII,SAMAR (WESTERN SAMAR),TALALORA,1669,0.29059316956261233,0.70760934691432,0.0017974835230677051,8057,0,1,4,0,1,0,59.5,0.9,0.1,16108.7,0.6443978430197723,6,0,4.8274415817855,7.169318090833801,5.160414367072866,5.792580150039965,High
REGION VIII,SAMAR (WESTERN SAMAR),TARANGNAN,5347,0.4035907985786422,0.574714793342061,0.02075930428277539,24992,0,1,6,0,0,7,59.5,0.9,0.1,16108.7,0.6909481952496728,7,0.280089628681178,4.674022816532635,8.300810787942584,4.931513668030514,5.6084887469248,High
REGION VIII,SAMAR (WESTERN SAMAR),VILLAREAL,5943,0.3272757866397442,0.64630657916877,0.02120141342756184,28230,0,1,8,0,1,0,59.5,0.9,0.1,16108.7,0.6504290762241292,10,0,4.75012619888945,8.42261177419994,5.0616288780061645,5.699807292063556,High
REGION VIII,SAMAR (WESTERN SAMAR),ZUMARRAGA,3251,0.34543217471547216,0.6524146416487234,9.227929867733005e-4,16295,0,1,5,0,1,6,59.5,0.9,0.1,16108.7,0.6716394955398339,7,0.36821110770174903,5.0123039064903105,7.87324584919304,5.2811468790591025,6.014401546411843,High
REGION VIII,SOUTHERN LEYTE,ANAHAWAN,1764,0.6162131519274376,0.340702947845805,0.04308390022675737,8211,1,1,3,0,0,18,59.5,0.9,0.1,16108.7,0.7865646258503401,5,2.192181220314213,4.654761904761905,7.188237091918269,4.6525902061305615,5.585377048252822,High
REGION VIII,SOUTHERN LEYTE,BONTOC,6582,0.577028258887876,0.41385597082953507,0.004709814646004254,28905,0,1,7,0,1,18,59.5,0.9,0.1,16108.7,0.7839562443026435,9,0.6227296315516347,4.391522333637193,8.44623598867901,4.517466509215911,5.2695086346079165,Low
REGION VIII,SOUTHERN LEYTE,MAASIN,18532,0.6020397150874164,0.392564213252752,0.003183682279300669,85560,3,3,20,0,1,197,59.5,0.9,0.1,16108.7,0.7983218217137924,27,2.302477793361384,4.616878912151954,9.531297100345554,4.507675936053589,5.5399202017433815,Low
REGION VIII,SOUTHERN LEYTE,HINUNANGAN,6925,0.5924909747292418,0.404043321299639,0.0011552346570397113,29976,0,1,7,0,0,20,59.5,0.9,0.1,16108.7,0.7945126353790614,8,0.6672004270082733,4.328664259927798,8.482610788427687,4.443952996008546,5.194083500223563,Low
REGION VIII,SOUTHERN LEYTE,HINUNDAYAN,3037,0.5917023378333882,0.4063220283174185,0.0013170892327955218,12285,0,1,3,0,0,6,59.5,0.9,0.1,16108.7,0.7948633519920975,4,0.4884004884004884,4.045110306223247,7.590890832535344,4.19158063207002,4.8538392992596995,Low
REGION VIII,SOUTHERN LEYTE,LIBAGON,3162,0.5392156862745098,0.4459203036053131,0.007590132827324478,15169,0,1,3,0,1,2,59.5,0.9,0.1,16108.7,0.7621758380771664,5,0.13184784758388818,4.797280202403542,7.801669674755144,5.004588573616815,5.756388679973302,High
REGION VIII,SOUTHERN LEYTE,LILOAN,5073,0.6124581115710624,0.38261383796570075,0.0035481963335304554,23981,0,1,7,0,0,5,59.5,0.9,0.1,16108.7,0.8037650305539128,8,0.20849839456236186,4.7271831263552135,8.2595273329527,4.874391273479881,5.672277267247887,High
REGION VIII,SOUTHERN LEYTE,LIMASAWA,1364,0.6187683284457478,0.37390029325513197,0.005865102639296188,6061,0,1,3,0,1,17,59.5,0.9,0.1,16108.7,0.8057184750733137,5,2.8048176868503547,4.443548387096774,6.884905107978396,4.3671741825930015,5.331936129472271,Low
REGION VIII,SOUTHERN LEYTE,MACROHON,6031,0.5834853258166142,0.4135300945116896,9.94859890565412e-4,26244,0,1,6,0,0,82,59.5,0.9,0.1,16108.7,0.7902503730724589,7,3.124523700655388,4.3515171613331125,8.349680559527268,4.254263972803213,5.221505326217422,Low
REGION VIII,SOUTHERN LEYTE,MALITBOG,4312,0.5892857142857143,0.4037569573283859,0.0016233766233766235,22923,0,1,7,0,0,20,59.5,0.9,0.1,16108.7,0.7911641929499073,8,0.8724861492823802,5.316094619666048,8.214418199992226,5.416269125217733,6.378928392588074,High
REGION VIII,SOUTHERN LEYTE,PADRE BURGOS,2386,0.647108130762783,0.3415758591785415,0.004610226320201173,11091,0,1,3,0,0,13,59.5,0.9,0.1,16108.7,0.8178960603520538,4,1.1721215399873772,4.648365465213747,7.488700162741294,4.710390730360005,5.577701784217025,High
REGION VIII,SOUTHERN LEYTE,PINTUYAN,2214,0.5329719963866305,0.4634146341463415,0.0031616982836495033,9826,0,1,3,0,1,8,59.5,0.9,0.1,16108.7,0.7646793134598012,5,0.8141664970486464,4.438121047877146,7.367670138554994,4.581606354360485,5.325423715619398,Low
REGION VIII,SOUTHERN LEYTE,SAINT BERNARD,5899,0.5928123410747584,0.401932530937447,0.0020342430920494998,28395,0,1,7,0,1,24,59.5,0.9,0.1,16108.7,0.793778606543482,9,0.8452192287374538,4.813527716562129,8.428438327800343,4.909666888250729,5.77588451983134,High
REGION VIII,SOUTHERN LEYTE,SAN FRANCISCO,2960,0.6152027027027027,0.3810810810810811,0.0033783783783783786,13402,0,1,5,0,1,32,59.5,0.9,0.1,16108.7,0.8057432432432432,7,2.387703327861513,4.527702702702703,7.677873683033778,4.481060224948771,5.432915211219917,Low
REGION VIII,SOUTHERN LEYTE,SAN JUAN,3327,0.5758941989780583,0.41959723474601746,3.0057108506161706e-4,14858,0,1,3,0,3,39,59.5,0.9,0.1,16108.7,0.785692816351067,7,2.62484856642886,4.465885181845507,7.780962805892235,4.418006416044116,5.358738664870155,Low
REGION VIII,SOUTHERN LEYTE,SAN RICARDO,2196,0.6197632058287796,0.37522768670309653,0.0031876138433515485,10494,0,1,3,0,1,11,59.5,0.9,0.1,16108.7,0.8073770491803279,5,1.0482180293501049,4.778688524590164,7.433401681217065,4.858463477499588,5.734080013564152,High
REGION VIII,SOUTHERN LEYTE,SILAGO,3096,0.5180878552971576,0.48094315245478036,6.459948320413437e-4,12775,0,1,5,0,3,1,59.5,0.9,0.1,16108.7,0.7585594315245479,9,0.07827788649706457,4.126291989664082,7.629982591414,4.326446290950633,4.951251437776409,Low
REGION VIII,SOUTHERN LEYTE,SOGOD,9899,0.6213758965552076,0.3677139104960097,0.0042428528134154965,44986,4,1,8,0,1,8,59.5,0.9,0.1,16108.7,0.8052328518032125,14,0.17783310363224114,4.544499444388322,8.888495974815905,4.669710285384217,5.453070084318863,High
REGION VIII,SOUTHERN LEYTE,TOMAS OPPUS,3646,0.51947339550192,0.4747668678003291,0.0016456390565002743,16608,0,1,6,0,1,4,59.5,0.9,0.1,16108.7,0.7568568294020845,8,0.24084778420038536,4.555128908392759,7.892264867244161,4.746303366790142,5.465824671019609,High
REGION X,BUKIDNON,BAUNGON,7530,0.28233731739707835,0.7019920318725099,0.008366533864541833,34336,0,1,15,0,0,1,85.7,0.6,0,219.2,0.6333333333333333,16,0.02912395153774464,4.559893758300133,4.336905411700794,4.862121805667272,3.32613660944299,High
REGION X,BUKIDNON,CABANGLASAN,6919,0.31579708050296285,0.6798670328082093,2.8905911258852437e-4,33997,0,1,15,0,2,22,85.7,0.6,0,219.2,0.6557305969070675,18,0.6471159219931171,4.913571325336031,4.327113718404376,5.130119749892673,3.584120669162699,High
REGION X,BUKIDNON,MALAYBALAY,38440,0.5424037460978148,0.4423777315296566,0.006321540062434964,174625,4,1,52,0,7,14,85.7,0.6,0,219.2,0.7635926118626432,64,0.08017179670722978,4.542793964620187,5.952790634432068,4.5235695001024165,3.3136634570434937,Low
REGION X,BUKIDNON,VALENCIA,43720,0.5256633119853614,0.45992680695333943,0.00459743824336688,192993,6,1,31,0,7,1,85.7,0.6,0,219.2,0.7556267154620311,45,0.005181535081583271,4.414295516925892,6.052556386819959,4.483711448803926,3.219932459395882,Low
REGION X,BUKIDNON,DAMULOG,6718,0.20571598690086335,0.7898183983328372,8.931229532598987e-4,30302,0,1,17,0,0,7,85.7,0.6,0,219.2,0.600625186067282,18,0.23100785426704507,4.510568621613576,4.2136641353185045,4.819580040463988,3.290157231063767,High
REGION X,BUKIDNON,DANGCAGAN,5163,0.4718187100522952,0.5192717412357156,0.0013558008909548712,23723,0,1,13,0,0,4,85.7,0.6,0,219.2,0.731454580670153,14,0.16861273869240823,4.594809219446058,3.972989291223737,4.794134823389116,3.3516050961465793,High
REGION X,BUKIDNON,DON CARLOS,14296,0.48062395075545605,0.5053161723559038,0.003707330721880246,66959,2,1,29,0,3,1,85.7,0.6,0,219.2,0.7332820369334079,35,0.014934512164160158,4.683757694459989,4.99839996007731,4.813447520905073,3.4164870418189826,High
REGION X,BUKIDNON,IMPASUG ONG,9734,0.3586398191904664,0.6169098006985823,0.007396753647010479,47859,0,1,13,0,0,14,85.7,0.6,0,219.2,0.6670947195397575,14,0.292525961679099,4.91668378878159,4.665268382208059,5.169310352515336,3.5863910024556587,High
REGION X,BUKIDNON,KADINGILAN,7437,0.3221729191878446,0.6686836089821164,0.006857603872529245,33778,0,1,17,0,0,2,85.7,0.6,0,219.2,0.6565147236789028,18,0.05921013677541595,4.541885168750841,4.320736750994837,4.81044619304535,3.3130005514207386,High
REGION X,BUKIDNON,KALILANGAN,8733,0.32211153097446465,0.6710179777854116,0.0018321309973663117,41601,1,1,14,0,0,5,85.7,0.6,0,219.2,0.6576205198671705,16,0.12018941852359318,4.7636551013397455,4.526548945883997,5.033436717112688,3.4747668404521392,High
REGION X,BUKIDNON,KIBAWE,8825,0.3655524079320113,0.6304815864022663,0.0010198300283286118,39612,1,1,17,0,1,14,85.7,0.6,0,219.2,0.6807932011331445,20,0.3534282540644249,4.488611898016997,4.478099886900742,4.698705579179043,3.274141274103133,High
REGION X,BUKIDNON,KITAOTAO,10874,0.23680338421923855,0.7588743792532646,0.0010115872723928637,50260,0,1,25,0,1,0,85.7,0.6,0,219.2,0.6162405738458708,27,0,4.622034210042303,4.713768773428311,4.90120664731502,3.3714639004770706,High
REGION X,BUKIDNON,LANTAPAN,12767,0.3970392417952534,0.5918383332027884,0.004229654578209446,61776,0,1,14,0,1,0,85.7,0.6,0,219.2,0.6929584083966476,16,0,4.838724837471607,4.918400465880169,5.084001459783026,3.529525177124986,High
REGION X,BUKIDNON,LIBONA,9919,0.3260409315455187,0.6580300433511442,0.011291460832745237,43969,0,1,14,0,0,16,85.7,0.6,0,219.2,0.6550559532210909,15,0.36389274261411453,4.432805726383708,4.581326798204238,4.687162459037277,3.2334344154916863,High
REGION X,BUKIDNON,MALITBOG,4974,0.24688379573783675,0.748291113791717,0.0012062726176115801,24453,0,1,10,0,0,1,85.7,0.6,0,219.2,0.6210293526336952,11,0.040894777736883,4.916164053075995,4.002735249088131,5.249060828284198,3.586011890123388,High
REGION X,BUKIDNON,MANOLO FORTICH,21135,0.4761769576531819,0.5042819966879584,0.009321031464395552,100210,2,1,22,0,0,23,85.7,0.6,0,219.2,0.7283179559971611,25,0.22951801217443368,4.7414241779039505,5.399345621501453,4.895757837386107,3.4585508731026966,High
REGION X,BUKIDNON,MARAMAG,22712,0.5267699894328989,0.45570623458964427,0.005151461782317717,102089,4,1,20,0,1,1,85.7,0.6,0,219.2,0.754623106727721,26,0.009795374624102498,4.4949365973934485,5.417839431438387,4.638808277732095,3.278754718024155,High
REGION X,BUKIDNON,PANGANTUCAN,11326,0.3405438813349815,0.6530990641003002,0.0015892636411795867,53126,0,1,19,0,0,1,85.7,0.6,0,219.2,0.6670934133851316,20,0.018823175093174715,4.69062334451704,4.76874161940924,4.944495362847767,3.421495072973396,High
REGION X,BUKIDNON,QUEZON,22903,0.4075448631183688,0.581714185914509,0.0025760817360171158,104116,1,1,32,0,2,23,85.7,0.6,0,219.2,0.6984019560756233,36,0.22090744938338006,4.545954678426407,5.437413730953573,4.688179866918067,3.3159689857378196,High
REGION X,BUKIDNON,SAN FERNANDO,12312,0.20825211176088368,0.7782651072124757,0.010721247563352826,56138,0,1,23,0,0,0,85.7,0.6,0,219.2,0.5973846653671215,24,0,4.559616634178037,4.823432435107666,4.869329098046645,3.3259344659859886,High
REGION X,BUKIDNON,SUMILAO,5546,0.5001803101334295,0.47493689145329965,0.007032095203750451,27660,1,1,10,0,0,1,85.7,0.6,0,219.2,0.7376487558600793,12,0.036153289949385395,4.987378290659935,4.123849641337736,5.200202536720955,3.6379578992404547,High
REGION X,BUKIDNON,TALAKAG,14012,0.19647445047102483,0.7881815586640023,0.006708535540964887,71644,0,1,10,0,0,23,85.7,0.6,0,219.2,0.590565229803026,11,0.32103176818714757,5.113045960605196,5.0655874626325375,5.451355210257024,3.7296240344146545,High
REGION X,CAMIGUIN,CATARMAN,4060,0.5428571428571428,0.45492610837438424,0.0017241379310344827,16798,0,1,13,0,0,19,85.7,0.6,0,219.2,0.770320197044335,14,1.1310870341707346,4.13743842364532,3.6355315240916752,4.211428867057147,3.0179837820021858,Low
REGION X,CAMIGUIN,GUINSILIBAN,1452,0.3608815426997245,0.6336088154269972,0,6281,0,1,6,0,0,22,85.7,0.6,0,219.2,0.6776859504132231,7,3.502626970227671,4.325757575757576,2.6950080541745307,4.306547466485468,3.155349970624383,Low
REGION X,CAMIGUIN,MAHINOG,3134,0.5392469687300574,0.4511805998723676,0.0019144862795149968,14038,0,1,12,0,0,21,85.7,0.6,0,219.2,0.7648372686662412,13,1.4959395925345491,4.479259731971921,3.461210804970124,4.529840837177807,3.267319496336163,Low
REGION X,CAMIGUIN,MAMBAJAO,8542,0.6579255443690002,0.33505033949894636,5.853430110044487e-4,38735,1,1,15,0,0,17,85.7,0.6,0,219.2,0.8254507141184734,17,0.43887956628372277,4.534652306251464,4.455968423377041,4.604085387420874,3.3077246634230293,Low
REGION X,CAMIGUIN,SAGAY,2875,0.3551304347826087,0.6337391304347826,0.0017391304347826088,12626,0,1,9,0,1,29,85.7,0.6,0,219.2,0.6719999999999999,11,2.2968477744337084,4.391652173913044,3.3587055214697292,4.470916178205036,3.203415659630949,Low
REGION X,LANAO DEL NORTE,BACOLOD,5104,0.28820532915360503,0.7070924764890282,0.0041144200626959246,23034,1,1,16,0,1,3,85.7,0.6,0,219.2,0.6417515673981191,19,0.13024225058609012,4.512931034482759,3.944078339225261,4.785947401033716,3.291880452776226,High
REGION X,LANAO DEL NORTE,BALOI,6946,0.3856896055283616,0.6117189749496112,0.001295709761013533,58383,0,1,8,0,1,5,85.7,0.6,0,219.2,0.6915490930031672,10,0.08564136820649847,8.40526921969479,4.862335064737913,8.66760476061482,6.13108005267938,High
REGION X,LANAO DEL NORTE,BAROY,5528,0.47395079594790157,0.5209840810419681,0.003256150506512301,22600,1,1,10,0,0,11,85.7,0.6,0,219.2,0.7344428364688856,12,0.4867256637168142,4.088277858176555,3.925428745610986,4.263824157681442,2.9821244472865596,Low
REGION X,LANAO DEL NORTE,ILIGAN,74647,0.5861454579554436,0.4069821962034643,0.004554771122751082,342618,7,1,47,0,2,23,85.7,0.6,0,219.2,0.7896365560571758,57,0.0671301566175741,4.589842860396265,6.625490989139427,4.573050291055806,3.3479824703735366,Low
REGION X,LANAO DEL NORTE,KAPATAGAN,13416,0.3815593321407275,0.606067382230173,0.0036523553965414433,62853,2,1,20,0,1,5,85.7,0.6,0,219.2,0.684593023255814,24,0.07955069765961847,4.684928443649373,4.935558912672785,4.900299646225089,3.4173410248163276,High
REGION X,LANAO DEL NORTE,KAUSWAGAN,5255,0.3587059942911513,0.6363463368220742,0.004947668886774501,26278,0,1,12,0,1,5,85.7,0.6,0,219.2,0.6768791627021884,14,0.19027323236167135,5.000570884871551,4.0734450816021885,5.252536713852477,3.6475810117309395,High
REGION X,LANAO DEL NORTE,KOLAMBUGAN,6197,0.35178312086493463,0.646764563498467,0.0014523156365983541,27005,1,2,15,0,0,10,85.7,0.6,0,219.2,0.6751654026141681,18,0.37030179596371043,4.357753751815395,4.100276765194329,4.579704207996528,3.178689034687965,Low
REGION X,LANAO DEL NORTE,LALA,15051,0.5032888180187363,0.48940269749518306,0.006046109893030363,67727,2,1,26,0,2,43,85.7,0.6,0,219.2,0.7479901667663278,31,0.6349018855109484,4.499833898079862,5.009727855831996,4.574704248229264,3.282326970353692,Low
REGION X,LANAO DEL NORTE,LINAMON,4195,0.48462455303933255,0.5137067938021455,0.0011918951132300357,20341,0,1,7,0,1,5,85.7,0.6,0,219.2,0.7414779499404053,9,0.2458089572784032,4.848867699642431,3.8223065475494877,5.050677448843424,3.536923714674135,High
REGION X,LANAO DEL NORTE,MAGSAYSAY,3833,0.17218888599008608,0.8137229324289068,0.014088181581007045,19019,0,1,5,0,0,0,85.7,0.6,0,219.2,0.5790503522045395,6,0,4.961909731280981,3.7566259959212807,5.359888738174088,3.619380293657887,High
REGION X,LANAO DEL NORTE,MAIGO,4781,0.36875130725789584,0.6281112737920937,0.003137418950010458,21666,0,1,13,0,0,4,85.7,0.6,0,219.2,0.6828069441539427,14,0.18462106526354657,4.531687931395106,3.884073388553059,4.778214639285629,3.305562350821799,High
REGION X,LANAO DEL NORTE,MATUNGAO,1541,0.25048669695003245,0.7495133030499675,0,13975,0,1,3,0,1,0,85.7,0.6,0,219.2,0.6252433484750162,5,0,9.068786502271253,3.4568543911807277,9.424433586317067,6.615071400187974,High
REGION X,LANAO DEL NORTE,MUNAI,4893,0.07970570202329859,0.8853464132434089,0.03392601675863478,32973,0,1,3,0,0,2,85.7,0.6,0,219.2,0.522378908645003,4,0.060655687987140994,6.738810545677499,4.2969405032091705,7.195849894632836,4.915510239526751,High
REGION X,LANAO DEL NORTE,NUNUNGAN,3456,0.19270833333333334,0.8023726851851852,0.0028935185185185184,18367,0,1,24,0,0,3,85.7,0.6,0,219.2,0.5938946759259259,25,0.16333641857679534,5.314525462962963,3.7225720789659285,5.609058217791015,3.876589815717056,High
REGION X,LANAO DEL NORTE,PANTAO RAGAT,2335,0.27194860813704497,0.7044967880085653,8.565310492505353e-4,27866,0,1,3,0,0,0,85.7,0.6,0,219.2,0.6241970021413277,4,0,11.93404710920771,4.131149989123559,12.294699019730663,8.705086805257178,High
REGION X,LANAO DEL NORTE,PANTAR,2623,0.24895158215783453,0.7499046892870759,0.001143728555089592,21773,0,1,3,0,0,0,85.7,0.6,0,219.2,0.6239039268013724,4,0,8.300800609988563,3.8888987692921875,8.66172137072949,6.054877209872134,High
REGION X,LANAO DEL NORTE,POONA PIAGAPO,3648,0.10608552631578948,0.8908991228070176,8.223684210526315e-4,27018,0,1,6,0,0,4,85.7,0.6,0,219.2,0.5515350877192983,7,0.1480494485158043,7.40625,4.100750069751618,7.814591930301383,5.402362548216572,High
REGION X,LANAO DEL NORTE,SALVADOR,6830,0.3740849194729136,0.6225475841874085,0.001171303074670571,31845,0,1,9,0,0,1,85.7,0.6,0,219.2,0.6853587115666179,10,0.03140210394096404,4.662518301610541,4.262613818521471,4.935855253730424,3.400994329518329,High
REGION X,LANAO DEL NORTE,SAPAD,4354,0.31327514928801103,0.6809830041341295,0.005282498851630684,21309,0,1,5,0,0,0,85.7,0.6,0,219.2,0.6537666513550757,6,0,4.894120349104272,3.867803203225153,5.217394174567573,3.569932486813911,High
REGION X,LANAO DEL NORTE,SULTAN NAGA DIMAPORO,11422,0.22973209595517421,0.7645771318508142,0.003939765365084924,56764,0,1,5,0,0,2,85.7,0.6,0,219.2,0.6120206618805814,6,0.03523359875977732,4.969707581859569,4.83443315143661,5.331659877379293,3.6250683025587955,High
REGION X,LANAO DEL NORTE,TAGOLOAN,2546,0.07619795758051846,0.903770620581304,7.855459544383347e-4,13253,0,1,3,0,0,4,85.7,0.6,0,219.2,0.5280832678711704,4,0.30181845619859654,5.205420267085625,3.405524472951482,5.635008293794721,3.7970048943299086,High
REGION X,LANAO DEL NORTE,TANGCAL,2227,0.09744050291872475,0.9025594970812753,0,15181,0,1,2,0,0,5,85.7,0.6,0,219.2,0.5487202514593623,3,0.32935906725512154,6.816793893129771,3.537121185188139,7.227175839201936,4.972393860206679,High
REGION X,LANAO DEL NORTE,TUBOD,10949,0.36003287971504244,0.6390537948671111,3.6533016713855145e-4,47165,1,1,24,0,1,2,85.7,0.6,0,219.2,0.6795597771485979,27,0.0424043252411746,4.307699333272445,4.650799837184362,4.519738114926666,3.1421776941162602,Low
REGION X,MISAMIS OCCIDENTAL,ALORAN,6313,0.45208300332646917,0.5428480912402978,0.003484872485347695,27625,0,1,6,0,0,8,85.7,0.6,0,219.2,0.723507048946618,7,0.2895927601809955,4.375891018533186,4.122603976935881,4.599551759086287,3.191918954072702,Low
REGION X,MISAMIS OCCIDENTAL,BALIANGAO,3841,0.26269200728976827,0.7307992710231711,0.005206977349648529,17092,0,1,4,0,0,1,85.7,0.6,0,219.2,0.6280916428013539,5,0.058506903814650124,4.449882843009633,3.6524285175854603,4.7974469293622795,3.2458910265014986,High
REGION X,MISAMIS OCCIDENTAL,BONIFACIO,7201,0.2396889320927649,0.7567004582696848,6.943480072212193e-4,32345,1,1,7,0,0,1,85.7,0.6,0,219.2,0.6180391612276073,9,0.03091667954861648,4.491737258714068,4.277975123007491,4.836329941825214,3.2764210150758952,High
REGION X,MISAMIS OCCIDENTAL,CALAMBA,4937,0.40733238808993316,0.5890216730808183,6.076564715414219e-4,21676,1,1,4,0,0,5,85.7,0.6,0,219.2,0.7018432246303423,6,0.23066986528879868,4.390520559043954,3.88452534637084,4.645003985835415,3.202590222495047,High
REGION X,MISAMIS OCCIDENTAL,CLARIN,8293,0.4612323646448812,0.5332207886169058,0.0019293379959001568,37548,1,1,9,0,1,5,85.7,0.6,0,219.2,0.7278427589533341,12,0.13316288484073718,4.527673941878692,4.425211882509937,4.741622294344895,3.302634414736411,High
REGION X,MISAMIS OCCIDENTAL,CONCEPCION,2457,0.035002035002035005,0.9641839641839642,4.07000407000407e-4,10937,0,1,1,0,0,3,85.7,0.6,0,219.2,0.5170940170940171,2,0.2742982536344518,4.451363451363451,3.2204556163402684,4.9021757976334746,3.2469710309732953,High
REGION X,MISAMIS OCCIDENTAL,DON VICTORIANO CHIONGBIAN,2479,0.12827753126260588,0.8624445340863252,0.007260992335619202,10183,0,1,2,0,0,1,85.7,0.6,0,219.2,0.5594997983057685,3,0.09820288716488265,4.107704719645018,3.15197650323278,4.5280277759155405,2.9962950395331913,Low
REGION X,MISAMIS OCCIDENTAL,JIMENEZ,6307,0.5138734739178691,0.4842238782305375,1.5855398763278897e-4,27654,1,1,5,0,1,0,85.7,0.6,0,219.2,0.7559854130331378,8,0,4.384651973997146,4.123636209039712,4.597950519915652,3.198309483380394,Low
REGION X,MISAMIS OCCIDENTAL,LOPEZ JAENA,5803,0.3174220230915044,0.6765466138204377,0.001033947957952783,25055,1,1,6,0,0,1,85.7,0.6,0,219.2,0.6556953300017232,8,0.039912193175014966,4.317594347751164,4.026616783025479,4.627588927313153,3.1493954434001608,Low
REGION X,MISAMIS OCCIDENTAL,OROQUIETA,16340,0.4748470012239902,0.5205018359853121,0.0025091799265605876,70757,2,1,14,0,2,9,85.7,0.6,0,219.2,0.7350979192166462,19,0.12719589581242843,4.3302937576499385,5.053208624532098,4.510348265815329,3.1586588110182663,Low
REGION X,MISAMIS OCCIDENTAL,OZAMIZ,29626,0.431006548302167,0.5635927901167893,0.0037129548369675284,141828,6,1,21,0,5,6,85.7,0.6,0,219.2,0.7128029433605616,33,0.04230476351637195,4.787281441976642,5.745365600242702,4.942849151716119,3.492000671042273,High
REGION X,MISAMIS OCCIDENTAL,PANAON,2406,0.4630091438071488,0.5324189526184538,0.0012468827930174563,10209,0,1,3,0,0,4,85.7,0.6,0,219.2,0.7292186201163757,4,0.39181114702713293,4.243142144638404,3.154417599173531,4.463487840549248,3.0950875556393393,Low
REGION X,MISAMIS OCCIDENTAL,PLARIDEL,9151,0.3926346847339089,0.6013550431646815,0.0044803846574144905,38900,1,1,8,0,0,4,85.7,0.6,0,219.2,0.6933122063162496,10,0.10282776349614396,4.250901540815211,4.460169847140419,4.509890313488465,3.1007475146337504,Low
REGION X,MISAMIS OCCIDENTAL,SAPANG DALAGA,4545,0.22706270627062705,0.7678767876787679,0.004840484048404841,19983,0,1,4,0,0,32,85.7,0.6,0,219.2,0.611001100110011,5,1.6013611569834358,4.3966996699669965,3.804941765729043,4.622812250900738,3.207097469405686,Low
REGION X,MISAMIS OCCIDENTAL,SINACABAN,4088,0.3921232876712329,0.586105675146771,0.01761252446183953,18391,0,1,4,0,0,3,85.7,0.6,0,219.2,0.6851761252446185,5,0.1631232668152901,4.498776908023483,3.723846373084294,4.77986849490525,3.2815559670126735,High
REGION X,MISAMIS OCCIDENTAL,TANGUB,12868,0.35304631644389184,0.6437674852346907,0.001554243083618278,63011,1,1,13,0,0,9,85.7,0.6,0,219.2,0.6749300590612373,15,0.14283220390090617,4.896720547093565,4.938051540244226,5.151091370488932,3.5718291568203666,High
REGION X,MISAMIS OCCIDENTAL,TUDELA,6468,0.40522572665429807,0.5926097711811997,0.0013914656771799629,28932,0,1,7,0,0,3,85.7,0.6,0,219.2,0.7015306122448979,8,0.10369141435089174,4.4730983302411875,4.168098862317423,4.731544030176894,3.262825167093343,High
REGION X,MISAMIS ORIENTAL,ALUBIJID,7627,0.32437393470565096,0.661990297626852,0.0032778287662252525,29724,0,1,16,0,0,1,85.7,0.6,0,219.2,0.655369083519077,17,0.03364284753061499,3.8972072898911763,4.194692817463378,4.173088492045665,2.842751285136836,Low
REGION X,MISAMIS ORIENTAL,BALINGASAG,14514,0.4686509576960176,0.5220476781038997,0.002687060768912774,67059,1,1,30,0,0,3,85.7,0.6,0,219.2,0.7296747967479675,32,0.04473672437704111,4.6202976436544025,4.999882233274913,4.762591598001383,3.3701971917896127,High
REGION X,MISAMIS ORIENTAL,BALINGOAN,2243,0.41506910387873386,0.5702184574230941,0.007133303611234953,11051,0,1,0,0,0,4,85.7,0.6,0,219.2,0.7001783325902808,1,0.3619581938286128,4.926883637984842,3.2304129357237925,5.190631341804333,3.5938311082221532,High
REGION X,MISAMIS ORIENTAL,BINUANGAN,1523,0.4392646093237032,0.5495732107682206,0.007879185817465528,7515,0,1,3,0,0,2,85.7,0.6,0,219.2,0.7140512147078135,4,0.2661343978709248,4.934340118187787,2.86322721121517,5.1811106046401925,3.599270110333871,High
REGION X,MISAMIS ORIENTAL,CAGAYAN DE ORO,158021,0.6823143759373754,0.30819954309870207,0.0037463375121028217,675950,12,27,33,0,16,100,85.7,0.6,0,219.2,0.8364141474867265,88,0.14793993638582736,4.277596015719429,7.304339804519023,4.086213982777802,3.120219343355014,Low
REGION X,MISAMIS ORIENTAL,EL SALVADOR,11769,0.4327470473277254,0.5565468603959555,0.003908573370719687,50204,0,1,15,0,1,2,85.7,0.6,0,219.2,0.7110204775257032,17,0.039837463150346586,4.2657829892089385,4.712663952647151,4.485508281902527,3.111602532958205,Low
REGION X,MISAMIS ORIENTAL,CLAVERIA,10985,0.2761948111060537,0.7108784706417842,0.002913063268092854,48906,0,1,24,0,0,1,85.7,0.6,0,219.2,0.6316340464269459,25,0.0204473888684415,4.45207100591716,4.6867076651646276,4.721793071033902,3.2474871445559823,High
REGION X,MISAMIS ORIENTAL,GINGOOG,26307,0.3684190519633558,0.61382901889231,0.009921313718782073,124648,3,1,79,0,2,17,85.7,0.6,0,219.2,0.6753335614095108,85,0.13638405750593674,4.7382065609913715,5.6166849266812315,4.720447285629364,3.4562038374094612,High
REGION X,MISAMIS ORIENTAL,GITAGUM,3852,0.41147455867082033,0.5825545171339563,0.001557632398753894,16373,0,1,10,0,0,1,85.7,0.6,0,219.2,0.7027518172377984,11,0.06107616197398156,4.250519210799585,3.6105895884814743,4.49984190097167,3.1004686305348503,Low
REGION X,MISAMIS ORIENTAL,INITAO,7361,0.39274555087623964,0.5981524249422633,0.0033962776796630893,32370,1,1,15,0,1,1,85.7,0.6,0,219.2,0.6918217633473713,18,0.03089280197713933,4.397500339627768,4.278737028757026,4.6332931859018185,3.2076815042126188,High
REGION X,MISAMIS ORIENTAL,JASAAN,11933,0.5105170535489818,0.48018101064275537,0.0031006452694209334,54478,0,1,15,0,1,1,85.7,0.6,0,219.2,0.7506075588703595,17,0.018356033628253606,4.565323053716584,4.79366137142237,4.74739852231302,3.3300969162407674,High
REGION X,MISAMIS ORIENTAL,KINOGUITAN,2984,0.35254691689008044,0.6457774798927614,6.702412868632708e-4,14391,0,1,10,0,0,1,85.7,0.6,0,219.2,0.6754356568364611,11,0.06948787436592314,4.822721179624665,3.4852755666024686,5.098592078022837,3.517851582284575,High
REGION X,MISAMIS ORIENTAL,LAGONGLONG,4474,0.4414394278050961,0.5422440768886903,0.002905677246312025,21659,0,1,10,0,0,1,85.7,0.6,0,219.2,0.7125614662494413,11,0.046170183295627686,4.841081805990165,3.8837568964984586,5.081960807597669,3.5312444275488826,High
REGION X,MISAMIS ORIENTAL,LAGUINDINGAN,5604,0.5110635260528195,0.48162027123483225,3.5688793718772306e-4,24405,0,1,10,0,0,3,85.7,0.6,0,219.2,0.7518736616702356,11,0.1229256299938537,4.354925053533191,4.000806294986418,4.549610478427141,3.176625689046111,Low
REGION X,MISAMIS ORIENTAL,LIBERTAD,2707,0.42223864056150723,0.5663095677872183,0.001847063169560399,12354,0,1,9,0,0,3,85.7,0.6,0,219.2,0.7053934244551163,10,0.24283632831471588,4.563723679349834,3.337692708142141,4.797945401465741,3.3289302799296103,High
REGION X,MISAMIS ORIENTAL,LUGAIT,4372,0.4691216834400732,0.5198993595608418,0.004574565416285453,19758,0,1,8,0,1,2,85.7,0.6,0,219.2,0.7290713632204942,10,0.10122482032594392,4.519213174748399,3.793871792002645,4.742520114346112,3.2964628526808655,High
REGION X,MISAMIS ORIENTAL,MAGSAYSAY,6970,0.306025824964132,0.6688665710186513,0.021233859397417502,34605,0,1,15,0,0,1,85.7,0.6,0,219.2,0.6404591104734576,16,0.028897558156335792,4.964849354375897,4.344607567581228,5.259972726262947,3.6215245515095456,High
REGION X,MISAMIS ORIENTAL,MANTICAO,6384,0.39865288220551376,0.5892857142857143,0.0036027568922305762,28422,1,1,12,0,0,16,85.7,0.6,0,219.2,0.693295739348371,14,0.5629441981563578,4.452067669172933,4.150591868537021,4.654156612559177,3.2474847106249043,High
REGION X,MISAMIS ORIENTAL,MEDINA,7060,0.46983002832861187,0.5181303116147309,0.00594900849858357,32907,0,1,12,0,1,2,85.7,0.6,0,219.2,0.7288951841359773,14,0.06077734220682529,4.661048158640226,4.294964156378602,4.872649603375738,3.399921958841758,High
REGION X,MISAMIS ORIENTAL,NAAWAN,4663,0.38730431052970193,0.5530774179712631,0.054900278790478235,21213,0,1,9,0,0,1,85.7,0.6,0,219.2,0.6638430195153335,10,0.04714090416254184,4.549217242118807,3.8633824840616713,4.842616527214299,3.318348807091811,High
REGION X,MISAMIS ORIENTAL,OPOL,13978,0.573973386750608,0.4200171698383174,0.0012877378738016883,61503,0,1,14,0,2,1,85.7,0.6,0,219.2,0.7839819716697667,17,0.016259369461652275,4.399985691801402,4.914003931247178,4.5488870745101515,3.2094944019006486,Low
REGION X,MISAMIS ORIENTAL,SALAY,6141,0.39960918417195895,0.594365738479075,9.770395701025891e-4,28705,1,2,17,0,0,1,85.7,0.6,0,219.2,0.6967920534114964,20,0.03483713638738896,4.674320143299137,4.160344358926291,4.896994534868019,3.4096029813378665,High
REGION X,MISAMIS ORIENTAL,SUGBONGCOGON,1895,0.40686015831134564,0.59155672823219,5.277044854881266e-4,9226,0,1,6,0,0,2,85.7,0.6,0,219.2,0.7026385224274406,7,0.21677866897897247,4.868601583113456,3.057708828156155,5.119563490220553,3.5513182588759555,High
REGION X,MISAMIS ORIENTAL,TAGOLOAN,16661,0.4656983374347278,0.5239181321649361,0.005701938659144109,73150,1,1,10,0,1,1,85.7,0.6,0,219.2,0.7276574035171959,13,0.01367053998632946,4.390492767540964,5.086260257893244,4.611532638337023,3.2025699504579284,Low
REGION X,MISAMIS ORIENTAL,TALISAYAN,5310,0.4001883239171375,0.5854990583804143,0.011864406779661017,24505,1,1,7,0,0,2,85.7,0.6,0,219.2,0.6929378531073447,9,0.08161599673536013,4.614877589453861,4.0048207590039535,4.879991171229672,3.366243625838921,High
REGION X,MISAMIS ORIENTAL,VILLANUEVA,8518,0.5738436252641466,0.41782108476168117,0.0038741488612350316,39378,0,1,12,0,0,1,85.7,0.6,0,219.2,0.7827541676449872,13,0.025394890548021735,4.622916177506457,4.472242542498946,4.787744967425557,3.372107236577943,High
REGION XI,COMPOSTELA VALLEY,COMPOSTELA,18791,0.4618168272045128,0.5224841679527433,0.007716460007450375,87474,0,1,17,0,1,24,100,0.4,0,430.5,0.7230589111808845,19,0.27436724055147815,4.655100846149753,5.934696996282897,4.83406566712171,3.1727061162068075,High
REGION XI,COMPOSTELA VALLEY,LAAK,17401,0.286880064364117,0.700534452042986,0.007413367047870812,73874,1,1,38,0,0,1,100,0.4,0,430.5,0.63714729038561,40,0.01353656225464981,4.245388196080685,5.766203336385016,4.451959840538182,2.8934645114118047,Low
REGION XI,COMPOSTELA VALLEY,MABINI,9618,0.4024745269286754,0.5906633395716365,3.1191515907673113e-4,41102,0,1,11,0,0,16,100,0.4,0,430.5,0.6978061967144937,12,0.38927546104812416,4.273445622790601,5.182393016215386,4.494505854347672,2.9125871839960524,Low
REGION XI,COMPOSTELA VALLEY,MACO,18666,0.44508732454730526,0.5387870995392693,0.0012321868638165649,81277,0,1,32,0,0,2,100,0.4,0,430.5,0.71448087431694,33,0.024607207451062416,4.354280510018215,5.861420190557424,4.50977123788757,2.967680585747394,Low
REGION XI,COMPOSTELA VALLEY,MARAGUSAN,14022,0.4748252745685352,0.5068463842533162,0.005634003708458137,60842,1,1,25,0,0,25,100,0.4,0,430.5,0.7282484666951933,27,0.410900364879524,4.3390386535444305,5.572793287886334,4.469387854058732,2.9572924259942663,Low
REGION XI,COMPOSTELA VALLEY,MAWAB,8272,0.5124516441005803,0.4709864603481625,0.0026595744680851063,37065,1,1,11,0,0,19,100,0.4,0,430.5,0.7479448742746615,13,0.5126129772022123,4.4807785299806575,5.079620694444187,4.636722328740121,3.053895912737537,High
REGION XI,COMPOSTELA VALLEY,MONKAYO,21308,0.37413178149052,0.5550966773042989,0.03923409048244791,94908,0,1,23,0,1,1,100,0.4,0,430.5,0.6516801201426694,25,0.010536519576853375,4.454101745823165,6.016056110690635,4.70480072586434,3.0357142236497032,High
REGION XI,COMPOSTELA VALLEY,MONTEVISTA,9933,0.4155844155844156,0.5739454344105507,0.004429678848283499,43706,1,1,20,0,0,19,100,0.4,0,430.5,0.7025571327896909,22,0.43472292133803137,4.4000805396154234,5.243487055865747,4.573403991988165,2.99889581369368,Low
REGION XI,COMPOSTELA VALLEY,NABUNTURAN,18810,0.4935672514619883,0.4915470494417863,0.002073365231259968,82234,0,1,29,0,3,51,100,0.4,0,430.5,0.7393407761828814,33,0.6201814334703407,4.371823498139288,5.87309282383404,4.448969456545074,2.9796370927163687,Low
REGION XI,COMPOSTELA VALLEY,NEW BATAAN,11579,0.5201658174281026,0.46670696951377494,0.009327230330771224,47726,0,1,16,0,1,3,100,0.4,0,430.5,0.7535193021849901,18,0.06285881909231866,4.121772173762847,5.331032996296209,4.2931019762492815,2.8092134236199366,Low
REGION XI,COMPOSTELA VALLEY,PANTUKAN,19132,0.35155759983274093,0.6292598787371942,0.010192347898808279,85899,1,1,13,0,2,24,100,0.4,0,430.5,0.6661875392013381,17,0.27939789753082106,4.489807652101192,5.916576092380036,4.732972351828076,3.06004975385131,High
REGION XI,DAVAO DEL NORTE,ASUNCION,13700,0.37357664233576643,0.6134306569343065,0.0024817518248175185,59322,0,1,20,0,2,24,100,0.4,0,430.5,0.6802919708029197,23,0.4045716597552342,4.33007299270073,5.5475905384375075,4.524508725753394,2.951181837215471,Low
REGION XI,DAVAO DEL NORTE,BRAULIO E. DUJALI,5367,0.4958077138065959,0.49357182783678033,0.002422209800633501,30104,0,1,5,0,1,25,100,0.4,0,430.5,0.742593627724986,7,0.8304544246611746,5.6090926029439165,4.873043371524101,5.765169280537316,3.8229037341800334,High
REGION XI,DAVAO DEL NORTE,CARMEN,16611,0.4723978086809945,0.5160435855758233,0.003431461080007224,74679,2,1,20,0,2,12,100,0.4,0,430.5,0.7304196014689062,25,0.1606877435423613,4.495755824453675,5.777007567424685,4.654206963734859,3.064103759001077,High
REGION XI,DAVAO DEL NORTE,PANABO,41965,0.6284761110449184,0.36170618372453234,0.0013821041343977125,184599,5,1,40,0,10,24,100,0.4,0,430.5,0.8093292029071846,56,0.130011538524044,4.398880019063506,6.680148144435522,4.360644204777712,2.998077593203172,Low
REGION XI,DAVAO DEL NORTE,TAGUM,59296,0.6493861305990286,0.34140582838640043,0.001096195358877496,259444,6,1,30,0,7,7,100,0.4,0,430.5,0.8200890447922289,44,0.026980774271133653,4.375404749055585,7.020140837542036,4.38238846196707,2.982077911306842,Low
REGION XI,DAVAO DEL NORTE,ISLAND GARDEN SAMAL,25523,0.3423186929436195,0.6286486698272147,0.01097049719860518,104123,1,3,46,0,4,0,100,0.4,0,430.5,0.6566430278572268,54,0,4.079575285037025,6.108505100525968,4.213426376172341,2.7804539334670983,Low
REGION XI,DAVAO DEL NORTE,KAPALONG,17150,0.4125947521865889,0.5770262390670554,0.006122448979591836,76334,2,1,14,0,1,28,100,0.4,0,430.5,0.7011078717201167,18,0.36680902350197814,4.4509620991253644,5.798859918288655,4.6474536158291695,3.033574382514128,High
REGION XI,DAVAO DEL NORTE,NEW CORELLA,12367,0.3999353117166653,0.5947279049082235,8.086035416835126e-5,54844,0,1,20,0,2,11,100,0.4,0,430.5,0.697299264170777,23,0.20056888629567501,4.4347052640090565,5.469421222881802,4.630446524184647,3.0224944592410727,High
REGION XI,DAVAO DEL NORTE,SAN ISIDRO,6363,0.25176803394625175,0.7306302058777306,0.0026716957410026715,26651,0,1,13,0,0,0,100,0.4,0,430.5,0.6170831368851171,14,0,4.188433129027189,4.75220266859724,4.517350504237726,2.854646514646159,Low
REGION XI,DAVAO DEL NORTE,SANTO TOMAS,26041,0.5960216581544487,0.3929188587227833,0.0015360393226066587,118750,2,1,19,0,3,15,100,0.4,0,430.5,0.7924810875158403,25,0.12631578947368421,4.560116738988518,6.239678688350616,4.659639461035204,3.1079692463316584,High
REGION XI,DAVAO DEL NORTE,TALAINGOD,6137,0.11960241160175981,0.8758350985823692,0.0022812449079354733,27482,0,1,3,0,1,3,100,0.4,0,430.5,0.5575199608929444,5,0.10916236081798995,4.478083754277335,4.7826461719426945,4.891783389184594,3.0520592755435625,High
REGION XI,DAVAO DEL SUR,BANSALAN,14826,0.5319708619991906,0.45663024416565495,0.0035748010252259544,60440,4,1,25,0,0,1,100,0.4,0,430.5,0.7602859840820181,30,0.01654533421575116,4.076622150276541,5.566189358675865,4.198675400227501,2.778441210429246,Low
REGION XI,DAVAO DEL SUR,DIGOS,41299,0.5833071018668733,0.39819366086345914,0.005351219157848858,169393,9,1,31,0,8,30,100,0.4,0,430.5,0.7824039322986028,49,0.1771029499448029,4.101624736676433,6.5942964036513745,4.11331387884626,2.7954818420747536,Low
REGION XI,DAVAO DEL SUR,DAVAO,400675,0.6066512759717976,0.3741685905035253,0.004327697011293442,1632991,19,18,170,0,49,0,100,0.4,0,430.5,0.7937355712235602,256,0,4.075599925126349,8.859016545095788,3.2866413061409565,2.7777445080175607,Low
REGION XI,DAVAO DEL SUR,HAGONOY,12996,0.4517543859649123,0.5323176361957526,0.0020006155740227762,53309,1,1,22,0,0,59,100,0.4,0,430.5,0.7179132040627886,24,1.106754956949108,4.101954447522314,5.44115492653261,4.1918071026941135,2.7957065580695044,Low
REGION XI,DAVAO DEL SUR,KIBLAWAN,13425,0.16409683426443203,0.8294227188081936,2.97951582867784e-4,48897,0,1,30,0,1,31,100,0.4,0,430.5,0.5788081936685289,32,0.6339857250956091,3.642234636871508,5.355156824249106,3.8825127289740466,2.482382335201245,Low
REGION XI,DAVAO DEL SUR,MAGSAYSAY,13472,0.3856146080760095,0.6013212589073634,0.0014103325415676959,53876,0,1,22,0,0,48,100,0.4,0,430.5,0.6862752375296912,23,0.890934739030366,3.999109263657957,5.451689246046174,4.143873902152718,2.7256119339887515,Low
REGION XI,DAVAO DEL SUR,MALALAG,10025,0.2977556109725686,0.69356608478803,5.98503740648379e-4,38731,0,1,15,0,1,20,100,0.4,0,430.5,0.6445386533665836,17,0.5163822261237768,3.863441396508728,5.123320194837486,4.106893083281731,2.633146854046798,Low
REGION XI,DAVAO DEL SUR,MATANAO,13787,0.3987814607964024,0.5960687604264887,0.0012330456226880395,56755,2,1,34,0,0,33,100,0.4,0,430.5,0.6968158410096468,37,0.5814465685842657,4.116559077391746,5.503530300860897,4.224107428890598,2.8056604130004894,Low
REGION XI,DAVAO DEL SUR,PADADA,6869,0.4757606638520891,0.5124472266705489,0.0010190711894016596,26587,1,1,17,0,1,11,100,0.4,0,430.5,0.7319842771873635,20,0.41373603640877116,3.870577958945989,4.749819150005118,4.024091745818134,2.638010812109515,Low
REGION XI,DAVAO DEL SUR,SANTA CRUZ,22167,0.4224297378986782,0.555375107141246,0.005864573465060675,90987,2,1,22,0,2,14,100,0.4,0,430.5,0.7001172914693012,27,0.1538681350082979,4.104614968195967,5.973969861115179,4.2862184531110445,2.7975198485851274,Low
REGION XI,DAVAO DEL SUR,SULOP,8550,0.2967251461988304,0.6906432748538012,7.017543859649122e-4,33613,0,1,25,0,2,2,100,0.4,0,430.5,0.642046783625731,28,0.05950078838544611,3.931345029239766,4.982499275950555,4.17550356179567,2.6794268978092473,Low
REGION XI,DAVAO OCCIDENTAL,DON MARCELINO,11191,0.10848002859440622,0.8795460638012689,0.0014297203109641676,44554,0,1,15,0,0,9,100,0.4,0,430.5,0.5482530604950406,16,0.20200206490999684,3.9812349209185953,5.262603065938806,4.353110349251652,2.7134295907041257,Low
REGION XI,DAVAO OCCIDENTAL,JOSE ABAD SANTOS,17990,0.09388549193996665,0.9036131183991106,9.449694274596998e-4,76332,0,1,26,0,0,2,100,0.4,0,430.5,0.545692051139522,27,0.026201331027616202,4.243023902167871,5.798833796717327,4.590500336493874,2.891853115653558,Low
REGION XI,DAVAO OCCIDENTAL,MALITA,28204,0.1881293433555524,0.7997447170614097,0.0029073890228336406,117746,2,1,30,0,1,4,100,0.4,0,430.5,0.5880017018862572,34,0.033971430027347004,4.17479790100695,6.231204638768588,4.45207276743193,2.845353360154894,Low
REGION XI,DAVAO OCCIDENTAL,SANTA MARIA,13590,0.2108167770419426,0.7799852832965416,0.001692420897718911,53671,0,1,22,0,0,7,100,0.4,0,430.5,0.6008094186902134,23,0.1304242514579568,3.949300956585725,5.447893336901668,4.247829306271232,2.691664845470426,Low
REGION XI,DAVAO OCCIDENTAL,SARANGANI,5632,0.22443181818181818,0.7436079545454546,8.877840909090909e-4,24039,1,1,12,0,0,17,100,0.4,0,430.5,0.5962357954545454,14,0.7071841590748368,4.2682883522727275,4.649991063905734,4.554533590749074,2.9090722217523184,Low
REGION XI,DAVAO ORIENTAL,BAGANGA,13259,0.4476204841994117,0.5303567388189154,0.019307640093521383,56241,0,1,18,0,0,0,100,0.4,0,430.5,0.7127988536088694,19,0,4.241722603514594,5.494469788605191,4.4555432357950915,2.8909662093688797,Low
REGION XI,DAVAO ORIENTAL,BANAYBANAY,9251,0.4039563290455086,0.5878283428818506,0.002918603394227651,41117,0,1,14,0,1,1,100,0.4,0,430.5,0.6978705004864338,16,0.024320840528248656,4.444600583720679,5.1827558471212125,4.682807396326201,3.0292386614417306,High
REGION XI,DAVAO ORIENTAL,BOSTON,3212,0.4280821917808219,0.5600871731008717,0.007783312577833126,13535,0,1,8,0,0,1,100,0.4,0,430.5,0.7081257783312578,9,0.07388252678241596,4.213885429638855,4.082985542131987,4.46451341332018,2.871993651151044,Low
REGION XI,DAVAO ORIENTAL,CARAGA,9094,0.167692984385309,0.8232900813723334,0.00670771937541236,40379,0,1,18,0,0,6,100,0.4,0,430.5,0.5793380250714757,19,0.14859208994774512,4.440180338684847,5.164746607434378,4.774084391922323,3.0262260224197606,High
REGION XI,DAVAO ORIENTAL,CATEEL,9694,0.4436765009284093,0.523107076542191,0.025582834743140086,40704,0,1,17,0,0,3,100,0.4,0,430.5,0.7052300391995048,18,0.07370283018867924,4.198885908809573,5.1727174989103535,4.417515287366305,2.861770656408708,Low
REGION XI,DAVAO ORIENTAL,MATI,31853,0.32885442501491224,0.6406931843154491,0.011207735535114432,141141,2,1,33,0,1,0,100,0.4,0,430.5,0.6492010171726368,37,0,4.431011207735535,6.41210815836406,4.638482529783404,3.0199767576230063,High
REGION XI,DAVAO ORIENTAL,GOVERNOR GENEROSO,12448,0.36921593830334193,0.6179305912596401,0.0028116966580976864,55109,0,1,20,0,0,1,100,0.4,0,430.5,0.678181233933162,21,0.0181458563936925,4.427136889460154,5.4742212113119635,4.6661614117831425,3.0173361975804456,High
REGION XI,DAVAO ORIENTAL,LUPON,15210,0.33721236028928336,0.6525969756738987,2.6298487836949375e-4,65785,2,1,23,0,0,0,100,0.4,0,430.5,0.6635108481262327,26,0,4.325115055884287,5.650619240037213,4.561001954506961,2.9478027318037574,Low
REGION XI,DAVAO ORIENTAL,MANAY,9528,0.1746431570109152,0.8200041981528128,0.001889168765743073,42690,0,1,17,0,0,25,100,0.4,0,430.5,0.5846452560873217,18,0.5856172405715624,4.480478589420655,5.220092060565794,4.773724592467661,3.053691486822681,High
REGION XI,DAVAO ORIENTAL,SAN ISIDRO,7788,0.3473292244478685,0.6399589111453519,8.988186954288649e-4,36032,0,1,16,0,0,16,100,0.4,0,430.5,0.6673086800205444,17,0.44404973357015987,4.626605033384695,5.051533368922331,4.853775394006786,3.1532846595221984,High
REGION XI,DAVAO ORIENTAL,TARRAGONA,5632,0.17365056818181818,0.787109375,0.002130681818181818,26225,0,1,12,0,0,13,100,0.4,0,430.5,0.5672052556818181,13,0.4957102001906578,4.656427556818182,4.736229368969081,4.994594602876357,3.173610342171244,High
REGION XII,COTABATO (NORTH COTABATO),ALAMADA,14481,0.21849319798356467,0.7748083695877357,0.0018645121193287756,64596,0,1,17,0,0,1,100,0.7,0,517.6,0.6058973827774325,18,0.01548083472660846,4.460741661487466,5.816518925102945,4.7839967509586385,3.725334040817442,High
REGION XII,COTABATO (NORTH COTABATO),ALEOSAN,8803,0.23423832784278087,0.7628081335908213,6.815858230148812e-4,39405,0,1,19,0,0,5,100,0.7,0,517.6,0.6156423946381915,20,0.1268874508311128,4.476314892650233,5.324161096835945,4.771988670213741,3.738339835050509,High
REGION XII,COTABATO (NORTH COTABATO),ANTIPAS,6063,0.4308098301171037,0.5645719940623454,0.0016493485073396008,25304,1,1,12,0,0,3,100,0.7,0,517.6,0.7130958271482764,14,0.11855833069870375,4.173511462972126,4.883942423483054,4.395782093167195,3.4854572406614923,Low
REGION XII,COTABATO (NORTH COTABATO),ARAKAN,10656,0.19660285285285287,0.7900713213213213,0.005818318318318318,48228,0,1,27,0,0,6,100,0.7,0,517.6,0.5916385135135135,28,0.1244090569793481,4.525900900900901,5.525316372037999,4.81469284465248,3.7797509855951175,High
REGION XII,COTABATO (NORTH COTABATO),BANISILAN,9625,0.24581818181818182,0.7487792207792208,0.0013506493506493507,43677,0,1,20,0,0,89,100,0.7,0,517.6,0.6202077922077922,21,2.037685738489365,4.53787012987013,5.42661335143585,4.653496887410316,3.789746941313956,High
REGION XII,COTABATO (NORTH COTABATO),CARMEN,21810,0.23301237964236587,0.7614397065566254,0.0029344337459880788,95921,1,1,25,0,1,2,100,0.7,0,517.6,0.6137322329206786,28,0.0208504915503383,4.398028427326914,6.210918385796791,4.674095374302009,3.672959847520143,High
REGION XII,COTABATO (NORTH COTABATO),KIDAPAWAN,32921,0.5854014155098569,0.4041493271771817,0.002156678108198414,140195,7,1,40,0,4,1,100,0.7,0,517.6,0.7874760790984477,52,0.007132922001497914,4.258527991251785,6.589793618651912,4.268735683218271,3.5564577582585413,Low
REGION XII,COTABATO (NORTH COTABATO),KABACAN,19641,0.5243113894404562,0.47013899495952344,5.600529504607709e-4,89161,5,1,24,0,1,2,100,0.7,0,517.6,0.7593808869202179,31,0.022431332084655847,4.539534646912072,6.137989358774224,4.65813052654519,3.791137042438037,High
REGION XII,COTABATO (NORTH COTABATO),LIBUNGAN,11446,0.421369910885899,0.57260178228202,0.002795736501834702,48768,0,1,20,0,4,19,100,0.7,0,517.6,0.7076708020269089,25,0.3895997375328084,4.260702428796086,5.536406844969641,4.4213206769187545,3.55827371327637,Low
REGION XII,COTABATO (NORTH COTABATO),MAGPET,11084,0.34355828220858897,0.6485925658607001,0.0054132082280765065,49201,0,1,32,0,2,19,100,0.7,0,517.6,0.667854565138939,35,0.386171012784293,4.43892096715987,5.545211752484787,4.600753746280254,3.7071107538527,Low
REGION XII,COTABATO (NORTH COTABATO),MAKILALA,19170,0.48273343766301513,0.5074595722483046,6.781429316640585e-4,83851,2,1,35,0,2,1,100,0.7,0,517.6,0.7364632237871674,40,0.01192591620851272,4.374074074074074,6.076723778110959,4.481505482571533,3.652954661304357,Low
REGION XII,COTABATO (NORTH COTABATO),MATALAM,18693,0.4048574332637886,0.5851923179799925,0.003316749585406302,79361,1,1,34,0,0,42,100,0.7,0,517.6,0.6974535922537848,36,0.5292272022781971,4.245492965281121,6.021819301912699,4.361036048304365,3.54557171516156,Low
REGION XII,COTABATO (NORTH COTABATO),MIDSAYAP,33698,0.4568520386966586,0.521841058816547,0.01457059766158229,151684,6,1,54,0,3,1,100,0.7,0,517.6,0.7177725681049321,64,0.006592653147332613,4.501276040121075,6.668454616695061,4.5345510214672915,3.7591858331888504,Low
REGION XII,COTABATO (NORTH COTABATO),M'LANG,23008,0.4521905424200278,0.5378998609179416,0.00260778859527121,95070,5,1,37,0,1,7,100,0.7,0,517.6,0.7211404728789986,44,0.0736299568738824,4.132041029207232,6.202024880762457,4.233702134095731,3.4508237132537856,Low
REGION XII,COTABATO (NORTH COTABATO),PIGKAWAYAN,15201,0.4241168344187882,0.5685152292612328,0.002170909808565226,66796,0,1,40,0,1,3,100,0.7,0,517.6,0.7083744490494046,42,0.0449128690340739,4.394184593118874,5.84991154724652,4.518937573442952,3.6697497162215518,Low
REGION XII,COTABATO (NORTH COTABATO),PIKIT,35507,0.18224575435829554,0.7896189483763765,0.023234855098994565,154441,1,1,23,0,1,7,100,0.7,0,517.6,0.5770552285464838,26,0.04532475184698364,4.349593037992508,6.686444675542144,4.667968711994942,3.63250962234222,High
REGION XII,COTABATO (NORTH COTABATO),PRESIDENT ROXAS,10870,0.33707451701931923,0.6567617295308188,0.001655933762649494,47575,0,1,24,0,1,5,100,0.7,0,517.6,0.6654553817847286,26,0.10509721492380451,4.37672493100276,5.511738709987053,4.601215065796989,3.6551684921654957,Low
REGION XII,COTABATO (NORTH COTABATO),TULUNAN,13500,0.36014814814814816,0.6234814814814815,0.0057777777777777775,56513,1,1,29,0,2,92,100,0.7,0,517.6,0.671888888888889,33,1.6279440128819918,4.186148148148148,5.683262979071339,4.240224060770656,3.496010614297936,Low
REGION XII,SARANGANI,ALABEL,17830,0.3440269209197981,0.6459338194054963,0.0017386427369601794,80359,0,1,13,0,3,11,100,0.7,0,517.6,0.6669938306225462,17,0.13688572530768178,4.5069545709478405,6.034286213750595,4.762123173499287,3.7639281890112963,High
REGION XII,SARANGANI,GLAN,27955,0.19674476837774996,0.7954927562153461,9.658379538544089e-4,118263,0,1,31,0,2,17,100,0.7,0,517.6,0.594491146485423,34,0.14374741043267972,4.230477553210517,6.4199251032338696,4.491423324570648,3.533031776745833,Low
REGION XII,SARANGANI,KIAMBA,13576,0.36336181496758985,0.6219799646434885,0.00441956393635828,61058,2,1,20,0,2,10,100,0.7,0,517.6,0.674351797289334,25,0.16377870221756363,4.4974955804360635,5.760363210190681,4.71173527336648,3.756028628350897,High
REGION XII,SARANGANI,MAASIM,13163,0.3199118741928132,0.6705918103775735,0.0012914988984274102,59468,0,1,16,0,1,10,100,0.7,0,517.6,0.6552077793816,18,0.16815766462635368,4.517815087745954,5.734061548184429,4.778040266170678,3.772998217270989,High
REGION XII,SARANGANI,MAITUM,10397,0.3369241127248245,0.6553813600076945,6.732711359045878e-4,44595,0,1,19,0,3,5,100,0.7,0,517.6,0.6646147927286717,23,0.11212019284673169,4.289218043666442,5.447322911411346,4.525584773359814,3.582088181549333,Low
REGION XII,SARANGANI,MALAPATAN,15831,0.22215905501863434,0.7638178257848525,0.002779356957867475,76914,0,1,14,0,2,25,100,0.7,0,517.6,0.6040679679110605,17,0.325038354525834,4.858442296759523,5.990577308628301,5.159635188993419,4.05746888005843,High
REGION XII,SARANGANI,MALUNGON,24508,0.23906479516892443,0.7510200750775257,8.568630651215929e-4,103604,0,1,32,0,1,72,100,0.7,0,517.6,0.6145748327076872,34,0.6949538627852206,4.227354333278929,6.287820514828405,4.418701657625325,3.530423457678948,Low
REGION XII,SOUTH COTABATO,BANGA,20803,0.5352112676056338,0.45959717348459356,6.249098687689276e-4,83989,0,1,22,0,2,2,100,0.7,0,517.6,0.7650098543479306,25,0.023812642131707723,4.037350382156419,6.0783644297573485,4.173533585682178,3.3717439732520313,Low
REGION XII,SOUTH COTABATO,KORONADAL,42473,0.6304240340922468,0.3621359451887081,0.0014362065312080617,174942,4,1,34,0,8,38,100,0.7,0,517.6,0.8114920066866008,47,0.21721484834973875,4.118899065288536,6.810940792876233,4.105701616538296,3.4398483622326315,Low
REGION XII,SOUTH COTABATO,GENERAL SANTOS,143168,0.6462477648636566,0.3336220384443451,0.004623938310236925,594446,7,13,23,0,40,26,100,0.7,0,517.6,0.8130587840858292,83,0.0437382033018979,4.152087058560572,8.033338434429677,4.012946464432446,3.467564910391017,Low
REGION XII,SOUTH COTABATO,LAKE SEBU,18513,0.11310970669259439,0.8819208124020959,0.002214659968670664,87442,0,1,19,0,0,3,100,0.7,0,517.6,0.5540701128936423,20,0.03430845589076188,4.723275536109761,6.118563798417561,5.088915168728736,3.944586007018956,High
REGION XII,SOUTH COTABATO,NORALA,10547,0.5432824499857779,0.44676211244903763,0.0024651559685218544,46642,1,1,15,0,1,48,100,0.7,0,517.6,0.7666635062102967,18,1.0291153895630547,4.422300180146013,5.492013511735925,4.493726407951362,3.693230106115917,Low
REGION XII,SOUTH COTABATO,POLOMOLOK,36485,0.6883376730163081,0.29798547348225296,0.003563108126627381,152589,2,1,28,0,8,59,100,0.7,0,517.6,0.8373304097574346,39,0.38665958883012536,4.182239276414965,6.674395705109344,4.159101050002495,3.492746167702757,Low
REGION XII,SOUTH COTABATO,SANTO NIÑO,9594,0.5829685219929123,0.3976443610589952,0.0034396497811131957,40947,0,1,10,0,2,13,100,0.7,0,517.6,0.7817907025224099,13,0.3174835763303783,4.267979987492183,5.3623634273844365,4.407629989151603,3.5643514777384295,Low
REGION XII,SOUTH COTABATO,SURALLAH,20147,0.5081649873430287,0.48607733161264705,0.0010423388097483496,84539,3,1,19,0,3,7,100,0.7,0,517.6,0.7512036531493522,26,0.08280202036929701,4.196108601776939,6.084876647152629,4.336910017346176,3.504328965769773,Low
REGION XII,SOUTH COTABATO,TAMPAKAN,9391,0.42732403364923865,0.5431796400809286,0.006495580875306144,39525,0,1,15,0,1,48,100,0.7,0,517.6,0.6989138536897029,17,1.2144212523719167,4.208816952401235,5.32718697503944,4.3352258547253015,3.5149421899320403,Low
REGION XII,SOUTH COTABATO,TANTANGAN,10374,0.4606709080393291,0.5325814536340853,5.78368999421631e-4,43245,0,1,13,0,1,12,100,0.7,0,517.6,0.7269616348563717,15,0.2774887270204648,4.168594563331405,5.416717256355217,4.358888737320181,3.481350951842975,Low
REGION XII,SOUTH COTABATO,T'BOLI,21289,0.2240124007703509,0.7664051857766921,0.0032880830475832588,91453,0,1,25,0,1,34,100,0.7,0,517.6,0.607214993658697,27,0.3717756661891901,4.295786556437597,6.163316696664429,4.55074190818253,3.58757379494748,Low
REGION XII,SOUTH COTABATO,TUPI,16548,0.4699057287889775,0.518854242204496,0.0013294657964708727,69976,0,1,16,0,2,100,100,0.7,0,517.6,0.7293328498912255,19,1.429061392477421,4.22866811699299,5.896289780134926,4.297656897316341,3.531520648138221,Low
REGION XII,SULTAN KUDARAT,BAGUMBAYAN,15385,0.31933701657458563,0.6752681182970426,5.849853753656159e-4,67061,0,1,19,0,1,3,100,0.7,0,517.6,0.6569710757231069,21,0.044735390167161236,4.358856028599285,5.853859620326123,4.616740777949885,3.6402454960703774,Low
REGION XII,SULTAN KUDARAT,TACURONG,21588,0.6730127848804892,0.3135538261997406,9.264406151565684e-4,98316,9,1,25,0,2,23,100,0.7,0,517.6,0.8297896979803595,37,0.2339395418853493,4.554196775986659,6.235531328980486,4.560052625927948,3.8033819408646825,Low
REGION XII,SULTAN KUDARAT,COLUMBIO,8111,0.21698927382566885,0.778449019849587,0.0027123659228208605,33258,0,1,17,0,2,23,100,0.7,0,517.6,0.6062137837504624,20,0.6915629322268326,4.100357539144372,5.155463880773422,4.35473191027293,3.4243636326169447,Low
REGION XII,SULTAN KUDARAT,ESPERANZA,15756,0.4334856562579335,0.5499492256917999,0.0014597613607514597,66095,1,1,19,0,1,1,100,0.7,0,517.6,0.7084602691038335,22,0.015129737499054392,4.194909875602945,5.839391996057898,4.400071694296442,3.5033278642130172,Low
REGION XII,SULTAN KUDARAT,ISULAN,20220,0.6076656775469832,0.3781404549950544,0.002423343224530168,90682,3,1,21,0,5,1,100,0.7,0,517.6,0.7967359050445104,30,0.011027546811936217,4.484767556874382,6.154868297786015,4.570925283208075,3.7453989745747016,Low
REGION XII,SULTAN KUDARAT,KALAMANSIG,10664,0.14000375093773443,0.8509939984996249,0.0033758439609902473,49059,0,1,14,0,1,6,100,0.7,0,517.6,0.5655007501875469,16,0.12230171833914265,4.60043135783946,5.542332765495442,4.962244624845892,3.841994188492976,High
REGION XII,SULTAN KUDARAT,LAMBAYONG,17511,0.4492604648506653,0.539489463765633,0.00708126320598481,77013,1,1,26,0,2,6,100,0.7,0,517.6,0.7190051967334818,30,0.07790892446729773,4.397978413568614,5.991860416241456,4.555844210111471,3.672918079139357,Low
REGION XII,SULTAN KUDARAT,LEBAK,20319,0.23780697868989617,0.7540725429401053,0.0011811604901816035,88868,0,1,27,0,1,1,100,0.7,0,517.6,0.6148432501599488,29,0.011252644371427284,4.37364043506078,6.134704876353419,4.645559635448459,3.6525925129666494,High
REGION XII,SULTAN KUDARAT,LUTAYAN,13041,0.25918257802315775,0.7372134038800705,3.8340618050762977e-4,63029,0,1,11,0,1,12,100,0.7,0,517.6,0.627789279963193,13,0.19038855130178173,4.833141630243079,5.792035407540688,5.13824989526667,4.03633933672647,High
REGION XII,SULTAN KUDARAT,PALIMBANG,18993,0.12420365397778128,0.871900173748223,0.001421576370241668,90424,0,1,19,0,2,1,100,0.7,0,517.6,0.5601537408518928,22,0.011059010882066709,4.760911914916021,6.152025193420255,5.114777100144372,3.9760175701490446,High
REGION XII,SULTAN KUDARAT,PRESIDENT QUIRINO,9663,0.5837731553347821,0.407223429576736,0.0013453378867846425,41408,0,1,19,0,0,3,100,0.7,0,517.6,0.7873848701231502,20,0.07244976816074188,4.285211631998344,5.3735067651778765,4.414036689660241,3.5787422756661136,Low
REGION XII,SULTAN KUDARAT,SEN. NINOY AQUINO,11669,0.11003513582997686,0.8802810866398149,0.004199160167966407,46882,0,1,20,0,1,1,100,0.7,0,517.6,0.5501756791498843,22,0.021330148031227337,4.0176536121347155,5.497124806317825,4.380508961078502,3.355294455789606,Low
REGION XIII,AGUSAN DEL NORTE,BUENAVISTA,13670,0.33196781272860276,0.6517190929041697,0.006291148500365764,61614,0,1,25,0,0,8,76.9,0.2,0,3622.7,0.6578273591806876,26,0.12984062063816668,4.507242136064375,7.711196906020189,4.737358137312755,3.262943576087935,High
REGION XIII,AGUSAN DEL NORTE,BUTUAN,74972,0.39728165181667824,0.5894600650909673,0.010043749666542175,337063,7,2,83,0,0,14,76.9,0.2,0,3622.7,0.6920116843621619,92,0.04153526195399673,4.495851784666275,9.410211646559322,4.443074359295821,3.2546977191310984,Low
REGION XIII,AGUSAN DEL NORTE,CARMEN,4628,0.2571305099394987,0.7407087294727744,8.64304235090752e-4,20839,0,1,7,0,0,16,76.9,0.2,0,3622.7,0.6274848746758859,8,0.7677911608042612,4.502808988764045,6.62800980292978,4.775906391589101,3.2597342722456317,High
REGION XIII,AGUSAN DEL NORTE,CABADBARAN,16447,0.48580288198455646,0.5116434608135222,0.0011552258770596462,73639,3,1,19,0,0,84,76.9,0.2,0,3622.7,0.7416246123913175,23,1.1406999008677468,4.477351492673436,7.88940944078803,4.544580161850358,3.2413047379928597,Low
REGION XIII,AGUSAN DEL NORTE,JABONGA,5114,0.23934298005475166,0.7532264372311303,0.007430582714118107,23184,0,1,13,0,0,20,76.9,0.2,0,3622.7,0.6159561986703168,14,0.862663906142167,4.5334376222135315,6.734512151461457,4.786207922588951,3.28190736606695,High
REGION XIII,AGUSAN DEL NORTE,KITCHARAO,4022,0.404027846842367,0.5937344604674292,0.00174042764793635,18659,0,1,11,0,0,21,76.9,0.2,0,3622.7,0.7008950770760816,12,1.1254622434214052,4.639234211834908,6.517666710124908,4.791225228875967,3.3584970615072995,High
REGION XIII,AGUSAN DEL NORTE,LAS NIEVES,5648,0.22060906515580736,0.7779745042492918,0.0010623229461756375,28414,0,1,17,0,0,1,76.9,0.2,0,3622.7,0.6095963172804533,18,0.035193918490884775,5.0308073654390935,6.93771284248454,5.348705290043453,3.6419699852044753,High
REGION XIII,AGUSAN DEL NORTE,MAGALLANES,4460,0.3721973094170404,0.6237668161434977,0.002466367713004484,21007,2,1,5,0,0,11,76.9,0.2,0,3622.7,0.6840807174887893,8,0.5236349788165849,4.710089686098654,6.6360287084799925,4.948518695412876,3.4097917130037536,High
REGION XIII,AGUSAN DEL NORTE,NASIPIT,9079,0.37988765282520104,0.607555898226677,0.008481110254433308,41957,0,1,19,0,0,2,76.9,0.2,0,3622.7,0.6836656019385395,20,0.04766785041828539,4.621323934354003,7.32716283980075,4.8562891863819315,3.3455312116398908,High
REGION XIII,AGUSAN DEL NORTE,REMEDIOS T. ROMUALDEZ,3486,0.3789443488238669,0.6173264486517499,0.0037292025243832474,16058,0,1,7,0,0,2,76.9,0.2,0,3622.7,0.6876075731497419,8,0.12454851164528583,4.606425702811245,6.367784501510249,4.877141321571337,3.334745882731433,High
REGION XIII,AGUSAN DEL NORTE,SANTIAGO,4491,0.34446671120017813,0.6417279002449343,0.012692050768203072,24200,0,1,7,0,0,2,76.9,0.2,0,3622.7,0.6653306613226453,8,0.08264462809917356,5.388554887552884,6.7773524729371175,5.685351587779947,3.900955401098248,High
REGION XIII,AGUSAN DEL NORTE,TUBAY,5180,0.3662162162162162,0.6241312741312741,0.0015444015444015444,24932,0,1,11,0,0,34,76.9,0.2,0,3622.7,0.6782818532818533,12,1.3637092892668057,4.813127413127413,6.807118508850219,4.9663646265787875,3.4843841753906886,High
REGION XIII,AGUSAN DEL SUR,BUNAWAN,10160,0.1781496062992126,0.7898622047244095,0.01909448818897638,45151,2,1,9,0,0,4,76.9,0.2,0,3622.7,0.5730807086614174,12,0.08859161480365883,4.443996062992126,7.4004834751202715,4.817006752597302,3.217157625030937,High
REGION XIII,AGUSAN DEL SUR,BAYUGAN,22438,0.2884838220875301,0.7076833942419111,0.0014707193154470095,103202,2,1,19,0,0,2,76.9,0.2,0,3622.7,0.6423255192084856,22,0.019379469390128096,4.599429539174614,8.226815558002153,4.870583199440116,3.3296811255015633,High
REGION XIII,AGUSAN DEL SUR,ESPERANZA,11459,0.13125054542281175,0.8675277074788376,6.981411990575094e-4,54801,0,1,11,0,0,5,76.9,0.2,0,3622.7,0.5650143991622305,12,0.09123921096330359,4.7823544811938214,7.594071898786464,5.1632130695825245,3.4621066190626903,High
REGION XIII,AGUSAN DEL SUR,LA PAZ,5246,0.07243614182234083,0.9182234083110942,0.007052992756385818,28217,0,1,6,0,0,2,76.9,0.2,0,3622.7,0.531547845977888,7,0.0708792571853847,5.378764773160503,6.930762269758735,5.8143072791398644,3.8938680093182096,High
REGION XIII,AGUSAN DEL SUR,LORETO,8947,0.14194702134793785,0.8562646697216945,0.0013412316977757907,42501,0,1,8,0,0,2,76.9,0.2,0,3622.7,0.5700793562087851,9,0.04705771628902849,4.750307365597407,7.340036745536766,5.1417165007648835,3.4389066384956872,High
REGION XIII,AGUSAN DEL SUR,PROSPERIDAD,18290,0.22186987424822308,0.7627665390924002,0.008146528157463095,82631,1,1,18,0,0,13,76.9,0.2,0,3622.7,0.6032531437944232,20,0.15732594304800862,4.517823947512301,8.004578801762033,4.823421463777388,3.270604103888542,High
REGION XIII,AGUSAN DEL SUR,ROSARIO,10068,0.28774334525228445,0.6833531982518871,0.003675009932459277,46683,0,1,7,0,0,32,76.9,0.2,0,3622.7,0.629419944378228,8,0.6854743696848961,4.636769964243147,7.433831069774638,4.915405406850351,3.356713110122685,High
REGION XIII,AGUSAN DEL SUR,SAN FRANCISCO,16902,0.39232043545142586,0.583126257247663,0.0066264347414507156,74542,1,1,7,0,0,6,76.9,0.2,0,3622.7,0.6838835640752574,9,0.08049153497357195,4.410247308010886,7.901592850008883,4.684905839244356,3.192725770707895,High
REGION XIII,AGUSAN DEL SUR,SAN LUIS,6633,0.08201417156641037,0.9020051258857229,0.003919794964571084,32109,0,1,20,0,0,10,76.9,0.2,0,3622.7,0.5330167345092718,21,0.31143916036002367,4.840796019900497,7.059855538991824,5.198804157879285,3.5044144067392913,High
REGION XIII,AGUSAN DEL SUR,SANTA JOSEFA,5853,0.39415684264479756,0.5938834785580045,0.006321544507090381,26729,0,1,3,0,0,17,76.9,0.2,0,3622.7,0.6910985819237998,4,0.6360133188671481,4.56671792243294,6.876641157087795,4.803625101323995,3.3060000902945457,High
REGION XIII,AGUSAN DEL SUR,SIBAGAT,6632,0.1859167671893848,0.8018697225572979,0.0024125452352231603,30442,0,1,7,0,0,4,76.9,0.2,0,3622.7,0.5868516284680337,8,0.131397411470994,4.590168878166466,7.006589440444756,4.961089251001307,3.3229770227631983,High
REGION XIII,AGUSAN DEL SUR,TALACOGON,8180,0.13691931540342298,0.847799511002445,0.01393643031784841,38374,1,1,10,0,0,18,76.9,0.2,0,3622.7,0.5608190709046454,12,0.4690675978527128,4.69119804400978,7.23795908569777,5.0422851592900315,3.396115420420664,High
REGION XIII,AGUSAN DEL SUR,TRENTO,11783,0.31528473224136466,0.674531104133073,0.0022914368157515063,51565,2,1,7,0,0,9,76.9,0.2,0,3622.7,0.6525502843079012,10,0.17453699214583537,4.376219977934312,7.533238197027509,4.6698380729945,3.168092246541002,High
REGION XIII,AGUSAN DEL SUR,VERUELA,9343,0.1843091084234186,0.8055228513325484,0.00438831210531949,43706,0,1,8,0,0,3,76.9,0.2,0,3622.7,0.5870705340896928,9,0.0686404612638997,4.6779407042705765,7.367976638714106,5.050423199322991,3.386517988059105,High
REGION XIII,DINAGAT ISLANDS,BASILISA,8189,0.34021248015630723,0.6479423617047259,0.008303822200512883,36880,0,1,4,0,0,1,76.9,0.2,0,3622.7,0.6641836610086702,5,0.027114967462039043,4.503602393454634,7.198277454520301,4.81824822524377,3.260308644480414,High
REGION XIII,DINAGAT ISLANDS,CAGDIANAO,3729,0.43416465540359345,0.5307052829176723,0.03486189326897292,16808,0,1,4,0,0,14,76.9,0.2,0,3622.7,0.6995172968624296,5,0.8329366968110424,4.507374631268436,6.413355725609654,4.71424084962822,3.2630394938047793,High
REGION XIII,DINAGAT ISLANDS,DINAGAT,2172,0.4604051565377532,0.5211786372007366,0.01427255985267035,10632,0,1,3,0,0,12,76.9,0.2,0,3622.7,0.7209944751381215,4,1.128668171557562,4.895027624309392,5.956321003790231,5.057703602365103,3.5436744819438286,High
REGION XIII,DINAGAT ISLANDS,LIBJO,4057,0.37170322898693614,0.6265713581464136,4.929751047572097e-4,17760,0,1,5,0,0,180,76.9,0.2,0,3622.7,0.684988908060143,6,10.135135135135135,4.377618930244022,6.468361611937047,3.759736380085846,3.169104994983269,Low
REGION XIII,DINAGAT ISLANDS,LORETO,2228,0.4663375224416517,0.5282764811490126,0.005385996409335727,9309,0,1,2,0,0,15,76.9,0.2,0,3622.7,0.730475763016158,3,1.6113438607798904,4.17818671454219,5.823802298687085,4.291912114837801,3.024729333005303,Low
REGION XIII,DINAGAT ISLANDS,SAN JOSE,5688,0.519690576652602,0.46044303797468356,0.01230661040787623,27487,0,1,6,0,0,6,76.9,0.2,0,3622.7,0.7499120956399438,7,0.21828500745807108,4.8324542897327705,6.904576755825266,5.036392032449921,3.4983755488207304,High
REGION XIII,DINAGAT ISLANDS,TUBAJON,1839,0.3871669385535617,0.610657966286025,0.001087547580206634,8276,0,1,1,0,0,6,76.9,0.2,0,3622.7,0.6924959216965743,2,0.7249879168680522,4.500271886895051,5.706549323397533,4.735456380798167,3.257897579209091,High
REGION XIII,SURIGAO DEL NORTE,ALEGRIA,3402,0.47442680776014107,0.524103468547913,0.0014697236919459142,16011,0,1,6,0,0,11,76.9,0.2,0,3622.7,0.7364785420340976,7,0.6870276684779214,4.7063492063492065,6.364858356914796,4.881570709332957,3.407083854406078,High
REGION XIII,SURIGAO DEL NORTE,BACUAG,2971,0.47021204981487713,0.5294513631773814,3.365870077415012e-4,14486,0,1,4,0,0,18,76.9,0.2,0,3622.7,0.7349377314035679,5,1.2425790418334943,4.875799394143386,6.264946195353872,5.010442068159903,3.5297545219759145,High
REGION XIII,SURIGAO DEL NORTE,BURGOS,910,0.4747252747252747,0.5252747252747253,0,4034,0,1,1,0,0,1,76.9,0.2,0,3622.7,0.7373626373626374,2,0.24789291026276647,4.432967032967033,4.991437428694732,4.666059210801984,3.2091733407203806,High
REGION XIII,SURIGAO DEL NORTE,CLAVER,7201,0.42035828357172617,0.5697819747257326,0.00611026246354673,32773,0,1,11,0,0,1,76.9,0.2,0,3622.7,0.7052492709345924,12,0.030512922222561255,4.551173448132204,7.080306777981092,4.797199362710754,3.294746924604286,High
REGION XIII,SURIGAO DEL NORTE,DAPA,5129,0.3883798011308247,0.6085006823942289,0.0011698186781048938,23787,0,1,5,0,0,10,76.9,0.2,0,3622.7,0.6926301423279392,6,0.4203976962206247,4.637746149346851,6.760158833325654,4.8846915573610685,3.357419803221713,High
REGION XIII,SURIGAO DEL NORTE,DEL CARMEN,3892,0.34121274409044194,0.6300102774922919,0.022353545734840698,18392,0,1,5,0,0,11,76.9,0.2,0,3622.7,0.6562178828365879,6,0.5980861244019139,4.7255909558067835,6.503275337437994,4.9929654790338605,3.4210136014420596,High
REGION XIII,SURIGAO DEL NORTE,GENERAL LUNA,3837,0.4394057857701329,0.5553818087047172,0.001563721657544957,16771,0,1,6,0,0,0,76.9,0.2,0,3622.7,0.7170966901224916,7,0,4.370862653114412,6.411155583486979,4.627169724464666,3.164213899632093,Low
REGION XIII,SURIGAO DEL NORTE,GIGAQUIT,4449,0.3155765340525961,0.6810519217801754,0.0029220049449314453,20864,0,1,5,0,0,7,76.9,0.2,0,3622.7,0.6561024949426838,6,0.3355061349693252,4.689593167003821,6.629207172565257,4.980676883951533,3.3949535961922512,High
REGION XIII,SURIGAO DEL NORTE,MAINIT,5946,0.5623948873192062,0.4276824756138581,0.004709048099562731,26741,0,1,5,0,0,19,76.9,0.2,0,3622.7,0.7762361251261352,6,0.7105194270969672,4.497309115371679,6.877089543986523,4.63460561219657,3.2557527296497,High
REGION XIII,SURIGAO DEL NORTE,MALIMONO,3992,0.5368236472945892,0.46142284569138275,2.50501002004008e-4,18054,0,1,5,0,0,15,76.9,0.2,0,3622.7,0.7675350701402806,6,0.8308408109006314,4.522545090180361,6.484754871226721,4.657697847356997,3.2740218972254644,High
REGION XIII,SURIGAO DEL NORTE,PILAR,2353,0.2690182745431364,0.7297067573310667,8.499787505312367e-4,9752,1,1,4,0,0,6,76.9,0.2,0,3622.7,0.6338716532086698,6,0.6152584085315833,4.14449638759031,5.8701587111706734,4.432611657635111,3.0003397766900686,Low
REGION XIII,SURIGAO DEL NORTE,PLACER,5854,0.5049538776904681,0.49162965493679534,0.0015374103177314656,27094,0,1,4,0,0,19,76.9,0.2,0,3622.7,0.7507687051588657,5,0.7012622720897616,4.628288349846259,6.890190442483385,4.795775973756749,3.3505729853244763,High
REGION XIII,SURIGAO DEL NORTE,SAN BENITO,1184,0.27871621621621623,0.7195945945945946,8.445945945945946e-4,5404,0,1,1,0,0,5,76.9,0.2,0,3622.7,0.6385135135135136,2,0.925240562546262,4.5641891891891895,5.282094057442906,4.8353297916466005,3.3041694555861687,High
REGION XIII,SURIGAO DEL NORTE,SAN FRANCISCO,3160,0.6465189873417722,0.3458860759493671,0.002531645569620253,14552,0,1,6,0,0,0,76.9,0.2,0,3622.7,0.8194620253164557,7,0,4.60506329113924,6.269483345151951,4.758990860071696,3.333759587280921,High
REGION XIII,SURIGAO DEL NORTE,SAN ISIDRO,1574,0.3742058449809403,0.6200762388818297,0.0038119440914866584,7325,0,1,1,0,0,26,76.9,0.2,0,3622.7,0.6842439644218552,2,3.5494880546075085,4.6537484116899615,5.584914194084522,4.643516133587001,3.369004377011866,High
REGION XIII,SURIGAO DEL NORTE,SANTA MONICA,1974,0.42907801418439717,0.5709219858156028,0,8808,1,1,4,0,0,0,76.9,0.2,0,3622.7,0.7145390070921986,6,0,4.462006079027356,5.76864916693973,4.724697633349906,3.23019567897909,High
REGION XIII,SURIGAO DEL NORTE,SISON,2899,0.6119351500517419,0.36529837875129356,0.02173163159710245,13155,0,1,2,0,0,3,76.9,0.2,0,3622.7,0.7945843394273887,3,0.22805017103762829,4.5377716453949635,6.168757847968327,4.711650796194621,3.285044910638899,High
REGION XIII,SURIGAO DEL NORTE,SOCORRO,4409,0.5588568836470855,0.4411431163529145,0,22314,0,1,5,0,0,46,76.9,0.2,0,3622.7,0.7794284418235428,6,2.0614860625616203,5.061011567248809,6.696310412921806,5.073772995889905,3.663835818743193,High
REGION XIII,SURIGAO DEL NORTE,SURIGAO,34572,0.5815978248293416,0.4074684715955108,0.008417216244359597,154137,5,6,18,0,0,16,76.9,0.2,0,3622.7,0.785332060627097,29,0.10380375899362256,4.458434571329399,8.627880780131774,4.551802649614527,3.2276101449100967,Low
REGION XIII,SURIGAO DEL NORTE,TAGANA AN,3733,0.44655772836860436,0.5411197428341816,0.01017948031074203,16428,0,1,4,0,0,4,76.9,0.2,0,3622.7,0.7171175997856951,5,0.24348672997321646,4.400750066970265,6.390525881421425,4.642949740133529,3.1858503997585297,High
REGION XIII,SURIGAO DEL NORTE,TUBOD,3219,0.7011494252873564,0.26654240447343897,0.025784405094749923,14206,0,1,2,0,0,6,76.9,0.2,0,3622.7,0.8344206275240759,3,0.4223567506687315,4.413171792482137,6.245465424207292,4.529772463208871,3.194842902987628,Low
REGION XIII,SURIGAO DEL SUR,BAROBO,10567,0.2957319958360935,0.6999148291851992,0.0014195135800132489,49730,0,1,17,0,0,5,76.9,0.2,0,3622.7,0.6456894104286931,18,0.10054293183189222,4.706160688937257,7.497023163004046,4.982152729353543,3.4069473803361854,High
REGION XIII,SURIGAO DEL SUR,BAYABAS,1710,0.2649122807017544,0.7350877192982456,0,8164,0,1,5,0,0,9,76.9,0.2,0,3622.7,0.6324561403508772,6,1.1024007839294465,4.7742690058479536,5.692969410288808,5.020033846787156,3.4562532725942763,High
REGION XIII,SURIGAO DEL SUR,CAGWAIT,4319,0.23222968279694373,0.7668441768927993,9.261403102570039e-4,20384,0,1,10,0,0,14,76.9,0.2,0,3622.7,0.6156517712433434,11,0.6868131868131868,4.719611021069692,6.605963377426083,5.000138464714518,3.416684526356501,High
REGION XIII,SURIGAO DEL SUR,CANTILAN,6960,0.36278735632183906,0.6359195402298851,0.001293103448275862,31492,2,1,5,0,0,4,76.9,0.2,0,3622.7,0.6807471264367816,8,0.12701638511367966,4.524712643678161,7.040469547351548,4.802134348242373,3.275591061816131,High
REGION XIII,SURIGAO DEL SUR,CARMEN,2314,0.3833189282627485,0.6162489196197062,0,10347,0,1,7,0,0,9,76.9,0.2,0,3622.7,0.6914433880726016,8,0.8698173383589446,4.471477960242005,5.929220626027626,4.671384425680996,3.2370526911008737,High
REGION XIII,SURIGAO DEL SUR,CARRASCAL,5003,0.3032180691585049,0.6963821706975815,0,22479,0,1,9,0,0,1,76.9,0.2,0,3622.7,0.6514091545072956,10,0.044485964678144044,4.49310413751749,6.703668600242481,4.799459745264003,3.2527086053131944,High
REGION XIII,SURIGAO DEL SUR,BISLIG,20952,0.2801641848033601,0.709717449408171,0.009116074837724322,94535,3,3,35,0,0,20,76.9,0.2,0,3622.7,0.6350229095074456,41,0.21156185539747183,4.511979763268423,8.139121975375165,4.699238205014703,3.2663733031326965,High
REGION XIII,SURIGAO DEL SUR,TANDAG,12014,0.3194606292658565,0.6762110870650907,0.002830031629765274,56364,1,1,12,0,0,3,76.9,0.2,0,3622.7,0.6575661727984019,14,0.05322546306152864,4.691526552355585,7.622180153294587,4.97546793276714,3.3963532386173085,High
REGION XIII,SURIGAO DEL SUR,CORTES,3520,0.35170454545454544,0.6474431818181818,5.681818181818182e-4,15912,0,1,5,0,0,23,76.9,0.2,0,3622.7,0.6754261363636364,6,1.4454499748617395,4.5204545454545455,6.358666619876377,4.692508144411427,3.2725084818646515,High
REGION XIII,SURIGAO DEL SUR,HINATUAN,8750,0.15782857142857143,0.8397714285714286,0.0024,39842,1,1,20,0,0,191,76.9,0.2,0,3622.7,0.5777142857142857,22,4.79393604738718,4.553371428571428,7.275474086935775,4.460258194528948,3.2963381162771603,Low
REGION XIII,SURIGAO DEL SUR,LANUZA,2721,0.2826166850422639,0.7170158030135979,3.675119441381845e-4,12001,0,1,13,0,0,2,76.9,0.2,0,3622.7,0.6411245865490629,14,0.16665277893508876,4.410510841602352,6.0771472332370635,4.700552871264148,3.192916551503201,High
REGION XIII,SURIGAO DEL SUR,LIANGA,6208,0.17316365979381443,0.8224871134020618,0.0020940721649484535,29493,0,1,12,0,0,4,76.9,0.2,0,3622.7,0.5844072164948453,13,0.1356254026379141,4.750805412371134,6.974948302246927,5.104332081911192,3.439267191239886,High
REGION XIII,SURIGAO DEL SUR,LINGIG,6965,0.12907394113424264,0.8595836324479541,0.011342426417803302,31485,0,1,18,0,0,33,76.9,0.2,0,3622.7,0.5588657573582196,19,1.0481181515007145,4.52045944005743,7.040247438666121,4.794240630806189,3.2725120252316504,High
REGION XIII,SURIGAO DEL SUR,MADRID,3495,0.5113018597997139,0.4886981402002861,0,15223,1,1,13,0,0,30,76.9,0.2,0,3622.7,0.7556509298998569,15,1.9707022268935166,4.355650929899857,6.314478893701276,4.365285149340672,3.153201623600369,Low
REGION XIII,SURIGAO DEL SUR,MARIHATAG,3668,0.28735005452562706,0.7121046892039259,2.726281352235551e-4,18518,0,1,11,0,0,6,76.9,0.2,0,3622.7,0.64340239912759,12,0.32400907225402314,5.048527808069792,6.510092585715151,5.329985909076983,3.654798407264303,High
REGION XIII,SURIGAO DEL SUR,SAN AGUSTIN,4548,0.29199648197009676,0.7058047493403694,0.0021987686895338612,22779,0,1,10,0,0,1,76.9,0.2,0,3622.7,0.6448988566402815,11,0.043900083410158476,5.008575197889182,6.71690996718364,5.317603992606513,3.625875374331664,High
REGION XIII,SURIGAO DEL SUR,SAN MIGUEL,7918,0.1202323819146249,0.8797676180853751,0,39340,0,1,14,0,0,4,76.9,0.2,0,3622.7,0.5601161909573125,15,0.10167768174885612,4.968426370295529,7.262803101877105,5.341539452775319,3.5968102930403894,High
REGION XIII,SURIGAO DEL SUR,TAGBINA,8318,0.2503005530175523,0.743327723010339,0.0019235393123346958,38833,0,1,23,0,0,1,76.9,0.2,0,3622.7,0.6219644145227218,24,0.025751294002523628,4.668550132243328,7.2498408435009365,4.95161287158821,3.37971983838196,High
REGION XIII,SURIGAO DEL SUR,TAGO,7852,0.16874681609780948,0.8311258278145696,1.2735608762098828e-4,35329,0,1,11,0,0,2,76.9,0.2,0,3622.7,0.5843097300050942,12,0.056610716408616146,4.499363219561895,7.155345044533137,4.863992444952705,3.2572397644860254,High
